486dd80d22f94a5496b3e670b19399a7,75efe5ddef364f49865d9bb283492b48,d9b70c4ed8bb4fc5957ecebf102528ee,57430214baf045cb92fa3b3b70a4ca3f,55c0b899937042c98162389b209aca7f,e79ae27b52fa4d54aa37735fd275c66e,0568345606fa4a2c84ed4ea6c74639ee,e903085a3f944ad2a41c37306b4e6ab4,78d0265d47df4f4cb7153da919763730,f12e9e5805534d719f829332d1ea5d29,7d0190486da540718e4dc4ca4bd1f573
9e1bede2ba464377897f1d482b7c49ae,75efe5ddef364f49865d9bb283492b48,d9b70c4ed8bb4fc5957ecebf102528ee,57430214baf045cb92fa3b3b70a4ca3f,e79ae27b52fa4d54aa37735fd275c66e,72a7e2ce22d045efbdbbab9c68f5d026,dcfb738ebbc24f09bb680fe3a52b702e,45f4192f485a49d9a75219ae4d0c41ee,c4e79c8992e54866b0c6f26c55b1a774,e903085a3f944ad2a41c37306b4e6ab4,7d0190486da540718e4dc4ca4bd1f573
a1595c1d280449abbff7742dcdc90b72,13e659415ac84c7a81fc769111d43417,f439b5616ba24b7f82eccfa095a0eff8,c3502ff31ce6459a96164c934f297562,cc243eebbb2b44a581745865a60c423a,cf293392122347a180cf2126f4589acb,0c889c151e094b948c13b0275e660a9c,245212a659504b9b9cdbaf1ab1d040ff,dd77b570036f40de9fdf49011bb9e2d8,5abf57d57d84440e94d0d2e2ffb37575,6ea31a945d494834a3d243f1f90af02a
58c2bd09ab0c4a56ad05b91a3de36417,23199e1859544647893a97ea365c5c83,cb75c6ef71cb4991805920f2894e0e96,7d0190486da540718e4dc4ca4bd1f573,dee9eddb2eac41bfaf36d3279d43674a,6400e3f6a14c492ba399bd414faca075,9c69642fab6749848e7ea7f5406a6da4,984058b7165d4c6385bec3c94afa9fb2,7fe9e665bf41491c9788941aa2894a10,e3854d75221c4e38879a6106bb5c1941,105ad424733e4cffa7c474b51e3980aa
4d5ef36361734ccdae5d52098bf0123f,23199e1859544647893a97ea365c5c83,cb75c6ef71cb4991805920f2894e0e96,7d0190486da540718e4dc4ca4bd1f573,dee9eddb2eac41bfaf36d3279d43674a,6400e3f6a14c492ba399bd414faca075,9c69642fab6749848e7ea7f5406a6da4,7fe9e665bf41491c9788941aa2894a10,984058b7165d4c6385bec3c94afa9fb2,105ad424733e4cffa7c474b51e3980aa,f37d285ad0de42f0b1546d0d1acfb221
4d78e6316a014332815f66e59a8a4099,34b736136487439389c10cc6bd4e9f4e,211ef3181e524685866fb8574d9bf456,23a16d69ffe848d593a4808907d8aa98,7d0190486da540718e4dc4ca4bd1f573,52ee59901f3b4de884d7a6720538aed6,67dd23cfd20f46dc82acc82c108a1dc6,3c0f3b44c0844df49b5898406fe9195a,6bedb2d6ace34e18811b7f1206b2d1b0,e3854d75221c4e38879a6106bb5c1941,b277101390e1465685ef79bf3519f8d7
4e7bd3e813564642929978bfa51f30c7,34b736136487439389c10cc6bd4e9f4e,211ef3181e524685866fb8574d9bf456,23a16d69ffe848d593a4808907d8aa98,52ee59901f3b4de884d7a6720538aed6,7d0190486da540718e4dc4ca4bd1f573,e3854d75221c4e38879a6106bb5c1941,3c0f3b44c0844df49b5898406fe9195a,97959d02a64f4a3fbbebe7cbece6c012,b277101390e1465685ef79bf3519f8d7,67dd23cfd20f46dc82acc82c108a1dc6
f25af2430f9345bebb1d841e5867c08d,41e657daa20545a588584578bdb4101c,0971af4212484a958eb0f60f93d1dfe0,70558882c04e46bd99d15e9786468418,e3854d75221c4e38879a6106bb5c1941,43ee0103cba54b4e9d165717735ca0f6,8d595c7da42545c88052e7b213b6c97c,cc243eebbb2b44a581745865a60c423a,c36ef11228124c438ed3256c9822b03d,590df34aa41f46e9ad13ffc6a98da3b7,1027a336232c4454a9c4ae450a562788
44b22297fb9049d682c5ca2921bfc8fa,41e657daa20545a588584578bdb4101c,0971af4212484a958eb0f60f93d1dfe0,70558882c04e46bd99d15e9786468418,e3854d75221c4e38879a6106bb5c1941,43ee0103cba54b4e9d165717735ca0f6,c36ef11228124c438ed3256c9822b03d,8d595c7da42545c88052e7b213b6c97c,590df34aa41f46e9ad13ffc6a98da3b7,1027a336232c4454a9c4ae450a562788,c4e79c8992e54866b0c6f26c55b1a774
115a8b58da1343fd928c9b8e89d40878,fbfaa119f55a477984e42d80498f54d3,3138244ae91040948d5bd6772e4075ea,52ee59901f3b4de884d7a6720538aed6,25109e3a7df549e5b380aae716d71366,7326afe68eb64b63993b3dae022c645d,b5f237fefb38465bb6a068c9cf75ba31,00fb3a55134242769182c520d55681a2,db13ed5446be46269dff3de3c1bf2660,f532294d68604bc2aa9ad8804a8c6d5f,19593c97fef0474dbe6051e28338f1e9
dcb5bc6262f24669a59aadae1fe8a9c6,fbfaa119f55a477984e42d80498f54d3,3138244ae91040948d5bd6772e4075ea,52ee59901f3b4de884d7a6720538aed6,7326afe68eb64b63993b3dae022c645d,19593c97fef0474dbe6051e28338f1e9,f532294d68604bc2aa9ad8804a8c6d5f,02641488de414b72b63f62b40200b101,bbdf9065122d499d9d8f80ad3e0ef6f3,434551fdf9e443ed91679a9557ae6fd5,6ae72ad649c54129b992d321f8f29122
16bb236a08d141388ef98f19a4ca335b,0accd1d0138b49049d437c0d9b1c23c3,3766b26b53874893ae48693880e1942c,59f62d35b1ad451397b700b3dad25448,e7ee85dd47ca43eeb2fdcd70b802f0ec,ed4449952a9e45339b76fc5f123cb917,df0c94234d9d4890b5b4b95c441b3e9a,35d06fce2df446569702778e2250bd82,295d0d40791245ff838c73a2aa27d065,98b2022b2cb84af09ee8b789db928b13,2f0401170d104b47b0a8f087f69dee88
6bb81302398a41f3a58838ff31bdb0f8,0accd1d0138b49049d437c0d9b1c23c3,3766b26b53874893ae48693880e1942c,59f62d35b1ad451397b700b3dad25448,e7ee85dd47ca43eeb2fdcd70b802f0ec,ed4449952a9e45339b76fc5f123cb917,35d06fce2df446569702778e2250bd82,df0c94234d9d4890b5b4b95c441b3e9a,295d0d40791245ff838c73a2aa27d065,98b2022b2cb84af09ee8b789db928b13,4c36aafaf38f4e9e9e09991737196fe1
efa58554232841b693eb71ccc7417f3d,57bcda73abab44ee930b20cdaee9d24b,59f62d35b1ad451397b700b3dad25448,e7ee85dd47ca43eeb2fdcd70b802f0ec,599feb1e512c43ad8c0a1845922acf78,54e9bbd0093947a3bda5fef48ef7493d,3e59b61eb70146308db2308b988b54cf,39e2b00e1cbd471488cf56f31d2cec7f,2f0401170d104b47b0a8f087f69dee88,295d0d40791245ff838c73a2aa27d065,f532294d68604bc2aa9ad8804a8c6d5f
9b715a377ba548f682027f97bfd90fef,57bcda73abab44ee930b20cdaee9d24b,59f62d35b1ad451397b700b3dad25448,e7ee85dd47ca43eeb2fdcd70b802f0ec,599feb1e512c43ad8c0a1845922acf78,3e59b61eb70146308db2308b988b54cf,54e9bbd0093947a3bda5fef48ef7493d,2f0401170d104b47b0a8f087f69dee88,39e2b00e1cbd471488cf56f31d2cec7f,295d0d40791245ff838c73a2aa27d065,f532294d68604bc2aa9ad8804a8c6d5f
1423a1c6689d4577818b5aa7d4dce019,ef511457ee7c490c8e10eccf6e18fef6,74de04f31db94a99b757685c91779412,dd36cc0867b94d55a43b82c1c9a0e95c,94ed54abfdc74b04b0dcb19c278e66f4,3d3e8565d2f84e0cad5ae622f2909765,54e9bbd0093947a3bda5fef48ef7493d,c36ef11228124c438ed3256c9822b03d,4c36aafaf38f4e9e9e09991737196fe1,a4af9472683c4df0a86f9400c99c2b61,cdd73e0289aa4e2b87cd14e6ff5bd75e
dd907a79f4e744e2851eafcd9227e602,74de04f31db94a99b757685c91779412,cdd73e0289aa4e2b87cd14e6ff5bd75e,ef511457ee7c490c8e10eccf6e18fef6,04d24d1cf42b4f7787d8d300cbad6d50,d9b70c4ed8bb4fc5957ecebf102528ee,eeb3b60f34af40de850e065b475d8180,94ed54abfdc74b04b0dcb19c278e66f4,5c644b51b1394a7b8fa0a9a6275c422d,a2612682d9854a30a7684c91c8619ec9,8fca2e4873e946f7a788af2b846cebd7
7c541d4fc72e49c0ab64a3c1d0fd1c08,74de04f31db94a99b757685c91779412,ef511457ee7c490c8e10eccf6e18fef6,cdd73e0289aa4e2b87cd14e6ff5bd75e,04d24d1cf42b4f7787d8d300cbad6d50,d9b70c4ed8bb4fc5957ecebf102528ee,94ed54abfdc74b04b0dcb19c278e66f4,eeb3b60f34af40de850e065b475d8180,75efe5ddef364f49865d9bb283492b48,21eb9f06dd834a108d816efdf3aca8dc,1419b2c686f44896a0ae2a43e93b5402
518c046dd36b449fab3f0ffe249b1282,898eabaaa1a047e18aecbb1c5a8decbf,7f5b658239034d35b7f4cf1c63cb388c,27fe100af7884932a33bf30f10dacc55,10b152bdafe94db8a93f7c374226a071,40f040fd5c824c8e8e710af1fdf70b5f,aaab880f032a4e00904cf50566164044,ec5fe0d3a2a2426ea4e49a5c0ad44e04,08ecf89bc10942a4bd894482f6fcdfa7,ee337b5c1ef3431e9c120250bfec4cac,d445ccdb4cda497e9f0343a3298022d2
623639be18e04aeba2e0129efe84aab8,40f040fd5c824c8e8e710af1fdf70b5f,10b152bdafe94db8a93f7c374226a071,aaab880f032a4e00904cf50566164044,b83013f4c5524232814efa0f8651867f,898eabaaa1a047e18aecbb1c5a8decbf,bbdf9065122d499d9d8f80ad3e0ef6f3,7f5b658239034d35b7f4cf1c63cb388c,93bf0b86be094f68a9d308ca5ecfb4e3,009be1c3430743ff9b054bdfcd6228d6,b23a9c50eada4286a4f7ce8668b92db1
12c13948584341d6a5e45dde227253f8,898eabaaa1a047e18aecbb1c5a8decbf,7f5b658239034d35b7f4cf1c63cb388c,27fe100af7884932a33bf30f10dacc55,10b152bdafe94db8a93f7c374226a071,40f040fd5c824c8e8e710af1fdf70b5f,aaab880f032a4e00904cf50566164044,ec5fe0d3a2a2426ea4e49a5c0ad44e04,beccee3a988f48c1ad207e2380766fa4,08ecf89bc10942a4bd894482f6fcdfa7,ee337b5c1ef3431e9c120250bfec4cac
4d070f30ba5d4a11b0b78073f47f11a8,40f040fd5c824c8e8e710af1fdf70b5f,10b152bdafe94db8a93f7c374226a071,aaab880f032a4e00904cf50566164044,b83013f4c5524232814efa0f8651867f,898eabaaa1a047e18aecbb1c5a8decbf,bbdf9065122d499d9d8f80ad3e0ef6f3,93bf0b86be094f68a9d308ca5ecfb4e3,7f5b658239034d35b7f4cf1c63cb388c,5e199f7727cc4910ad88dbd81ed1ec82,009be1c3430743ff9b054bdfcd6228d6
a376e7d651454d5490a6836fdcfbb986,ce4fdd5499f8498793c11e586f7da70c,da61d9bc8f024a4aba18d5c3072b7838,1aaf8edc37ea412b85e3d1b5c5317051,5cf392f15360460bae6a6b0182bb99b9,250d411ae270441085be3501b7b55d86,fadf133e0e684a24ac79b5fa9515bac2,36ac84a73ad34261ad45cf569edb60af,df0c94234d9d4890b5b4b95c441b3e9a,c84deec0ecf843c39f52d4cb8e7300f8,d75a52d716984f318f976bbfc7bee787
127639f543af45dba72da3cecff7c65a,da61d9bc8f024a4aba18d5c3072b7838,1aaf8edc37ea412b85e3d1b5c5317051,c3f66637872c4141ab3898296739457d,812a1568c77d46e695f8eb7357e24a0e,a64f6232ee1e4357937008a327a63cf4,eee7f32249c5452ea36c8ed3a3540010,fadf133e0e684a24ac79b5fa9515bac2,c756409435634fc48c643a64e73c93ce,342aaa81ed004635bbf9cbc2592cd7b6,ca1a2a6308834baba3140b5ce8f81320
c91c2c649312417aa86fe0975f437d9f,da61d9bc8f024a4aba18d5c3072b7838,c3f66637872c4141ab3898296739457d,1aaf8edc37ea412b85e3d1b5c5317051,a64f6232ee1e4357937008a327a63cf4,812a1568c77d46e695f8eb7357e24a0e,009be1c3430743ff9b054bdfcd6228d6,fadf133e0e684a24ac79b5fa9515bac2,00e9d4081c2f45d1a818bfeab099863a,13cda6e8f2d948eeb5508288a172e76f,eee7f32249c5452ea36c8ed3a3540010
06975950c6134fdfb4b0ed6a5cf0a50d,ce4fdd5499f8498793c11e586f7da70c,da61d9bc8f024a4aba18d5c3072b7838,c3f66637872c4141ab3898296739457d,36ac84a73ad34261ad45cf569edb60af,3c0f3b44c0844df49b5898406fe9195a,211ef3181e524685866fb8574d9bf456,67dd23cfd20f46dc82acc82c108a1dc6,b2992fe473124dd0b895cf81f59f6db6,5cf392f15360460bae6a6b0182bb99b9,f65c7f50929f431dbf31b441d87616d0
8b60f7f0b86c4168ad03970ab04f5e6f,6b4676aba2a746b3ab778315afc8ee82,a2612682d9854a30a7684c91c8619ec9,74644c8cc17449cf89379868e7b21398,514537782f6549c488a1b932939b4128,f31e9fdffaa642ed98e91b07a30f3a8c,5c644b51b1394a7b8fa0a9a6275c422d,e88ce4cd350f43398a5c0ab8629cee72,da88fa5efc674368b593444ca950dff9,556743bab70d4b75bafcf192fef95b16,c65af18670ea437c8986884645b3afe9
514ebe94b40c403482de042102289b46,6b4676aba2a746b3ab778315afc8ee82,a2612682d9854a30a7684c91c8619ec9,514537782f6549c488a1b932939b4128,74644c8cc17449cf89379868e7b21398,f31e9fdffaa642ed98e91b07a30f3a8c,5c644b51b1394a7b8fa0a9a6275c422d,2639b6540bda414f8a9baa3b5cdb612a,c65af18670ea437c8986884645b3afe9,556743bab70d4b75bafcf192fef95b16,b23a9c50eada4286a4f7ce8668b92db1
543ddcbf2bd941a58120dad59c45ceb0,51c6049a18b84ee381d0512e40b67c0e,e2769c67dadd4c988f7ccf249a998a56,7ef653f7e5f64e1b8bba73b9518b87b7,a2612682d9854a30a7684c91c8619ec9,878e5c41be5c477e9f660ca361fdd727,74644c8cc17449cf89379868e7b21398,c3502ff31ce6459a96164c934f297562,cb550e5ff4694fe9a19eaa6588cef250,f3fddb55448a46778b5d807642cceb71,5c644b51b1394a7b8fa0a9a6275c422d
107e548bacc844d38e74d9d3d4c6daef,f12e9e5805534d719f829332d1ea5d29,e5a3c8867e44498d9182e8be934e0fce,d695b7afdc3841a28a56df578e56afce,cf7476d6c96b4dcdb6f025b9291eb62b,8dfe01febd46475ab5aef97033716ce1,e12ad1ce8e7940a999b9a4f91a95fab7,0568345606fa4a2c84ed4ea6c74639ee,636c21e19a5845e1b8d69a5fca928030,514537782f6549c488a1b932939b4128,9bf3b77eb9874f5f9e006a9cff111ea9
2b96b856fb814e1ea13121869bdfba59,7226603f024c45c6a6e44b00e52e8aad,e12ad1ce8e7940a999b9a4f91a95fab7,0568345606fa4a2c84ed4ea6c74639ee,daed5458403e49e3aea72f4bcc6dd224,e5a3c8867e44498d9182e8be934e0fce,f1c9c5051bdd4a11a064260bbb9d6d7b,ccb62901750b4d13a922fc161b607f83,f5a9583711fc4ff4a46e85c24886b234,55c0b899937042c98162389b209aca7f,2ece45504eff42469c104dc2a2d03caf
b2bd2aeb78c846db8046a83ff0fa2cd1,7226603f024c45c6a6e44b00e52e8aad,e12ad1ce8e7940a999b9a4f91a95fab7,daed5458403e49e3aea72f4bcc6dd224,e5a3c8867e44498d9182e8be934e0fce,0568345606fa4a2c84ed4ea6c74639ee,f1c9c5051bdd4a11a064260bbb9d6d7b,f5a9583711fc4ff4a46e85c24886b234,2ece45504eff42469c104dc2a2d03caf,55c0b899937042c98162389b209aca7f,df7ea50171af48df81584ab7e8107d15
dba7a96eede9465fb56a4f743a85c9c0,f12e9e5805534d719f829332d1ea5d29,e5a3c8867e44498d9182e8be934e0fce,d695b7afdc3841a28a56df578e56afce,cf7476d6c96b4dcdb6f025b9291eb62b,8dfe01febd46475ab5aef97033716ce1,e12ad1ce8e7940a999b9a4f91a95fab7,0568345606fa4a2c84ed4ea6c74639ee,636c21e19a5845e1b8d69a5fca928030,514537782f6549c488a1b932939b4128,f1c9c5051bdd4a11a064260bbb9d6d7b
95a37fbd9d724d448e13f4ffabbe0274,eee7f32249c5452ea36c8ed3a3540010,c4b9d7a8d5d342459d2282589b3af293,191b01e1728e4583a8ead5a86db27370,e1c63000ace94c1d9381d82389fe6afd,ca1a2a6308834baba3140b5ce8f81320,32aaca2a732f4272b237374d3cdeec90,1232f20e710b448e8c0538b9e84dab1c,99ba4cc9355f4d79a68bc69ac12a716f,1aef014473b84ef9a0f799114fe516c9,643fbbdd6b764ba9904a4ee67a86b9fd
e365a82950b3437a9ffd8bbebb0713a8,c4b9d7a8d5d342459d2282589b3af293,eee7f32249c5452ea36c8ed3a3540010,e1c63000ace94c1d9381d82389fe6afd,191b01e1728e4583a8ead5a86db27370,ca1a2a6308834baba3140b5ce8f81320,32aaca2a732f4272b237374d3cdeec90,1232f20e710b448e8c0538b9e84dab1c,1aef014473b84ef9a0f799114fe516c9,99ba4cc9355f4d79a68bc69ac12a716f,5e2f1a45f7174f1aa39a194179985876
5fe3bf5786b54f9f8d85861573fc9d2f,a70909d3ce0d4235913b5ce6a138dcce,6fc7a2cf0684475a82f6ff9be2c8e850,ca1a2a6308834baba3140b5ce8f81320,e4fcd30261804b089efa940359057ba2,9daaefe080b34656a0c7a54d2d6a1713,0433768f874042a5b2d2e37ad9deae13,cb32ec9a538a4c0f8462771946ced93b,e8f18e4bdf054390a1768978dca8e430,4e7ee74be72a461fa02fa61bee62bdcc,c588868fc3fd4e87a7cddf1ceb00b022
be8193e46ed74126aa2fa3bd4d20feb7,4e4495962a9b4864882397042f1a2b3e,78809cb3c6b841a9b8b132133dd6bb96,724a3f6551e74ad585bdeac9a75fd639,059a284910e849efbbc7073b8681409f,4926607aafe749538c930e108275547e,65e30dd62cfa4dccb9ea4d908a9d6fab,434551fdf9e443ed91679a9557ae6fd5,71c1a8479b194efca65b44fb7f327afb,be9e713988ba4bbba869885cad419259,514537782f6549c488a1b932939b4128
0d39327b000c4d44854a7870268edacc,b23a9c50eada4286a4f7ce8668b92db1,88f796c14d184ecfaa5b0109161db259,00e9d4081c2f45d1a818bfeab099863a,1a842f077119475794cc2de48e154374,643fbbdd6b764ba9904a4ee67a86b9fd,cae139b6e4914ce7b0ef1e68b8b857eb,1d93c07de74c482ebf0a76ec564c3252,da88fa5efc674368b593444ca950dff9,3138244ae91040948d5bd6772e4075ea,63eab812f3254cccb9631b09725aec3d
e0e982cb170f440b970c9d9d1946f9dd,4e4495962a9b4864882397042f1a2b3e,8683a3ad55d84a78834fabe20cde5269,65e30dd62cfa4dccb9ea4d908a9d6fab,26e55eb4d910464497d700bfdf5a36ca,3aa003c1e31b476e999c3a808a1d5dc6,724a3f6551e74ad585bdeac9a75fd639,b6c493a3666c4db193e86c79faf099ab,be9e713988ba4bbba869885cad419259,f464960d2dbc43c0970c60600bd7f1cd,8fdee0611965465eb45387b8c39f4136
e0249c6a39824516a1c3d7d3d47dfde9,78809cb3c6b841a9b8b132133dd6bb96,8683a3ad55d84a78834fabe20cde5269,724a3f6551e74ad585bdeac9a75fd639,26e55eb4d910464497d700bfdf5a36ca,4926607aafe749538c930e108275547e,059a284910e849efbbc7073b8681409f,8fdee0611965465eb45387b8c39f4136,be9e713988ba4bbba869885cad419259,65e30dd62cfa4dccb9ea4d908a9d6fab,f92d16d3a970487094292439c3e00923
1c0381823ed0499e8e96e4cfd8b9a64a,9c69642fab6749848e7ea7f5406a6da4,52ee59901f3b4de884d7a6720538aed6,daed5458403e49e3aea72f4bcc6dd224,d476be2399b7424a88d242b771c32041,590df34aa41f46e9ad13ffc6a98da3b7,f69dcaceb6074ddebfe1dc7e5978fcff,b52468fc0af2435f9ba91939f72bbf6a,cb75c6ef71cb4991805920f2894e0e96,df0c94234d9d4890b5b4b95c441b3e9a,6fc7a2cf0684475a82f6ff9be2c8e850
2282d8cf50554304ab195b1a53c7d9f3,ec07b4e88bea4086a5eafed96d81edb5,0bd1cce9370a461089e25393086800a8,7326afe68eb64b63993b3dae022c645d,fadf133e0e684a24ac79b5fa9515bac2,590df34aa41f46e9ad13ffc6a98da3b7,eff24b01b2f5428baa4c3fef6cb40d41,1ad0cf33e96243888d5f970195a75586,df0c94234d9d4890b5b4b95c441b3e9a,67dd23cfd20f46dc82acc82c108a1dc6,1004b33e3126472faa78e1929ed974e6
c4f8a865ba2744e0b7c4701468c16ca4,ec07b4e88bea4086a5eafed96d81edb5,fadf133e0e684a24ac79b5fa9515bac2,590df34aa41f46e9ad13ffc6a98da3b7,0bd1cce9370a461089e25393086800a8,1ad0cf33e96243888d5f970195a75586,7326afe68eb64b63993b3dae022c645d,df0c94234d9d4890b5b4b95c441b3e9a,f439b5616ba24b7f82eccfa095a0eff8,1027a336232c4454a9c4ae450a562788,6c51b4f57ba0415f994756e944b11cee
2f5d7dabbac54943ab9522573ada0736,6f8d80f8673144dfa7a4e09190442ab3,baad022010b44fad8d8410869d909fd1,051d304b7139431fb3bff19b4e75aff7,2070754bb5dd4a248be9c2a6a1a9d381,dbf0926f9f344f1d88b114660db4d2eb,5cf392f15360460bae6a6b0182bb99b9,35d06fce2df446569702778e2250bd82,664da77d25e74df693eaad44a5e7617f,db2466dc7da64ac5a2a21c20ace67856,812a1568c77d46e695f8eb7357e24a0e
3d2b131349684742968cd2b214a13f76,a64f6232ee1e4357937008a327a63cf4,ec07b4e88bea4086a5eafed96d81edb5,6c51b4f57ba0415f994756e944b11cee,6c874292dbcc49ff8bb8bbe5643593a5,7ec1584e9a5b49eab9ef249143d9bb86,f37d285ad0de42f0b1546d0d1acfb221,ff51ca928cd54f4da620c27983e221f8,b277101390e1465685ef79bf3519f8d7,52ee59901f3b4de884d7a6720538aed6,eff24b01b2f5428baa4c3fef6cb40d41
e542409acd694eab90192399d89ccb4c,6f8d80f8673144dfa7a4e09190442ab3,baad022010b44fad8d8410869d909fd1,051d304b7139431fb3bff19b4e75aff7,f2cfa68a47ce4a43a0fe1cc7dc860418,2070754bb5dd4a248be9c2a6a1a9d381,0b57f893483647c3aed811775a4c4c04,664da77d25e74df693eaad44a5e7617f,e5a3c8867e44498d9182e8be934e0fce,2939ef012c5c4a1b94b49df9469dfb3c,da14e9dc2c3d4963b725de8102de5028
317db6fcd5d1443fb6271acc6ec8fe3e,a64f6232ee1e4357937008a327a63cf4,ec07b4e88bea4086a5eafed96d81edb5,6c51b4f57ba0415f994756e944b11cee,7ec1584e9a5b49eab9ef249143d9bb86,6c874292dbcc49ff8bb8bbe5643593a5,ff51ca928cd54f4da620c27983e221f8,f37d285ad0de42f0b1546d0d1acfb221,52ee59901f3b4de884d7a6720538aed6,b277101390e1465685ef79bf3519f8d7,eff24b01b2f5428baa4c3fef6cb40d41
b0553ed82597421aabe852652c5915d7,174581fc299840e18e827432c0cce4dc,d9b97376c5e44d8786f861a5788af644,78d0265d47df4f4cb7153da919763730,f69bf682935e47e1b4c72d237becd13a,eff24b01b2f5428baa4c3fef6cb40d41,b585a2970e9f421da236241f603883f2,5a9a716f53364389864a4018d9e9c6c0,99830b8da7c24f909914f7bb167f3ea6,c78547bdc2e64ac8935559f7de2efd41,8228c9eb29a542ba98c8b9b854eadaa4
8c59bfc1aa7b42cf882806e395ee4fec,174581fc299840e18e827432c0cce4dc,d9b97376c5e44d8786f861a5788af644,78d0265d47df4f4cb7153da919763730,f69bf682935e47e1b4c72d237becd13a,eff24b01b2f5428baa4c3fef6cb40d41,7d0190486da540718e4dc4ca4bd1f573,99830b8da7c24f909914f7bb167f3ea6,6c6de17135be4f8c9423be633eaefcd4,91f9f8576e5142a49926bd623b0bc19c,01bbbf1caa554d94b5decb69cc1add41
deb7d97e50b24c63943a8af997d083f8,6dc5832f0ac04df2bd99c6415b3ecf09,590df34aa41f46e9ad13ffc6a98da3b7,6c51b4f57ba0415f994756e944b11cee,b9228fdb5f0c413d81cffb51829d95c6,eff24b01b2f5428baa4c3fef6cb40d41,2ea3b46262e649f79900258cd90cce31,3b7d56c26da14b3a9b1cd52b5b35891b,f37d285ad0de42f0b1546d0d1acfb221,0092d1d820c64646b8bee9fd14f77acf,c65af18670ea437c8986884645b3afe9
8ffc24d118e54740a39563141f642fd9,6dc5832f0ac04df2bd99c6415b3ecf09,590df34aa41f46e9ad13ffc6a98da3b7,6c51b4f57ba0415f994756e944b11cee,b9228fdb5f0c413d81cffb51829d95c6,2ea3b46262e649f79900258cd90cce31,0092d1d820c64646b8bee9fd14f77acf,eff24b01b2f5428baa4c3fef6cb40d41,e1c63000ace94c1d9381d82389fe6afd,d9ac372330a4446886fa19bac0d19877,174581fc299840e18e827432c0cce4dc
ff75e5d8a9bb46c9b12855ec33529f3f,d53fa54d5536463ab0d87648dfc5fd78,c2b49382e2f34b1c90013236a5fbaef0,268f8ec9f2734029a8e75857db56ccb3,d9b97376c5e44d8786f861a5788af644,5e0a2bc284cf4002914ae4e6aaef41e8,b585a2970e9f421da236241f603883f2,f69bf682935e47e1b4c72d237becd13a,3e923b6e3ceb4901b77c9a18729546eb,5605fa1188974644937bbf92fec50e21,b44645c11ece4326a45f50fdc5d45dcf
c2b4fed7ce5c4e108721e62f2bfbb819,6c79712e67b54dd0a11d426a91207939,295d0d40791245ff838c73a2aa27d065,5363ae1c905d4879a63259de4954702e,26e55eb4d910464497d700bfdf5a36ca,e735729c80d84f76a6133c065d5380f8,30c71719aed84c07ae21d0eff0deed72,ff51ca928cd54f4da620c27983e221f8,3aa003c1e31b476e999c3a808a1d5dc6,e343a998f4df4ac195c84e0fb571a393,04fa591263664fb0a6868552ebd3590b
ab1c9263088b477082ee7d7c6f73b671,6c79712e67b54dd0a11d426a91207939,295d0d40791245ff838c73a2aa27d065,5363ae1c905d4879a63259de4954702e,26e55eb4d910464497d700bfdf5a36ca,e735729c80d84f76a6133c065d5380f8,3aa003c1e31b476e999c3a808a1d5dc6,7d0190486da540718e4dc4ca4bd1f573,556743bab70d4b75bafcf192fef95b16,30c71719aed84c07ae21d0eff0deed72,e343a998f4df4ac195c84e0fb571a393
54e5b71847024cdaa9fd8a7d3fc3ea03,5363ae1c905d4879a63259de4954702e,295d0d40791245ff838c73a2aa27d065,26e55eb4d910464497d700bfdf5a36ca,33b5e2ae5ebe4f548bac3a00ab0a59eb,e343a998f4df4ac195c84e0fb571a393,e735729c80d84f76a6133c065d5380f8,50a2129b83404b94889a01f4688ebafd,5d5baf5ce88b4b529e28ab9c7c114148,74644c8cc17449cf89379868e7b21398,0f785440b29548e1a1968868262fd42e
f124583fb5cc42aa903308e1b43296de,5363ae1c905d4879a63259de4954702e,295d0d40791245ff838c73a2aa27d065,26e55eb4d910464497d700bfdf5a36ca,33b5e2ae5ebe4f548bac3a00ab0a59eb,e343a998f4df4ac195c84e0fb571a393,e735729c80d84f76a6133c065d5380f8,50a2129b83404b94889a01f4688ebafd,5d5baf5ce88b4b529e28ab9c7c114148,c713a0ca69864ee7b240069c98dc44dc,5cfb876eeb4f410aa1282cc279f0e546
d97ddb9bd5c8460ab3b3a13992c1f179,6fc7a2cf0684475a82f6ff9be2c8e850,a35d7304347a4f81b1ccfb086956921c,2f0401170d104b47b0a8f087f69dee88,e6afe89ff7bc491193141c057083d8a8,e4fcd30261804b089efa940359057ba2,b675be39e8ff421aa59811f146da945b,511fe9c8b20b4fda94969745238c9474,ca1a2a6308834baba3140b5ce8f81320,a0b4d283f12a407286dbeaa3a4d128a5,59f62d35b1ad451397b700b3dad25448
3bb97a2804c84688a699e6d6b97b5e9d,a35d7304347a4f81b1ccfb086956921c,2f0401170d104b47b0a8f087f69dee88,b675be39e8ff421aa59811f146da945b,0433768f874042a5b2d2e37ad9deae13,59f62d35b1ad451397b700b3dad25448,f92d16d3a970487094292439c3e00923,e7ee85dd47ca43eeb2fdcd70b802f0ec,a5d5fb459a1844088e93ae557ab34afe,91f0da6d71574ababd8e868bddec9310,3766b26b53874893ae48693880e1942c
929038d5c3ba4b189fc88a3b127ede72,6fc7a2cf0684475a82f6ff9be2c8e850,a35d7304347a4f81b1ccfb086956921c,2f0401170d104b47b0a8f087f69dee88,e4fcd30261804b089efa940359057ba2,e6afe89ff7bc491193141c057083d8a8,b675be39e8ff421aa59811f146da945b,511fe9c8b20b4fda94969745238c9474,ca1a2a6308834baba3140b5ce8f81320,a0b4d283f12a407286dbeaa3a4d128a5,59f62d35b1ad451397b700b3dad25448
1d36cd75ee6a4691965cfc6ebdef6a3e,b675be39e8ff421aa59811f146da945b,2f0401170d104b47b0a8f087f69dee88,77ce0587a12b46bab8814225ba86753e,a35d7304347a4f81b1ccfb086956921c,a4af9472683c4df0a86f9400c99c2b61,59f62d35b1ad451397b700b3dad25448,98fbdf945d0c4206a48a4f7260e56017,71c1a8479b194efca65b44fb7f327afb,8c7c9eaae41a44a3a4ebe39ce167d300,e6afe89ff7bc491193141c057083d8a8
7baf188fc4ed41ba826b499b6d495286,2f0401170d104b47b0a8f087f69dee88,b675be39e8ff421aa59811f146da945b,77ce0587a12b46bab8814225ba86753e,59f62d35b1ad451397b700b3dad25448,a35d7304347a4f81b1ccfb086956921c,a4af9472683c4df0a86f9400c99c2b61,71c1a8479b194efca65b44fb7f327afb,8c7c9eaae41a44a3a4ebe39ce167d300,98fbdf945d0c4206a48a4f7260e56017,e6afe89ff7bc491193141c057083d8a8
6a314fb4bd0e4c2097e70bd43a81fbb7,87fc1d6a57ea488786caaec8599c3b8b,6866efc8987a4ec8b04b7abd28fb5777,f5bcc6f48ed2447581b401d453039866,ccb62901750b4d13a922fc161b607f83,7c1126d46a934db6b951d1e98feae327,a7077a82d2c74518b96fb45e35f6e150,1393dac7d34b4c34b1a8091a5bea3663,b23a9c50eada4286a4f7ce8668b92db1,6b4676aba2a746b3ab778315afc8ee82,e12ad1ce8e7940a999b9a4f91a95fab7
9ae6df3c8f2549109316a434d1741a53,87fc1d6a57ea488786caaec8599c3b8b,6866efc8987a4ec8b04b7abd28fb5777,ccb62901750b4d13a922fc161b607f83,a7077a82d2c74518b96fb45e35f6e150,7c1126d46a934db6b951d1e98feae327,f5bcc6f48ed2447581b401d453039866,1393dac7d34b4c34b1a8091a5bea3663,b23a9c50eada4286a4f7ce8668b92db1,06b7dd1b701544ac80dd7ca54ed707cf,8ebbcf8e4e6f400ba1839e9d75806274
2a8e892e4b784abf8fb9fd55fa443335,797cc520b8c94d9bbef187818ab51647,6866efc8987a4ec8b04b7abd28fb5777,64e74af099b0485f8b6e71ac73aa2cb8,a7077a82d2c74518b96fb45e35f6e150,ccb62901750b4d13a922fc161b607f83,e12ad1ce8e7940a999b9a4f91a95fab7,714e47cd21e5416f864a4bc938850a72,da61e0de396149208c9ebd0fd6d7415d,7c1126d46a934db6b951d1e98feae327,5fc200cab89346658c9c91cce27e85fe
1ac66b061b80428b8b3758bc6dfa066b,797cc520b8c94d9bbef187818ab51647,6866efc8987a4ec8b04b7abd28fb5777,64e74af099b0485f8b6e71ac73aa2cb8,a7077a82d2c74518b96fb45e35f6e150,ccb62901750b4d13a922fc161b607f83,e12ad1ce8e7940a999b9a4f91a95fab7,714e47cd21e5416f864a4bc938850a72,65e30dd62cfa4dccb9ea4d908a9d6fab,da61e0de396149208c9ebd0fd6d7415d,2c82919b038847fabbf5d13ca5ac55a7
0d4bb3432ea544988cf3bb308b46c8c8,ee337b5c1ef3431e9c120250bfec4cac,f6507bae2aaa4785842167f8320428b3,27fe100af7884932a33bf30f10dacc55,2c3599a1611644f4908562f8fb8870d3,b2b22c673e554db39c8acdbe42687a6d,4230775a9d51448396cacb9061f0e5f9,8dfd98bb97584157b207e1f4be471a8e,f37d285ad0de42f0b1546d0d1acfb221,c4e79c8992e54866b0c6f26c55b1a774,3aaea7fa41fd43cdb88f8ef59062c5df
2b4cf2ff830e462d96c8cfbcee5669da,ee337b5c1ef3431e9c120250bfec4cac,27fe100af7884932a33bf30f10dacc55,f37d285ad0de42f0b1546d0d1acfb221,8dfd98bb97584157b207e1f4be471a8e,c4e79c8992e54866b0c6f26c55b1a774,b2b22c673e554db39c8acdbe42687a6d,5e199f7727cc4910ad88dbd81ed1ec82,23a16d69ffe848d593a4808907d8aa98,f6507bae2aaa4785842167f8320428b3,2c3599a1611644f4908562f8fb8870d3
2390c8a3de9e49be9617b01f4f21dfa9,a297e08effdf4a69a6c4d79a34a0c6ad,01930613ce7d4a5f90ccf78d1e92a55d,f6507bae2aaa4785842167f8320428b3,d37bf09399d848df9a4d880fb097239c,761a3a01495143f0a86beac4234cae3a,af648fa7ac6c4c50a246de470329cd83,b2b22c673e554db39c8acdbe42687a6d,5e199f7727cc4910ad88dbd81ed1ec82,74644c8cc17449cf89379868e7b21398,b83013f4c5524232814efa0f8651867f
e37905b36c44400c9dc7bc0c71a6db51,fadf133e0e684a24ac79b5fa9515bac2,6f57d1175ad243edada61643d01fcd54,7ec1584e9a5b49eab9ef249143d9bb86,56272326c7e94e419ea8c69fb634f610,1ad0cf33e96243888d5f970195a75586,c756409435634fc48c643a64e73c93ce,d9ac372330a4446886fa19bac0d19877,2c65a898314b42e6b2e93dca66fd15c2,6dc5832f0ac04df2bd99c6415b3ecf09,3574ab91c29940b3afc62354ae06b73b
a9bb430482a1442a958b35a625eecb97,0bd1cce9370a461089e25393086800a8,7ec1584e9a5b49eab9ef249143d9bb86,fadf133e0e684a24ac79b5fa9515bac2,df5ca61304074da1bec8f536ab50baf3,225818abe99e45a0bf5b0b3ec30db76b,b9228fdb5f0c413d81cffb51829d95c6,d9ac372330a4446886fa19bac0d19877,cc243eebbb2b44a581745865a60c423a,56272326c7e94e419ea8c69fb634f610,1232f20e710b448e8c0538b9e84dab1c
62c71ed913414a6f9456293a4c566314,fadf133e0e684a24ac79b5fa9515bac2,6f57d1175ad243edada61643d01fcd54,56272326c7e94e419ea8c69fb634f610,7ec1584e9a5b49eab9ef249143d9bb86,1ad0cf33e96243888d5f970195a75586,d9ac372330a4446886fa19bac0d19877,c756409435634fc48c643a64e73c93ce,2c65a898314b42e6b2e93dca66fd15c2,6dc5832f0ac04df2bd99c6415b3ecf09,3574ab91c29940b3afc62354ae06b73b
c647312353a84341a92cd4486a8b9c3e,7ec1584e9a5b49eab9ef249143d9bb86,0bd1cce9370a461089e25393086800a8,fadf133e0e684a24ac79b5fa9515bac2,df5ca61304074da1bec8f536ab50baf3,225818abe99e45a0bf5b0b3ec30db76b,d9ac372330a4446886fa19bac0d19877,b9228fdb5f0c413d81cffb51829d95c6,56272326c7e94e419ea8c69fb634f610,39e2b00e1cbd471488cf56f31d2cec7f,cc243eebbb2b44a581745865a60c423a
cc3afd20f236454a8f3a9ff08992daab,29088685e31a4d86b60b514e98117361,f0084465b2e646c9a53d9dc766067d9b,65e52d14d4d64d4fbad3de6ad319e745,6fbdacd3d8814ea2a13e81ee1ec128f2,384b14b18c3c43b1a4dc1aa2f661e076,b0d2e6c4b2384950b3696c4414870282,88353d1136d24836816b073de62e5f50,7fe9e665bf41491c9788941aa2894a10,f32f4607b4714e378831f924c5e6084d,384f94503bcd4f4c863056ad69f45b43
1e1ec51c4cb84f3285f79f7aeb252500,6fbdacd3d8814ea2a13e81ee1ec128f2,e96fae6d607246b18b8494aabe521036,29088685e31a4d86b60b514e98117361,f0084465b2e646c9a53d9dc766067d9b,88353d1136d24836816b073de62e5f50,095ac293b64a4a58b1b3d3f71453a267,4a7fa5a1bafe4b6995e2920444ac07c4,7aceed0dbea645b091207f4a53d879f2,384b14b18c3c43b1a4dc1aa2f661e076,b0d2e6c4b2384950b3696c4414870282
082920d4f79f4c5eb2e805b195ac3e89,6fbdacd3d8814ea2a13e81ee1ec128f2,e96fae6d607246b18b8494aabe521036,29088685e31a4d86b60b514e98117361,88353d1136d24836816b073de62e5f50,f0084465b2e646c9a53d9dc766067d9b,4a7fa5a1bafe4b6995e2920444ac07c4,095ac293b64a4a58b1b3d3f71453a267,7aceed0dbea645b091207f4a53d879f2,384b14b18c3c43b1a4dc1aa2f661e076,b0d2e6c4b2384950b3696c4414870282
759985fc2dc4496abbc7fe23cf71706f,e96fae6d607246b18b8494aabe521036,65e52d14d4d64d4fbad3de6ad319e745,6fbdacd3d8814ea2a13e81ee1ec128f2,384b14b18c3c43b1a4dc1aa2f661e076,b0d2e6c4b2384950b3696c4414870282,88353d1136d24836816b073de62e5f50,7fe9e665bf41491c9788941aa2894a10,384f94503bcd4f4c863056ad69f45b43,e0ff5d4ae0ec4871a49041d550cdcaa9,26b18153216b48d793b75598ddb54d77
a1b386e9b08e402dba0d820140ba1a00,e96fae6d607246b18b8494aabe521036,65e52d14d4d64d4fbad3de6ad319e745,6fbdacd3d8814ea2a13e81ee1ec128f2,384b14b18c3c43b1a4dc1aa2f661e076,b0d2e6c4b2384950b3696c4414870282,88353d1136d24836816b073de62e5f50,7fe9e665bf41491c9788941aa2894a10,b834c0b0c10b471b87ad3f11468de619,06a5f0cec6ce4170a02dad0ad4c55b1c,0568345606fa4a2c84ed4ea6c74639ee
0fed5c48002b4dd1b3ce42653a372fe6,2839430464164d5ba00713b42d4d96e4,3c0f3b44c0844df49b5898406fe9195a,8d595c7da42545c88052e7b213b6c97c,9aca522158f443fd8a9caaec38ae5e2c,35d06fce2df446569702778e2250bd82,097c30a7f39a4a3abf6da2ca80cad3a5,98b2022b2cb84af09ee8b789db928b13,1b827db6f6cf4ecb850928c2f9e41de2,be42a43f5186434db4f2815f768a9991,7e8a4a43e2f84dbb88e41cb24b3fe79f
5b5008e2d4f7492abe1ff44e2e3e754b,2839430464164d5ba00713b42d4d96e4,3c0f3b44c0844df49b5898406fe9195a,35d06fce2df446569702778e2250bd82,1b827db6f6cf4ecb850928c2f9e41de2,097c30a7f39a4a3abf6da2ca80cad3a5,9aca522158f443fd8a9caaec38ae5e2c,e3854d75221c4e38879a6106bb5c1941,8d595c7da42545c88052e7b213b6c97c,7e8a4a43e2f84dbb88e41cb24b3fe79f,cf290994a83e4909aec30077477b9d04
8e431e5ca5dd49a8984118e7fb05d12e,cb2e893276894906976593c3edcb3a5f,cb550e5ff4694fe9a19eaa6588cef250,de6ac628a786435f9925c8cc1d707d6b,19593c97fef0474dbe6051e28338f1e9,796eade2ee4f466781d9f6669db43e48,f439b5616ba24b7f82eccfa095a0eff8,43ee0103cba54b4e9d165717735ca0f6,c74557a980e2428a9ffcc245278df692,63eab812f3254cccb9631b09725aec3d,a64f6232ee1e4357937008a327a63cf4
142af56a899c43098ec79a3f762d09b6,cb2e893276894906976593c3edcb3a5f,cb550e5ff4694fe9a19eaa6588cef250,de6ac628a786435f9925c8cc1d707d6b,43ee0103cba54b4e9d165717735ca0f6,19593c97fef0474dbe6051e28338f1e9,796eade2ee4f466781d9f6669db43e48,c74557a980e2428a9ffcc245278df692,0971af4212484a958eb0f60f93d1dfe0,a64f6232ee1e4357937008a327a63cf4,f65c7f50929f431dbf31b441d87616d0
9f14363158ef49309f13b2aa0692d2a9,033f1514c78b49dd82148b94f6bcbeba,91f0da6d71574ababd8e868bddec9310,e0ff5d4ae0ec4871a49041d550cdcaa9,84ff5144597241bba5cbd3d0b21d220d,8af25c7ae8e14435a6e27a5671968f50,30f654c6e69e48888f9f42dd95ab3c77,3c72832689d8406996e80893b719b974,250d411ae270441085be3501b7b55d86,1aef014473b84ef9a0f799114fe516c9,c84deec0ecf843c39f52d4cb8e7300f8
ebd3c9006cf5464190f7a5edca24f0ba,033f1514c78b49dd82148b94f6bcbeba,91f0da6d71574ababd8e868bddec9310,e0ff5d4ae0ec4871a49041d550cdcaa9,84ff5144597241bba5cbd3d0b21d220d,8af25c7ae8e14435a6e27a5671968f50,3c72832689d8406996e80893b719b974,30f654c6e69e48888f9f42dd95ab3c77,250d411ae270441085be3501b7b55d86,22d9d5ad33e947fd857c5c4a8b7dfae1,1aef014473b84ef9a0f799114fe516c9
0135e10058cf48aa847fa399f62df6f4,41047823f2cb4194ba1e0709443c719a,e43d8e7bc32f406b9a692e2604f5b45a,fa190e42ce5a47c99bcaa76138dbc615,c24e3823376b436c8eb46eaeebbc7718,0568345606fa4a2c84ed4ea6c74639ee,eb21a4e2b7bd43efbdf0c365415e7fef,db0c3a952e454b90aa4a68feb6a50e87,ad054da7e1704a53931a341173f0605f,b3a022950e444682a113cec5a0537f6a,d87e5facd03b45f9829e8a1cd0fe0190
2e9dbf0f864548ae8bc35b5c0d70934e,27a67d3e76814297aebf64e03d14c336,c2a665cec90e46db8d2a74389beb4649,e8c8742459dc48a49080bf0e5b3fdee0,52f20bd7eb50430c95f0916727880a1b,664da77d25e74df693eaad44a5e7617f,7627d5e28ba74cbeaf9225e88a7a44cc,59e4dcf2794943b18fb902a6eb475ff8,db2466dc7da64ac5a2a21c20ace67856,7c1126d46a934db6b951d1e98feae327,1393dac7d34b4c34b1a8091a5bea3663
1db84228548c42318f1a33456931f361,27a67d3e76814297aebf64e03d14c336,b3f8b4bec0164d0e81997b4f5a277e8f,e8c8742459dc48a49080bf0e5b3fdee0,52f20bd7eb50430c95f0916727880a1b,8dfd98bb97584157b207e1f4be471a8e,99a52c93a3304ec18dab9206f98f2a8b,56272326c7e94e419ea8c69fb634f610,ca5add3cbf044a95a5bec88a5841ce98,cf7476d6c96b4dcdb6f025b9291eb62b,0092d1d820c64646b8bee9fd14f77acf
1b5bba6ae5ff4f568094280de0bf2c1b,27a67d3e76814297aebf64e03d14c336,b3f8b4bec0164d0e81997b4f5a277e8f,e8c8742459dc48a49080bf0e5b3fdee0,52f20bd7eb50430c95f0916727880a1b,1232f20e710b448e8c0538b9e84dab1c,8dfd98bb97584157b207e1f4be471a8e,7c1126d46a934db6b951d1e98feae327,56272326c7e94e419ea8c69fb634f610,99a52c93a3304ec18dab9206f98f2a8b,c4e79c8992e54866b0c6f26c55b1a774
7265c466b8cf411cb462945d3ceb8145,27a67d3e76814297aebf64e03d14c336,c2a665cec90e46db8d2a74389beb4649,e8c8742459dc48a49080bf0e5b3fdee0,52f20bd7eb50430c95f0916727880a1b,ca5add3cbf044a95a5bec88a5841ce98,7c1126d46a934db6b951d1e98feae327,5be48a6bc26044f2a2e4e9b6a223c319,b23a9c50eada4286a4f7ce8668b92db1,664da77d25e74df693eaad44a5e7617f,7627d5e28ba74cbeaf9225e88a7a44cc
bca392563d0a45d594ce43a0c540b7c9,b6da55bea1244cf0a753b258420946b2,86179aff3df24ff59b11e9a34974a3f4,bb6ecabbce1b43d997d00d7acdc95193,07d869789eda4445a1ecfe59c331db0d,e59dba65749140f4a1bdaf2695de2fc6,3aa003c1e31b476e999c3a808a1d5dc6,5a6f4a2f7f6a4b1fa146493472e6d721,00614d60b3544ba790dfd23dd53992e0,78809cb3c6b841a9b8b132133dd6bb96,db69f22fe72246ea85d33991961a649a
bb39e720d9cf4df1a19e4ab20285bf18,b6da55bea1244cf0a753b258420946b2,68aefc97056440af874039a28497cf98,07d869789eda4445a1ecfe59c331db0d,bb6ecabbce1b43d997d00d7acdc95193,761a3a01495143f0a86beac4234cae3a,6c6de17135be4f8c9423be633eaefcd4,b01fd4d037a84a7aa777e1fc345c73c5,91f9f8576e5142a49926bd623b0bc19c,00614d60b3544ba790dfd23dd53992e0,27a0d24dc1e14b28a1f18456b29c93f1
5c427d65b21d4bf387d1885f334834c7,86179aff3df24ff59b11e9a34974a3f4,68aefc97056440af874039a28497cf98,5a6f4a2f7f6a4b1fa146493472e6d721,bb6ecabbce1b43d997d00d7acdc95193,07d869789eda4445a1ecfe59c331db0d,6ae72ad649c54129b992d321f8f29122,8ebbcf8e4e6f400ba1839e9d75806274,0c889c151e094b948c13b0275e660a9c,da88fa5efc674368b593444ca950dff9,fadf133e0e684a24ac79b5fa9515bac2
141cab6e49204199a8fb74a74fa8165a,b6da55bea1244cf0a753b258420946b2,86179aff3df24ff59b11e9a34974a3f4,bb6ecabbce1b43d997d00d7acdc95193,07d869789eda4445a1ecfe59c331db0d,5a6f4a2f7f6a4b1fa146493472e6d721,3aa003c1e31b476e999c3a808a1d5dc6,e59dba65749140f4a1bdaf2695de2fc6,78809cb3c6b841a9b8b132133dd6bb96,00614d60b3544ba790dfd23dd53992e0,db69f22fe72246ea85d33991961a649a
7f90d0a672a44046bdf2443f14b82cb9,9677dd2a3aae457a8079087ce4177e14,0e8487b2e6a2439b9e6623a1e2e5e19d,c756409435634fc48c643a64e73c93ce,b9228fdb5f0c413d81cffb51829d95c6,4385ac4645b34f3c8a44c4676ebcd8be,48c31b1e2ce94de8968fab433813fa91,0bd1cce9370a461089e25393086800a8,e79ae27b52fa4d54aa37735fd275c66e,c66c6f1449d44728a2ef72de53dd6d5e,99ba4cc9355f4d79a68bc69ac12a716f
06aa6a2cf00d425998b1a815f23a0094,74bd120b8f714d03bc9dd1a703fe4d7f,3f28365e18244eb28cc7d23de8895956,1232f20e710b448e8c0538b9e84dab1c,c756409435634fc48c643a64e73c93ce,99a52c93a3304ec18dab9206f98f2a8b,4385ac4645b34f3c8a44c4676ebcd8be,c235728f290a44d6a5fc2e14111ae02e,e1c63000ace94c1d9381d82389fe6afd,b9228fdb5f0c413d81cffb51829d95c6,b33a0f5b564a4942b04046ab7a8e2aae
54a2df3aa63a483b8e33322f74c34dbf,74bd120b8f714d03bc9dd1a703fe4d7f,3f28365e18244eb28cc7d23de8895956,99a52c93a3304ec18dab9206f98f2a8b,c756409435634fc48c643a64e73c93ce,1232f20e710b448e8c0538b9e84dab1c,c66c6f1449d44728a2ef72de53dd6d5e,4385ac4645b34f3c8a44c4676ebcd8be,b9228fdb5f0c413d81cffb51829d95c6,1aaf8edc37ea412b85e3d1b5c5317051,f6507bae2aaa4785842167f8320428b3
e2d1cdb4f95c4f47bb20f91e77f469f2,9677dd2a3aae457a8079087ce4177e14,0e8487b2e6a2439b9e6623a1e2e5e19d,c756409435634fc48c643a64e73c93ce,b9228fdb5f0c413d81cffb51829d95c6,48c31b1e2ce94de8968fab433813fa91,99ba4cc9355f4d79a68bc69ac12a716f,291130c42a884be2800e026bab5ddf53,93dc50abd35349f7923100dca2f41002,a7077a82d2c74518b96fb45e35f6e150,4385ac4645b34f3c8a44c4676ebcd8be
4a483247df4540a9badb4a94f17d7760,02641488de414b72b63f62b40200b101,0f52f676197e4d4e92dec0a7bc4c4f7d,6ae72ad649c54129b992d321f8f29122,99dbf0cd0c6343ffbcf97f04efc4143c,2639b6540bda414f8a9baa3b5cdb612a,636c21e19a5845e1b8d69a5fca928030,503d2f067a8a4f5798b1c64b07ab0bc5,11e1e3cdfe214385a2c24d0f957dde9b,48240083d13148bd84ddee8c7f9fcd22,200f7fc78e4c403982f61b2894e50bad
ca37d7b02d7542a0bea6535a0d193dbc,02641488de414b72b63f62b40200b101,6ae72ad649c54129b992d321f8f29122,0f52f676197e4d4e92dec0a7bc4c4f7d,99dbf0cd0c6343ffbcf97f04efc4143c,2639b6540bda414f8a9baa3b5cdb612a,636c21e19a5845e1b8d69a5fca928030,503d2f067a8a4f5798b1c64b07ab0bc5,514537782f6549c488a1b932939b4128,77d8e01a914d4f4a8b87d407e0d741aa,48240083d13148bd84ddee8c7f9fcd22
ada916d5f8044eba9ac39c104e27f797,6bedb2d6ace34e18811b7f1206b2d1b0,6ae72ad649c54129b992d321f8f29122,2639b6540bda414f8a9baa3b5cdb612a,636c21e19a5845e1b8d69a5fca928030,a5d5fb459a1844088e93ae557ab34afe,48240083d13148bd84ddee8c7f9fcd22,503d2f067a8a4f5798b1c64b07ab0bc5,514537782f6549c488a1b932939b4128,2b3ecf8be2b242f3b8a1e714390749fb,07958f43551e459eb30638b632e3cd64
985e9b4be1fa45b19b48cbd6b1d37764,6bedb2d6ace34e18811b7f1206b2d1b0,6ae72ad649c54129b992d321f8f29122,2639b6540bda414f8a9baa3b5cdb612a,636c21e19a5845e1b8d69a5fca928030,a5d5fb459a1844088e93ae557ab34afe,503d2f067a8a4f5798b1c64b07ab0bc5,48240083d13148bd84ddee8c7f9fcd22,07958f43551e459eb30638b632e3cd64,514537782f6549c488a1b932939b4128,2b3ecf8be2b242f3b8a1e714390749fb
7b7e0d3f38a3435a83b8d6fb5aba99ba,5cf392f15360460bae6a6b0182bb99b9,664da77d25e74df693eaad44a5e7617f,59e4dcf2794943b18fb902a6eb475ff8,4d0a737f396d4a95808085bd1306746c,812a1568c77d46e695f8eb7357e24a0e,48240083d13148bd84ddee8c7f9fcd22,07958f43551e459eb30638b632e3cd64,b3209c60460a437294e2b30a9e9d3f53,23a16d69ffe848d593a4808907d8aa98,15b7b988bba143989cfd98d5c6c4d203
acbc17523c034d799301828aef6ae58f,5cf392f15360460bae6a6b0182bb99b9,f6061b71031b4ddb9384f86c103690a4,039f8e63b273472d8f1d99d9a5de5cf5,77c8b175ca9d411b8d28d1ed0dc40304,ce4fdd5499f8498793c11e586f7da70c,aedd476072b345e9be46ebd7260e93a6,02641488de414b72b63f62b40200b101,4385ac4645b34f3c8a44c4676ebcd8be,9677dd2a3aae457a8079087ce4177e14,99a52c93a3304ec18dab9206f98f2a8b
68f05d38644e4af6a8b6cb1bef20c57a,5cf392f15360460bae6a6b0182bb99b9,664da77d25e74df693eaad44a5e7617f,59e4dcf2794943b18fb902a6eb475ff8,812a1568c77d46e695f8eb7357e24a0e,48240083d13148bd84ddee8c7f9fcd22,4d0a737f396d4a95808085bd1306746c,07958f43551e459eb30638b632e3cd64,15b7b988bba143989cfd98d5c6c4d203,23a16d69ffe848d593a4808907d8aa98,4385ac4645b34f3c8a44c4676ebcd8be
e34f7090730d4eaa871618aa8bb5627d,812a1568c77d46e695f8eb7357e24a0e,4d0a737f396d4a95808085bd1306746c,07958f43551e459eb30638b632e3cd64,f6061b71031b4ddb9384f86c103690a4,1aaf8edc37ea412b85e3d1b5c5317051,039f8e63b273472d8f1d99d9a5de5cf5,67dd23cfd20f46dc82acc82c108a1dc6,aedd476072b345e9be46ebd7260e93a6,99dbf0cd0c6343ffbcf97f04efc4143c,ab57f83304bc4005998bbd6bc063fb4f
aff084577eae48fca44757575b1848bc,5cf392f15360460bae6a6b0182bb99b9,f6061b71031b4ddb9384f86c103690a4,039f8e63b273472d8f1d99d9a5de5cf5,f59a3ee5387440d981754b6595e8664c,ce4fdd5499f8498793c11e586f7da70c,3c0f3b44c0844df49b5898406fe9195a,ab57f83304bc4005998bbd6bc063fb4f,6ae72ad649c54129b992d321f8f29122,4385ac4645b34f3c8a44c4676ebcd8be,77c8b175ca9d411b8d28d1ed0dc40304
f4763c7dac494231ae593878b63b4961,d9ac372330a4446886fa19bac0d19877,f37d285ad0de42f0b1546d0d1acfb221,6c51b4f57ba0415f994756e944b11cee,99ba4cc9355f4d79a68bc69ac12a716f,56272326c7e94e419ea8c69fb634f610,590df34aa41f46e9ad13ffc6a98da3b7,a64f6232ee1e4357937008a327a63cf4,9094e936e13641cc9bfcc7dc1408d86e,ec07b4e88bea4086a5eafed96d81edb5,e1c63000ace94c1d9381d82389fe6afd
adabb6bfc633432cab9ab674c1e0f975,0f785440b29548e1a1968868262fd42e,19b81e71e7f04ebcbfade9daa899ed3d,724a3f6551e74ad585bdeac9a75fd639,b3209c60460a437294e2b30a9e9d3f53,514537782f6549c488a1b932939b4128,ab57f83304bc4005998bbd6bc063fb4f,a4af9472683c4df0a86f9400c99c2b61,48240083d13148bd84ddee8c7f9fcd22,8683a3ad55d84a78834fabe20cde5269,d53fa54d5536463ab0d87648dfc5fd78
f9d7f4db082c4389a2bdcc19d6d92cba,19b81e71e7f04ebcbfade9daa899ed3d,0f785440b29548e1a1968868262fd42e,724a3f6551e74ad585bdeac9a75fd639,b3209c60460a437294e2b30a9e9d3f53,ab57f83304bc4005998bbd6bc063fb4f,8683a3ad55d84a78834fabe20cde5269,590df34aa41f46e9ad13ffc6a98da3b7,514537782f6549c488a1b932939b4128,ff51ca928cd54f4da620c27983e221f8,c1d504dfeded4b8bb3c07777b7c7abde
32ae3069da404e6f843cbd95fa018a71,d9ac372330a4446886fa19bac0d19877,f37d285ad0de42f0b1546d0d1acfb221,6c51b4f57ba0415f994756e944b11cee,9094e936e13641cc9bfcc7dc1408d86e,99ba4cc9355f4d79a68bc69ac12a716f,ec07b4e88bea4086a5eafed96d81edb5,a64f6232ee1e4357937008a327a63cf4,e1c63000ace94c1d9381d82389fe6afd,56272326c7e94e419ea8c69fb634f610,590df34aa41f46e9ad13ffc6a98da3b7
605d42bbb0154c76b70114f63b807951,30c71719aed84c07ae21d0eff0deed72,8889c114b071429cbe2418f5b0f2024b,ff171f0b29974f78b0e81fee30abdd38,6ae72ad649c54129b992d321f8f29122,01ffceddb5b34406a08bb982b424b3cf,a5d5fb459a1844088e93ae557ab34afe,e4e12f4711fd41e39075e26cc274df45,7326afe68eb64b63993b3dae022c645d,cb550e5ff4694fe9a19eaa6588cef250,6bedb2d6ace34e18811b7f1206b2d1b0
19805d9c7c944703bb05511bc3145812,8889c114b071429cbe2418f5b0f2024b,ff171f0b29974f78b0e81fee30abdd38,01ffceddb5b34406a08bb982b424b3cf,7326afe68eb64b63993b3dae022c645d,6ae72ad649c54129b992d321f8f29122,70aa10580bfe4069bdaa5721ae2d29db,f2ef424352f14dda92691047ee9f15fa,a5d5fb459a1844088e93ae557ab34afe,2d43cf91509846e29ab4febd7781919f,e4e12f4711fd41e39075e26cc274df45
4ed65c954d584e13a9e98e27808e0c6a,a94cb58f1ca8456b96e39b5b1ebfb7ea,521004289ebc4e6da6623381d40a5e73,9500823cb050427696343b1ea5cf8881,f91157bb8fca4a8e98db33591a76be9a,5455e62f52ae4e03b2a5d0e8b9899506,039a871609044cb1b69f70c082fe61d8,3f23eafbd9cc4e209aca631fd6fc9dfd,be70e49b76c24527b4fddfb6b78b6d8d,f69855cdf66d4f6887ecfd0ddb9014b5,022e16490d1949b9ab2fc1de5a837031
9d58ebfc8b864b49a9c970a667fff950,8889c114b071429cbe2418f5b0f2024b,ff171f0b29974f78b0e81fee30abdd38,01ffceddb5b34406a08bb982b424b3cf,7326afe68eb64b63993b3dae022c645d,6ae72ad649c54129b992d321f8f29122,70aa10580bfe4069bdaa5721ae2d29db,2d43cf91509846e29ab4febd7781919f,f2ef424352f14dda92691047ee9f15fa,a5d5fb459a1844088e93ae557ab34afe,e4e12f4711fd41e39075e26cc274df45
5e1395d13dc84b8abd6f0452e25b3a7f,30c71719aed84c07ae21d0eff0deed72,ff171f0b29974f78b0e81fee30abdd38,01ffceddb5b34406a08bb982b424b3cf,6ae72ad649c54129b992d321f8f29122,7326afe68eb64b63993b3dae022c645d,f2ef424352f14dda92691047ee9f15fa,a5d5fb459a1844088e93ae557ab34afe,cb550e5ff4694fe9a19eaa6588cef250,2d43cf91509846e29ab4febd7781919f,f3fddb55448a46778b5d807642cceb71
df7a79cf083f40ca846761b9760fc72f,ca0fe2dd97434e2ca7aecc38d4f1fcd9,01930613ce7d4a5f90ccf78d1e92a55d,9948a890ef25479e834f70944cb42eae,5363ae1c905d4879a63259de4954702e,6c79712e67b54dd0a11d426a91207939,52ee59901f3b4de884d7a6720538aed6,b3a022950e444682a113cec5a0537f6a,295d0d40791245ff838c73a2aa27d065,33b5e2ae5ebe4f548bac3a00ab0a59eb,7d0190486da540718e4dc4ca4bd1f573
489108f0d3474ebb97eeace77d5bcece,ca0fe2dd97434e2ca7aecc38d4f1fcd9,01930613ce7d4a5f90ccf78d1e92a55d,9948a890ef25479e834f70944cb42eae,6c79712e67b54dd0a11d426a91207939,5363ae1c905d4879a63259de4954702e,52ee59901f3b4de884d7a6720538aed6,b3a022950e444682a113cec5a0537f6a,7d0190486da540718e4dc4ca4bd1f573,33b5e2ae5ebe4f548bac3a00ab0a59eb,295d0d40791245ff838c73a2aa27d065
9cd6d1191c914787875042fd76df0c35,70aa10580bfe4069bdaa5721ae2d29db,408ae6a767874fc782467ec2f054ad15,a0408a6462b24cf18e50a8616359d5ad,7d3d751215194e649a03457226f599d7,7ef653f7e5f64e1b8bba73b9518b87b7,878e5c41be5c477e9f660ca361fdd727,2fcf4a04d3654ffb9a5c1dfa3799e4f0,f3fddb55448a46778b5d807642cceb71,cb550e5ff4694fe9a19eaa6588cef250,4c36aafaf38f4e9e9e09991737196fe1
77f7e4ffce974b33ab54c80177a1c9c0,8746ae2ca7514699b629b4d9b5fe95a7,70aa10580bfe4069bdaa5721ae2d29db,408ae6a767874fc782467ec2f054ad15,2fcf4a04d3654ffb9a5c1dfa3799e4f0,7d3d751215194e649a03457226f599d7,878e5c41be5c477e9f660ca361fdd727,3bd43a42811048e3b7a7d9740bdb1971,cb550e5ff4694fe9a19eaa6588cef250,7ef653f7e5f64e1b8bba73b9518b87b7,f3fddb55448a46778b5d807642cceb71
27af2d56825b4ded843852cb1cbe3494,70aa10580bfe4069bdaa5721ae2d29db,408ae6a767874fc782467ec2f054ad15,a0408a6462b24cf18e50a8616359d5ad,7d3d751215194e649a03457226f599d7,7ef653f7e5f64e1b8bba73b9518b87b7,4c36aafaf38f4e9e9e09991737196fe1,f3fddb55448a46778b5d807642cceb71,cb550e5ff4694fe9a19eaa6588cef250,878e5c41be5c477e9f660ca361fdd727,2fcf4a04d3654ffb9a5c1dfa3799e4f0
7a09c2cc2bcd4fbb8b083d6f02a88232,8746ae2ca7514699b629b4d9b5fe95a7,408ae6a767874fc782467ec2f054ad15,70aa10580bfe4069bdaa5721ae2d29db,7d3d751215194e649a03457226f599d7,2fcf4a04d3654ffb9a5c1dfa3799e4f0,3bd43a42811048e3b7a7d9740bdb1971,878e5c41be5c477e9f660ca361fdd727,cb550e5ff4694fe9a19eaa6588cef250,e22e1ad3c1fc4493bcb7c9b923566ff7,7ef653f7e5f64e1b8bba73b9518b87b7
c0ff951246c54333b756315834f32971,54e9bbd0093947a3bda5fef48ef7493d,189a3b686ad14c24b5e1a495f76dd239,59f62d35b1ad451397b700b3dad25448,174581fc299840e18e827432c0cce4dc,d9b97376c5e44d8786f861a5788af644,f69bf682935e47e1b4c72d237becd13a,f8856799293e49feab6368e794eb8b00,a9d82bb43410405ca21b44a5e82e22b6,3e6a4b65a1004c08a6f3f570cf986c2f,e7ee85dd47ca43eeb2fdcd70b802f0ec
7d8239bb435749bdaaba93674e4c0b98,f8856799293e49feab6368e794eb8b00,91f9f8576e5142a49926bd623b0bc19c,6c6de17135be4f8c9423be633eaefcd4,8a9dc60359ba49cd8ac170cfb4ac3913,b0d2e6c4b2384950b3696c4414870282,13aca0959cc948cabeee0d7255f55a65,f69bf682935e47e1b4c72d237becd13a,4152360a4bea4cbbbfbe45ff3bf7f62b,119a6d7b4af3458b951fc1c5ab5e1738,563043f180e54e238ad4876974e5db4c
ae918c8fd007427fbc53dbaff23eddbe,f8856799293e49feab6368e794eb8b00,91f9f8576e5142a49926bd623b0bc19c,6c6de17135be4f8c9423be633eaefcd4,8a9dc60359ba49cd8ac170cfb4ac3913,b0d2e6c4b2384950b3696c4414870282,13aca0959cc948cabeee0d7255f55a65,f69bf682935e47e1b4c72d237becd13a,4152360a4bea4cbbbfbe45ff3bf7f62b,119a6d7b4af3458b951fc1c5ab5e1738,d53fa54d5536463ab0d87648dfc5fd78
b30bc5f593ba46bc8b6fa26692576484,a9573f188204436090fb4a5240e4eccd,c1d504dfeded4b8bb3c07777b7c7abde,938147b72e9540da8513910871e0830a,5d5baf5ce88b4b529e28ab9c7c114148,8dfe01febd46475ab5aef97033716ce1,119a6d7b4af3458b951fc1c5ab5e1738,45e440d874a54bb591862ff441114cd3,19b81e71e7f04ebcbfade9daa899ed3d,91f9f8576e5142a49926bd623b0bc19c,9460474d89704a68aaa6ccb62310ae3d
91d18daf6bae44789d31014e55bdf5b2,174581fc299840e18e827432c0cce4dc,f69bf682935e47e1b4c72d237becd13a,54e9bbd0093947a3bda5fef48ef7493d,189a3b686ad14c24b5e1a495f76dd239,59f62d35b1ad451397b700b3dad25448,e7ee85dd47ca43eeb2fdcd70b802f0ec,91f9f8576e5142a49926bd623b0bc19c,d9b97376c5e44d8786f861a5788af644,b44645c11ece4326a45f50fdc5d45dcf,2f0401170d104b47b0a8f087f69dee88
8b8fe37d85da4a28a5c27452a42435e6,ba8d0208e32e42969bd4349cf24f6ed1,da14e9dc2c3d4963b725de8102de5028,f7f600880b064920ab59b907d26aedc6,d9096650c434432c871effeca9acd5c6,a055f8188384479a8bad418f7dffd9a5,f8e7f9688fd546829da579434180ffee,f2cfa68a47ce4a43a0fe1cc7dc860418,cffbff4deb374fcf850c679899c6e3f8,076e2669c305401fb3afcfafdd6c79c7,65e30dd62cfa4dccb9ea4d908a9d6fab
a222b9dea1384b57ad0fae45ff950737,ba8d0208e32e42969bd4349cf24f6ed1,da14e9dc2c3d4963b725de8102de5028,f7f600880b064920ab59b907d26aedc6,d9096650c434432c871effeca9acd5c6,a055f8188384479a8bad418f7dffd9a5,f8e7f9688fd546829da579434180ffee,cffbff4deb374fcf850c679899c6e3f8,f2cfa68a47ce4a43a0fe1cc7dc860418,2070754bb5dd4a248be9c2a6a1a9d381,076e2669c305401fb3afcfafdd6c79c7
043d64050fe145349300b95379966923,f2cfa68a47ce4a43a0fe1cc7dc860418,f8e7f9688fd546829da579434180ffee,baad022010b44fad8d8410869d909fd1,0b57f893483647c3aed811775a4c4c04,da14e9dc2c3d4963b725de8102de5028,f7f600880b064920ab59b907d26aedc6,ba8d0208e32e42969bd4349cf24f6ed1,d9096650c434432c871effeca9acd5c6,4d5cbe57c3094d01843e4f950a280b50,0daf8d5687b54d158f7f752884c42334
ab8935721e0240089dafee6f408c220a,d9096650c434432c871effeca9acd5c6,da14e9dc2c3d4963b725de8102de5028,ba8d0208e32e42969bd4349cf24f6ed1,0b57f893483647c3aed811775a4c4c04,f8e7f9688fd546829da579434180ffee,4d5cbe57c3094d01843e4f950a280b50,f2cfa68a47ce4a43a0fe1cc7dc860418,cffbff4deb374fcf850c679899c6e3f8,673aee19895b4d339ada93213d8874ac,e59dba65749140f4a1bdaf2695de2fc6
00d0f767535a4289833325887d72e3d2,f2cfa68a47ce4a43a0fe1cc7dc860418,f8e7f9688fd546829da579434180ffee,baad022010b44fad8d8410869d909fd1,0b57f893483647c3aed811775a4c4c04,da14e9dc2c3d4963b725de8102de5028,f7f600880b064920ab59b907d26aedc6,ba8d0208e32e42969bd4349cf24f6ed1,d9096650c434432c871effeca9acd5c6,2f0401170d104b47b0a8f087f69dee88,5363ae1c905d4879a63259de4954702e
1d0c8e601ffb4534a871d984ad842a4f,d9096650c434432c871effeca9acd5c6,da14e9dc2c3d4963b725de8102de5028,ba8d0208e32e42969bd4349cf24f6ed1,0b57f893483647c3aed811775a4c4c04,f8e7f9688fd546829da579434180ffee,4d5cbe57c3094d01843e4f950a280b50,cffbff4deb374fcf850c679899c6e3f8,673aee19895b4d339ada93213d8874ac,f2cfa68a47ce4a43a0fe1cc7dc860418,f7f600880b064920ab59b907d26aedc6
ebd87dca48ae4df38943cc6f9b4f2912,8fca2e4873e946f7a788af2b846cebd7,5c644b51b1394a7b8fa0a9a6275c422d,e9428816b054499298745b742f128f65,a2612682d9854a30a7684c91c8619ec9,7bbe3c76bcc04d73969f920d43fcc67d,b4dadb3ea3a04cc3932094471debce13,8ebbcf8e4e6f400ba1839e9d75806274,d60986f4025d443ea58adba0e3d224a1,09f4970dfe684b809bc0959fb62f41bf,ff171f0b29974f78b0e81fee30abdd38
558c6735b6104bc98ca4b2db381640fe,5c644b51b1394a7b8fa0a9a6275c422d,5c8a8b7a59c54b9aa7b7136fd91b5869,a2612682d9854a30a7684c91c8619ec9,5455e62f52ae4e03b2a5d0e8b9899506,cdd73e0289aa4e2b87cd14e6ff5bd75e,4a7fa5a1bafe4b6995e2920444ac07c4,039a871609044cb1b69f70c082fe61d8,1b827db6f6cf4ecb850928c2f9e41de2,b4dadb3ea3a04cc3932094471debce13,291130c42a884be2800e026bab5ddf53
6064cb0ed7d64bde866fe6ad42b6ede6,5c8a8b7a59c54b9aa7b7136fd91b5869,8fca2e4873e946f7a788af2b846cebd7,5c644b51b1394a7b8fa0a9a6275c422d,e9428816b054499298745b742f128f65,a2612682d9854a30a7684c91c8619ec9,d60986f4025d443ea58adba0e3d224a1,7bbe3c76bcc04d73969f920d43fcc67d,b4dadb3ea3a04cc3932094471debce13,40a95697730046dcbb0d7ba1fe2109a6,1c2b01416e3943e3b3c575e53c3f1d16
cf344978d7a04303b41fa8b37a18c300,5c644b51b1394a7b8fa0a9a6275c422d,5c8a8b7a59c54b9aa7b7136fd91b5869,a2612682d9854a30a7684c91c8619ec9,5455e62f52ae4e03b2a5d0e8b9899506,cdd73e0289aa4e2b87cd14e6ff5bd75e,039a871609044cb1b69f70c082fe61d8,4a7fa5a1bafe4b6995e2920444ac07c4,1d70bc69b2f84bef9aa5fb0d9917e38d,e9428816b054499298745b742f128f65,f464960d2dbc43c0970c60600bd7f1cd
e8f38f28c61d4444ba078fe27ebcbc24,3f1c2bb09c4e4400b6ba19542fafce18,5605fa1188974644937bbf92fec50e21,eff24b01b2f5428baa4c3fef6cb40d41,02e1d712f37e428c998f72e7a7eeb1e6,df0c94234d9d4890b5b4b95c441b3e9a,79721c9bb6a54ecdb3d0a0f4011762c1,ed4449952a9e45339b76fc5f123cb917,0bd1cce9370a461089e25393086800a8,c756409435634fc48c643a64e73c93ce,cb75c6ef71cb4991805920f2894e0e96
4ec003b24cdc4b138166c6b304000312,250d411ae270441085be3501b7b55d86,db0c3a952e454b90aa4a68feb6a50e87,30578712823948b086e3781343982938,e2e0c8c96aff4c00896ac6986bbb20c2,9d09e3cd382c4d0ea0f6f50261e3e4c8,de6ac628a786435f9925c8cc1d707d6b,2471f23cb9b64d35a72deed09c9c8975,19593c97fef0474dbe6051e28338f1e9,27a0d24dc1e14b28a1f18456b29c93f1,1ade4365590a4ac7865100d8c791e340
7a0163f3c4484730b1f7324ebf67cd09,3f1c2bb09c4e4400b6ba19542fafce18,5605fa1188974644937bbf92fec50e21,eff24b01b2f5428baa4c3fef6cb40d41,02e1d712f37e428c998f72e7a7eeb1e6,ed4449952a9e45339b76fc5f123cb917,df0c94234d9d4890b5b4b95c441b3e9a,79721c9bb6a54ecdb3d0a0f4011762c1,0bd1cce9370a461089e25393086800a8,f6507bae2aaa4785842167f8320428b3,cb75c6ef71cb4991805920f2894e0e96
4950b6a47e8e44f8bbb0aac7868f4b36,e903085a3f944ad2a41c37306b4e6ab4,d9b70c4ed8bb4fc5957ecebf102528ee,47eb17da319d440aa52da8008c26327a,a0b4d283f12a407286dbeaa3a4d128a5,75efe5ddef364f49865d9bb283492b48,45e440d874a54bb591862ff441114cd3,a70909d3ce0d4235913b5ce6a138dcce,9daaefe080b34656a0c7a54d2d6a1713,f676e16c6a134bd5a7bbeee4590adcfe,f12e9e5805534d719f829332d1ea5d29
4c620d71caf444eb9f723cc29094dcc2,dcfb738ebbc24f09bb680fe3a52b702e,dd9e8283197b473d8ffd502561bdaaec,21019944fc2c4838a682a6dcdc62c4ef,44b3bc5953364d72a53edcf9fc4f1fed,98fbdf945d0c4206a48a4f7260e56017,b8da01ceddcb45a491a288ddbc658e90,796eade2ee4f466781d9f6669db43e48,938147b72e9540da8513910871e0830a,b40d3c588ad647ff85e397a6bc5f9d8b,71c1a8479b194efca65b44fb7f327afb
1852c13dfd984c51bfb11e6364bf47ba,1e376f9d0945477983c8d851e4b2cf5e,21eb9f06dd834a108d816efdf3aca8dc,4152360a4bea4cbbbfbe45ff3bf7f62b,2939ef012c5c4a1b94b49df9469dfb3c,b00b2395b49949508fade89bb3eac98b,f5b766ea6abe4b5fb27d49cc3bc06020,cdd73e0289aa4e2b87cd14e6ff5bd75e,e86a0aae846a4e44bf967ab4972c977c,796eade2ee4f466781d9f6669db43e48,44156e6482884acaaee1938e04d8b6ff
0e088d9c189b42fba49c31c41949bba8,bf789f42ccfc42c5a330a3f6e30ddb83,4a6eba10a02a4ecdbb6b25e8651c3789,c750a2994555414790abb3281572bb42,291130c42a884be2800e026bab5ddf53,b00b2395b49949508fade89bb3eac98b,7aceed0dbea645b091207f4a53d879f2,43ee0103cba54b4e9d165717735ca0f6,e1c63000ace94c1d9381d82389fe6afd,f879b316413f45d2b64bb25e3f45a667,84581d81d46d44bc99ffb8f871646a7a
46422438d0644a1cb590332f27fe002e,37ae696e40dd42ebb4738722daa3c523,c750a2994555414790abb3281572bb42,4a6eba10a02a4ecdbb6b25e8651c3789,43ee0103cba54b4e9d165717735ca0f6,b8995466f0eb4e7ba141e23216e8b974,eafb3480db704d7baa8216ce857d1610,0092d1d820c64646b8bee9fd14f77acf,d361a9e414fb41c1a605200d9cbba496,f879b316413f45d2b64bb25e3f45a667,2ea3b46262e649f79900258cd90cce31
968aaed29a304ba7b1a1990450602307,bf789f42ccfc42c5a330a3f6e30ddb83,c750a2994555414790abb3281572bb42,4a6eba10a02a4ecdbb6b25e8651c3789,b00b2395b49949508fade89bb3eac98b,7aceed0dbea645b091207f4a53d879f2,291130c42a884be2800e026bab5ddf53,772cb9726861451d9972604da6f65c55,f879b316413f45d2b64bb25e3f45a667,0092d1d820c64646b8bee9fd14f77acf,c235728f290a44d6a5fc2e14111ae02e
f3e1733712aa449e916483279ed84027,37ae696e40dd42ebb4738722daa3c523,4a6eba10a02a4ecdbb6b25e8651c3789,c750a2994555414790abb3281572bb42,43ee0103cba54b4e9d165717735ca0f6,eafb3480db704d7baa8216ce857d1610,b8995466f0eb4e7ba141e23216e8b974,d361a9e414fb41c1a605200d9cbba496,0092d1d820c64646b8bee9fd14f77acf,f879b316413f45d2b64bb25e3f45a667,2ea3b46262e649f79900258cd90cce31
4fa08d976269478fa124bfa62b83982f,7879fa4d4db046a2a8d195311b6e5789,b0236c76ae244fd8aacbea7da10e55ca,29fb30a75c57451a85f310aa6423a662,5c644b51b1394a7b8fa0a9a6275c422d,a2612682d9854a30a7684c91c8619ec9,e2769c67dadd4c988f7ccf249a998a56,66f4c650b7ca48f1bc27f9daff8d312a,88353d1136d24836816b073de62e5f50,f59a3ee5387440d981754b6595e8664c,ee89670285c74e27aa174dadf39fbca7
d9a90abcdd1d474ba4dc176d544afc6e,29fb30a75c57451a85f310aa6423a662,7879fa4d4db046a2a8d195311b6e5789,b0236c76ae244fd8aacbea7da10e55ca,5c644b51b1394a7b8fa0a9a6275c422d,a2612682d9854a30a7684c91c8619ec9,e2769c67dadd4c988f7ccf249a998a56,66f4c650b7ca48f1bc27f9daff8d312a,88353d1136d24836816b073de62e5f50,ee89670285c74e27aa174dadf39fbca7,e5a3c8867e44498d9182e8be934e0fce
a340c00c29c84c2e841e61bba8c9b67b,e511c40ca6324803b5021e47b4e777f8,89e983dca0a34b768e17b3871b9cea1e,99a52c93a3304ec18dab9206f98f2a8b,b40d3c588ad647ff85e397a6bc5f9d8b,643fbbdd6b764ba9904a4ee67a86b9fd,7d0190486da540718e4dc4ca4bd1f573,99830b8da7c24f909914f7bb167f3ea6,6c51b4f57ba0415f994756e944b11cee,e4e12f4711fd41e39075e26cc274df45,35d06fce2df446569702778e2250bd82
ee8c72e038f140a5bc9cb4770711253a,9948a890ef25479e834f70944cb42eae,e343a998f4df4ac195c84e0fb571a393,2c3599a1611644f4908562f8fb8870d3,9460474d89704a68aaa6ccb62310ae3d,d476be2399b7424a88d242b771c32041,9fd4c00672d84215b3e21812aef3d6ac,1578afd6ce694d46ab6e24f965f51fd6,b8da01ceddcb45a491a288ddbc658e90,a35d7304347a4f81b1ccfb086956921c,f37d285ad0de42f0b1546d0d1acfb221
fcf7329cd9b742bd82f6e3c42cb5139d,e511c40ca6324803b5021e47b4e777f8,89e983dca0a34b768e17b3871b9cea1e,99a52c93a3304ec18dab9206f98f2a8b,99830b8da7c24f909914f7bb167f3ea6,b40d3c588ad647ff85e397a6bc5f9d8b,7d0190486da540718e4dc4ca4bd1f573,643fbbdd6b764ba9904a4ee67a86b9fd,de6ac628a786435f9925c8cc1d707d6b,e4e12f4711fd41e39075e26cc274df45,8d595c7da42545c88052e7b213b6c97c
1a24459300a447d3a68d04bf7b154891,89e983dca0a34b768e17b3871b9cea1e,b40d3c588ad647ff85e397a6bc5f9d8b,643fbbdd6b764ba9904a4ee67a86b9fd,e511c40ca6324803b5021e47b4e777f8,8d595c7da42545c88052e7b213b6c97c,bc13c2b0221744a29a8ddf56aa015df9,ad42c467d0fe43dbb328073f9a16bc4d,19593c97fef0474dbe6051e28338f1e9,b23a9c50eada4286a4f7ce8668b92db1,7199f2fe77824236a392e1f00a5bdfc3
37cd8f1e7c334f42965941e69fac45d7,bc13c2b0221744a29a8ddf56aa015df9,e511c40ca6324803b5021e47b4e777f8,99a52c93a3304ec18dab9206f98f2a8b,89e983dca0a34b768e17b3871b9cea1e,b40d3c588ad647ff85e397a6bc5f9d8b,643fbbdd6b764ba9904a4ee67a86b9fd,8d595c7da42545c88052e7b213b6c97c,b23a9c50eada4286a4f7ce8668b92db1,1232f20e710b448e8c0538b9e84dab1c,99830b8da7c24f909914f7bb167f3ea6
e6c222899c8948ca8776d43041023512,6c874292dbcc49ff8bb8bbe5643593a5,d756970269e9443fb9bbf645a96aa84e,d9ac372330a4446886fa19bac0d19877,a64f6232ee1e4357937008a327a63cf4,ec07b4e88bea4086a5eafed96d81edb5,00fb3a55134242769182c520d55681a2,fbfaa119f55a477984e42d80498f54d3,4a6eba10a02a4ecdbb6b25e8651c3789,1ad0cf33e96243888d5f970195a75586,99ba4cc9355f4d79a68bc69ac12a716f
406a4cc04a7b4bf1bedba252a370170a,b77d8b7bb0114c379139d280a9210e83,590df34aa41f46e9ad13ffc6a98da3b7,70558882c04e46bd99d15e9786468418,eafb3480db704d7baa8216ce857d1610,c65af18670ea437c8986884645b3afe9,d9ac372330a4446886fa19bac0d19877,43464ed6733f4642a0b90e7d995a5e40,31a2675a2e944a1ab3b810cfb92ebd34,7ef653f7e5f64e1b8bba73b9518b87b7,cc243eebbb2b44a581745865a60c423a
9536a093de5c454f8107c944fdbc4de0,6c874292dbcc49ff8bb8bbe5643593a5,d756970269e9443fb9bbf645a96aa84e,d9ac372330a4446886fa19bac0d19877,1ad0cf33e96243888d5f970195a75586,75efe5ddef364f49865d9bb283492b48,a64f6232ee1e4357937008a327a63cf4,3138244ae91040948d5bd6772e4075ea,00fb3a55134242769182c520d55681a2,cf7476d6c96b4dcdb6f025b9291eb62b,8a464aa9e2ee45d0abc7ae6181cd1bda
ee26c03d830d424ba086d493237a5c76,b77d8b7bb0114c379139d280a9210e83,590df34aa41f46e9ad13ffc6a98da3b7,8d595c7da42545c88052e7b213b6c97c,d9ac372330a4446886fa19bac0d19877,70558882c04e46bd99d15e9786468418,a64f6232ee1e4357937008a327a63cf4,19a124c6dad14a4fa7864463b081009c,5c09482fc8dc45bdbf7919f00dd540e0,6866efc8987a4ec8b04b7abd28fb5777,e1c63000ace94c1d9381d82389fe6afd
f3ab568e4b5948f9ac5e94ddaf848ef1,6f8d80f8673144dfa7a4e09190442ab3,dbf0926f9f344f1d88b114660db4d2eb,ae3f42d57b3046a3821026173286a43e,2c8eafa0ff26437a862dc2224ab57073,e06d08ff594a4acbac12edf579743fcf,5e44915237fc4445b54b037e1c4e29a4,acbf8eae7e064c11bab7adf66f216990,11e9586d6c7a443c8025278f8ef53b6d,f59a3ee5387440d981754b6595e8664c,268f8ec9f2734029a8e75857db56ccb3
72711fdab1134c6c884778196c514a78,051d304b7139431fb3bff19b4e75aff7,6f8d80f8673144dfa7a4e09190442ab3,2c8eafa0ff26437a862dc2224ab57073,4c67cc7a1ccc496db132636e3f4853a2,ae3f42d57b3046a3821026173286a43e,3fce01bbc56d49d39f61cba3d17648f2,e06d08ff594a4acbac12edf579743fcf,812a1568c77d46e695f8eb7357e24a0e,27fe100af7884932a33bf30f10dacc55,66690895454847fea5a000202fbfab2e
b40b5c9909d84456806fed5c7fb41ff3,6f8d80f8673144dfa7a4e09190442ab3,dbf0926f9f344f1d88b114660db4d2eb,ae3f42d57b3046a3821026173286a43e,2c8eafa0ff26437a862dc2224ab57073,e06d08ff594a4acbac12edf579743fcf,5e44915237fc4445b54b037e1c4e29a4,acbf8eae7e064c11bab7adf66f216990,be8953cc364d46cebbcc2c2da2c348ab,f335a944a27a4504a82ecf70c2d4a5e4,291130c42a884be2800e026bab5ddf53
4fd6e570dc5a4e03bbe54c468c9a570c,191b01e1728e4583a8ead5a86db27370,b3209c60460a437294e2b30a9e9d3f53,e8f18e4bdf054390a1768978dca8e430,b2992fe473124dd0b895cf81f59f6db6,f879b316413f45d2b64bb25e3f45a667,eee7f32249c5452ea36c8ed3a3540010,0e28ed072d6c444aa6f02e64955b44c6,f5d09519cf7647f8a107cd8fadd322e5,64d9091426f9461c97c98a5428856bcf,cd764fbfae774d068af7549c648a02c9
af888c70b0554578b1511b9ccc3a13af,02e1d712f37e428c998f72e7a7eeb1e6,999a2b52a5004ee984e587d5a1327b23,a0b4d283f12a407286dbeaa3a4d128a5,105ad424733e4cffa7c474b51e3980aa,a70909d3ce0d4235913b5ce6a138dcce,570f08ce2a1a47978eab16bf7ad16a68,6fc7a2cf0684475a82f6ff9be2c8e850,7d6cdff8c9ac434196df803628fe9f62,4385ac4645b34f3c8a44c4676ebcd8be,c1def54262224e23acf67a9870725ce5
47b057e77a1148e08d82607a8ba8b64b,c1def54262224e23acf67a9870725ce5,02e1d712f37e428c998f72e7a7eeb1e6,bcfa4a4177d44d8b8cda17b7a23196b0,e8927e14983a43da900edd926dd35adb,27a0d24dc1e14b28a1f18456b29c93f1,fc430b7683934be2aba12468b2409bb8,999a2b52a5004ee984e587d5a1327b23,15b7b988bba143989cfd98d5c6c4d203,e86a0aae846a4e44bf967ab4972c977c,570f08ce2a1a47978eab16bf7ad16a68
d004772f2bcb4290817f8a5eaf8e089e,b3209c60460a437294e2b30a9e9d3f53,191b01e1728e4583a8ead5a86db27370,eee7f32249c5452ea36c8ed3a3540010,0592b57e490d4206a3f12eb004a0afe0,b2992fe473124dd0b895cf81f59f6db6,e8f18e4bdf054390a1768978dca8e430,db0c3a952e454b90aa4a68feb6a50e87,6c51b4f57ba0415f994756e944b11cee,9daaefe080b34656a0c7a54d2d6a1713,21eb9f06dd834a108d816efdf3aca8dc
c5cd895ffe7143f7b76b9704dd73a0e1,27a67d3e76814297aebf64e03d14c336,c2a665cec90e46db8d2a74389beb4649,52f20bd7eb50430c95f0916727880a1b,b3f8b4bec0164d0e81997b4f5a277e8f,ca5add3cbf044a95a5bec88a5841ce98,8dfd98bb97584157b207e1f4be471a8e,7c1126d46a934db6b951d1e98feae327,b44645c11ece4326a45f50fdc5d45dcf,5be48a6bc26044f2a2e4e9b6a223c319,f532294d68604bc2aa9ad8804a8c6d5f
4fdf4fbcd0c942659a768bc44c26e36b,e8c8742459dc48a49080bf0e5b3fdee0,c2a665cec90e46db8d2a74389beb4649,b3f8b4bec0164d0e81997b4f5a277e8f,52f20bd7eb50430c95f0916727880a1b,ca5add3cbf044a95a5bec88a5841ce98,7c1126d46a934db6b951d1e98feae327,8dfd98bb97584157b207e1f4be471a8e,664da77d25e74df693eaad44a5e7617f,632cc2bc04034dd4848855fe6497262d,bbdf9065122d499d9d8f80ad3e0ef6f3
e713b8481db84ce48754efe4036cb367,e8c8742459dc48a49080bf0e5b3fdee0,c2a665cec90e46db8d2a74389beb4649,b3f8b4bec0164d0e81997b4f5a277e8f,52f20bd7eb50430c95f0916727880a1b,ca5add3cbf044a95a5bec88a5841ce98,da61e0de396149208c9ebd0fd6d7415d,7c1126d46a934db6b951d1e98feae327,8dfd98bb97584157b207e1f4be471a8e,7627d5e28ba74cbeaf9225e88a7a44cc,632cc2bc04034dd4848855fe6497262d
2c6a9ad5618343c3af68eb2b03c705ca,67984873125e4a0f9562179c906d1b0f,2c82919b038847fabbf5d13ca5ac55a7,d0b6e9c1cc5341faba9e03c17767bc2e,31a2675a2e944a1ab3b810cfb92ebd34,86f59bd78b424260b0cf356f2f9ae734,09f4970dfe684b809bc0959fb62f41bf,0842a796c09b4089933a4f27e4e5e3bc,bb84a4cf60c84a8d8e23276b1863d293,e2769c67dadd4c988f7ccf249a998a56,b7f5c165ea2242709a2fb71f3a3f1bcb
a140cb170b604376817a046b5c07af44,4c293487c809486585d65ed10b2cb1e4,d0b6e9c1cc5341faba9e03c17767bc2e,31a2675a2e944a1ab3b810cfb92ebd34,86f59bd78b424260b0cf356f2f9ae734,2c82919b038847fabbf5d13ca5ac55a7,09f4970dfe684b809bc0959fb62f41bf,0842a796c09b4089933a4f27e4e5e3bc,bb84a4cf60c84a8d8e23276b1863d293,b7f5c165ea2242709a2fb71f3a3f1bcb,7879fa4d4db046a2a8d195311b6e5789
0b381fa026434777872d3b9ac3c227cd,6b4676aba2a746b3ab778315afc8ee82,74644c8cc17449cf89379868e7b21398,a2612682d9854a30a7684c91c8619ec9,f31e9fdffaa642ed98e91b07a30f3a8c,5c644b51b1394a7b8fa0a9a6275c422d,2639b6540bda414f8a9baa3b5cdb612a,67984873125e4a0f9562179c906d1b0f,514537782f6549c488a1b932939b4128,29088685e31a4d86b60b514e98117361,66cba49431224a3788f914d6a80165e1
125d9c4bb335433bb1a04d677002207c,59e4dcf2794943b18fb902a6eb475ff8,03df72bcf3504272a27f4bbaea89118a,29fb30a75c57451a85f310aa6423a662,f6061b71031b4ddb9384f86c103690a4,31f80e4c87164e2893375ec7e73b372e,73f684f538ea452cbb4fbecc2e8126a4,b85d652ba8d244f8ab9e941966094f28,69ac8397e9624bfd8aee237b9f9ea3b5,b3a022950e444682a113cec5a0537f6a,7584980704ae4617bb27ca162cc9c5db
dc06b2fc4efd4a42ae957e86afc762c4,664da77d25e74df693eaad44a5e7617f,03df72bcf3504272a27f4bbaea89118a,f6061b71031b4ddb9384f86c103690a4,3c0f3b44c0844df49b5898406fe9195a,b85d652ba8d244f8ab9e941966094f28,36ac84a73ad34261ad45cf569edb60af,69ac8397e9624bfd8aee237b9f9ea3b5,7584980704ae4617bb27ca162cc9c5db,4c67cc7a1ccc496db132636e3f4853a2,291130c42a884be2800e026bab5ddf53
ee46cf904fbc4ddfae1da60297817b48,59e4dcf2794943b18fb902a6eb475ff8,664da77d25e74df693eaad44a5e7617f,29fb30a75c57451a85f310aa6423a662,0e8487b2e6a2439b9e6623a1e2e5e19d,3c0f3b44c0844df49b5898406fe9195a,016e634d566b49c199d07357aae9bf33,b3a022950e444682a113cec5a0537f6a,a865b8d581b44104afe7c8508e3486f5,ac5a760b45c146ec840193371cfb2d30,4385ac4645b34f3c8a44c4676ebcd8be
2d078fc2891f4628914aa44ba8603a04,59e4dcf2794943b18fb902a6eb475ff8,664da77d25e74df693eaad44a5e7617f,03df72bcf3504272a27f4bbaea89118a,f6061b71031b4ddb9384f86c103690a4,29fb30a75c57451a85f310aa6423a662,31f80e4c87164e2893375ec7e73b372e,9aca522158f443fd8a9caaec38ae5e2c,4c67cc7a1ccc496db132636e3f4853a2,7584980704ae4617bb27ca162cc9c5db,291130c42a884be2800e026bab5ddf53
e394d55c1e79420f832b2aabb8a96d39,59e4dcf2794943b18fb902a6eb475ff8,664da77d25e74df693eaad44a5e7617f,29fb30a75c57451a85f310aa6423a662,3c0f3b44c0844df49b5898406fe9195a,a865b8d581b44104afe7c8508e3486f5,4385ac4645b34f3c8a44c4676ebcd8be,5cf392f15360460bae6a6b0182bb99b9,0e8487b2e6a2439b9e6623a1e2e5e19d,31f80e4c87164e2893375ec7e73b372e,3f28365e18244eb28cc7d23de8895956
946d71a18f264ed887f55c1a9a2ffc4d,4a7fa5a1bafe4b6995e2920444ac07c4,88353d1136d24836816b073de62e5f50,0f785440b29548e1a1968868262fd42e,21eb9f06dd834a108d816efdf3aca8dc,b4dadb3ea3a04cc3932094471debce13,6fbdacd3d8814ea2a13e81ee1ec128f2,65e52d14d4d64d4fbad3de6ad319e745,e88ce4cd350f43398a5c0ab8629cee72,e96fae6d607246b18b8494aabe521036,cdd73e0289aa4e2b87cd14e6ff5bd75e
e89b67fc618f4ccc84877eb31c645e09,4a7fa5a1bafe4b6995e2920444ac07c4,88353d1136d24836816b073de62e5f50,0f785440b29548e1a1968868262fd42e,b4dadb3ea3a04cc3932094471debce13,21eb9f06dd834a108d816efdf3aca8dc,6fbdacd3d8814ea2a13e81ee1ec128f2,65e52d14d4d64d4fbad3de6ad319e745,ca544e6629b14e8fab5f7cb40d1ac88e,249c2d8d8d2345c6990b3c4d94385b5a,e88ce4cd350f43398a5c0ab8629cee72
bc267c43ca1f44febd9e7093727ef543,88353d1136d24836816b073de62e5f50,b4dadb3ea3a04cc3932094471debce13,26b18153216b48d793b75598ddb54d77,65e52d14d4d64d4fbad3de6ad319e745,6fbdacd3d8814ea2a13e81ee1ec128f2,e2e0c8c96aff4c00896ac6986bbb20c2,1f9cd7f2b7a14e2f8d490a104a56edcd,5c644b51b1394a7b8fa0a9a6275c422d,7bbe3c76bcc04d73969f920d43fcc67d,e88ce4cd350f43398a5c0ab8629cee72
01ac8202a1f44b648edeaa48d9b3be1c,88353d1136d24836816b073de62e5f50,b4dadb3ea3a04cc3932094471debce13,26b18153216b48d793b75598ddb54d77,65e52d14d4d64d4fbad3de6ad319e745,6fbdacd3d8814ea2a13e81ee1ec128f2,e2e0c8c96aff4c00896ac6986bbb20c2,7bbe3c76bcc04d73969f920d43fcc67d,e88ce4cd350f43398a5c0ab8629cee72,66cba49431224a3788f914d6a80165e1,5c644b51b1394a7b8fa0a9a6275c422d
3f6590287d024cde9a430ca74bf005c7,00fb3a55134242769182c520d55681a2,cb32ec9a538a4c0f8462771946ced93b,43464ed6733f4642a0b90e7d995a5e40,1a0ac2d40cb04ca993e1db68d787728a,452d645d5bf4485185e996dcec9523e5,14ca42308d3141fba50b774042144343,a865b8d581b44104afe7c8508e3486f5,d7c9dafddaf547159d366dacf7b68a7e,b425f33c33ad4be89a12da266d131a86,06a5f0cec6ce4170a02dad0ad4c55b1c
c293e0f7c0da40049992e9ce791370db,b00b2395b49949508fade89bb3eac98b,408ae6a767874fc782467ec2f054ad15,189a3b686ad14c24b5e1a495f76dd239,fa190e42ce5a47c99bcaa76138dbc615,7d6122daabe442ffb5e57ece1882e714,b626eb67c2e14afeae2846bb150976f3,1f9cd7f2b7a14e2f8d490a104a56edcd,dd9e8283197b473d8ffd502561bdaaec,a9d82bb43410405ca21b44a5e82e22b6,73f684f538ea452cbb4fbecc2e8126a4
30cf83c6a107496a894c8ee50f9b6941,b00b2395b49949508fade89bb3eac98b,408ae6a767874fc782467ec2f054ad15,189a3b686ad14c24b5e1a495f76dd239,fa190e42ce5a47c99bcaa76138dbc615,b626eb67c2e14afeae2846bb150976f3,7d6122daabe442ffb5e57ece1882e714,1f9cd7f2b7a14e2f8d490a104a56edcd,dd9e8283197b473d8ffd502561bdaaec,de72d25d08da4b03ac6f6411ce30e07c,a9d82bb43410405ca21b44a5e82e22b6
0cf92dcb9bc94f0697e76d4ccdd96aea,00fb3a55134242769182c520d55681a2,cb32ec9a538a4c0f8462771946ced93b,43464ed6733f4642a0b90e7d995a5e40,452d645d5bf4485185e996dcec9523e5,1a0ac2d40cb04ca993e1db68d787728a,14ca42308d3141fba50b774042144343,a865b8d581b44104afe7c8508e3486f5,06a5f0cec6ce4170a02dad0ad4c55b1c,d7c9dafddaf547159d366dacf7b68a7e,b425f33c33ad4be89a12da266d131a86
0defb2dd1f4e42b8867d78c68c45bf69,b52468fc0af2435f9ba91939f72bbf6a,1a0ac2d40cb04ca993e1db68d787728a,cb32ec9a538a4c0f8462771946ced93b,00e9d4081c2f45d1a818bfeab099863a,8a464aa9e2ee45d0abc7ae6181cd1bda,9db7d32d79024ba6a73c55fde6f55968,9460474d89704a68aaa6ccb62310ae3d,19b81e71e7f04ebcbfade9daa899ed3d,66f4c650b7ca48f1bc27f9daff8d312a,655a618282cd4fa39a26f0967c033f4b
7e165023b13a4ea89bb41b86336ed275,673aee19895b4d339ada93213d8874ac,e59dba65749140f4a1bdaf2695de2fc6,b7f5c165ea2242709a2fb71f3a3f1bcb,31a2675a2e944a1ab3b810cfb92ebd34,86f59bd78b424260b0cf356f2f9ae734,a8904adcdd21495f890bc614bfdbf86f,d0b6e9c1cc5341faba9e03c17767bc2e,d7618b61a65a4bc1a0d0f2cc1bddc448,67984873125e4a0f9562179c906d1b0f,a055f8188384479a8bad418f7dffd9a5
bbd916e845d14857ad0f48dd4693ed85,7f0b453cc8c14156802497f5cbae9d62,e59dba65749140f4a1bdaf2695de2fc6,b7f5c165ea2242709a2fb71f3a3f1bcb,09f4970dfe684b809bc0959fb62f41bf,a055f8188384479a8bad418f7dffd9a5,a8904adcdd21495f890bc614bfdbf86f,86f59bd78b424260b0cf356f2f9ae734,31a2675a2e944a1ab3b810cfb92ebd34,d0b6e9c1cc5341faba9e03c17767bc2e,d7618b61a65a4bc1a0d0f2cc1bddc448
e74837fbb60c42a4a65d86d1568b4649,e59dba65749140f4a1bdaf2695de2fc6,7f0b453cc8c14156802497f5cbae9d62,673aee19895b4d339ada93213d8874ac,716a15d66b63424a8068da89e75733b4,86f59bd78b424260b0cf356f2f9ae734,09f4970dfe684b809bc0959fb62f41bf,d7618b61a65a4bc1a0d0f2cc1bddc448,31a2675a2e944a1ab3b810cfb92ebd34,6ae72ad649c54129b992d321f8f29122,36472797459c462e910846109fa624fc
13f2026fed26452685621e4b5e90c497,5b588e34588940788a22036b775ecc2f,11e1e3cdfe214385a2c24d0f957dde9b,5e199f7727cc4910ad88dbd81ed1ec82,de72d25d08da4b03ac6f6411ce30e07c,e5a3c8867e44498d9182e8be934e0fce,b2b22c673e554db39c8acdbe42687a6d,93bf0b86be094f68a9d308ca5ecfb4e3,4385ac4645b34f3c8a44c4676ebcd8be,e834bfbd30b247e899f0dc029ab9f072,7d0190486da540718e4dc4ca4bd1f573
a3a3c4b19635404cace83ff7b80a1679,5b588e34588940788a22036b775ecc2f,11e1e3cdfe214385a2c24d0f957dde9b,5e199f7727cc4910ad88dbd81ed1ec82,7d0190486da540718e4dc4ca4bd1f573,de72d25d08da4b03ac6f6411ce30e07c,bc13c2b0221744a29a8ddf56aa015df9,e834bfbd30b247e899f0dc029ab9f072,df7ea50171af48df81584ab7e8107d15,bc607fd6000b43108e49b3d05688fe90,45f4192f485a49d9a75219ae4d0c41ee
72772d2296a24491b21db0cf0ffec2cc,15b7b988bba143989cfd98d5c6c4d203,d9b70c4ed8bb4fc5957ecebf102528ee,0e8487b2e6a2439b9e6623a1e2e5e19d,9677dd2a3aae457a8079087ce4177e14,03df72bcf3504272a27f4bbaea89118a,ba8d0208e32e42969bd4349cf24f6ed1,93bf0b86be094f68a9d308ca5ecfb4e3,e4fcd30261804b089efa940359057ba2,664da77d25e74df693eaad44a5e7617f,a70909d3ce0d4235913b5ce6a138dcce
3c36c01d06db430891436e7338519629,15b7b988bba143989cfd98d5c6c4d203,d9b70c4ed8bb4fc5957ecebf102528ee,0e8487b2e6a2439b9e6623a1e2e5e19d,9677dd2a3aae457a8079087ce4177e14,03df72bcf3504272a27f4bbaea89118a,ba8d0208e32e42969bd4349cf24f6ed1,a70909d3ce0d4235913b5ce6a138dcce,e4fcd30261804b089efa940359057ba2,db2466dc7da64ac5a2a21c20ace67856,93bf0b86be094f68a9d308ca5ecfb4e3
27f5e7c9028741ea99cbf424d87b7f8f,4385ac4645b34f3c8a44c4676ebcd8be,eabdd2813a954f9aa01f0eb8212ee387,e8f18e4bdf054390a1768978dca8e430,0b57f893483647c3aed811775a4c4c04,f2cfa68a47ce4a43a0fe1cc7dc860418,a055f8188384479a8bad418f7dffd9a5,03df72bcf3504272a27f4bbaea89118a,ba8d0208e32e42969bd4349cf24f6ed1,da14e9dc2c3d4963b725de8102de5028,5e199f7727cc4910ad88dbd81ed1ec82
1ff1f628d46c4fffbf9a44323220d682,cb2505b30d8a4dc086c353cf94424b6d,cd764fbfae774d068af7549c648a02c9,673aee19895b4d339ada93213d8874ac,71c1a8479b194efca65b44fb7f327afb,f879b316413f45d2b64bb25e3f45a667,7f0b453cc8c14156802497f5cbae9d62,e4e12f4711fd41e39075e26cc274df45,e59dba65749140f4a1bdaf2695de2fc6,c24e3823376b436c8eb46eaeebbc7718,0433768f874042a5b2d2e37ad9deae13
d12ab20387aa452093121c89f55faef6,b2bcb4d9456c4763a0159ffd1f3660bb,71c1a8479b194efca65b44fb7f327afb,77ce0587a12b46bab8814225ba86753e,059a284910e849efbbc7073b8681409f,8c7c9eaae41a44a3a4ebe39ce167d300,1419b2c686f44896a0ae2a43e93b5402,595e438d2b394bb3a3259f47efd37ae8,655a618282cd4fa39a26f0967c033f4b,521004289ebc4e6da6623381d40a5e73,b834c0b0c10b471b87ad3f11468de619
cf7d4b9d3c9c4789b84574f7294511e4,cb2505b30d8a4dc086c353cf94424b6d,cd764fbfae774d068af7549c648a02c9,71c1a8479b194efca65b44fb7f327afb,673aee19895b4d339ada93213d8874ac,f879b316413f45d2b64bb25e3f45a667,7f0b453cc8c14156802497f5cbae9d62,e4e12f4711fd41e39075e26cc274df45,e59dba65749140f4a1bdaf2695de2fc6,521004289ebc4e6da6623381d40a5e73,39e2b00e1cbd471488cf56f31d2cec7f
ebadbbba9888428c97cd7f6f9d614d2b,b2bcb4d9456c4763a0159ffd1f3660bb,71c1a8479b194efca65b44fb7f327afb,77ce0587a12b46bab8814225ba86753e,059a284910e849efbbc7073b8681409f,8c7c9eaae41a44a3a4ebe39ce167d300,595e438d2b394bb3a3259f47efd37ae8,1419b2c686f44896a0ae2a43e93b5402,b834c0b0c10b471b87ad3f11468de619,655a618282cd4fa39a26f0967c033f4b,3d3e8565d2f84e0cad5ae622f2909765
3ef127b149d24d42a5b4d73a369daeba,8fdee0611965465eb45387b8c39f4136,059a284910e849efbbc7073b8681409f,8683a3ad55d84a78834fabe20cde5269,f91157bb8fca4a8e98db33591a76be9a,434551fdf9e443ed91679a9557ae6fd5,dd77b570036f40de9fdf49011bb9e2d8,724a3f6551e74ad585bdeac9a75fd639,6732de8994744decbb3306c74aaa7882,6ae72ad649c54129b992d321f8f29122,b585a2970e9f421da236241f603883f2
86cc05a71e4440cba336690dfa0149ac,8fdee0611965465eb45387b8c39f4136,059a284910e849efbbc7073b8681409f,8683a3ad55d84a78834fabe20cde5269,f91157bb8fca4a8e98db33591a76be9a,434551fdf9e443ed91679a9557ae6fd5,6ae72ad649c54129b992d321f8f29122,3d3e8565d2f84e0cad5ae622f2909765,dd77b570036f40de9fdf49011bb9e2d8,4e4495962a9b4864882397042f1a2b3e,78809cb3c6b841a9b8b132133dd6bb96
dda93eeaef8c4891aa99f6851955606e,65e30dd62cfa4dccb9ea4d908a9d6fab,361f2b7f3f044907b3a331872fb18755,b6c493a3666c4db193e86c79faf099ab,39a08a87897f47d3bdbbdc5ed8c9cd7f,7daa434073604cb98a04fefb55468dda,26869cc099c44c4a86f6043476ab4890,78809cb3c6b841a9b8b132133dd6bb96,556743bab70d4b75bafcf192fef95b16,ba8d0208e32e42969bd4349cf24f6ed1,f7f600880b064920ab59b907d26aedc6
1c7e49f7fcc1484593f48dc107e63996,65e30dd62cfa4dccb9ea4d908a9d6fab,3aa003c1e31b476e999c3a808a1d5dc6,b6c493a3666c4db193e86c79faf099ab,361f2b7f3f044907b3a331872fb18755,84ff5144597241bba5cbd3d0b21d220d,7daa434073604cb98a04fefb55468dda,f65b6fb5b40a49d1896de7a115469d40,78809cb3c6b841a9b8b132133dd6bb96,8683a3ad55d84a78834fabe20cde5269,39a08a87897f47d3bdbbdc5ed8c9cd7f
01b3be2b5b2f4891ad053f74f427514b,65e30dd62cfa4dccb9ea4d908a9d6fab,361f2b7f3f044907b3a331872fb18755,b6c493a3666c4db193e86c79faf099ab,39a08a87897f47d3bdbbdc5ed8c9cd7f,7daa434073604cb98a04fefb55468dda,26869cc099c44c4a86f6043476ab4890,78809cb3c6b841a9b8b132133dd6bb96,556743bab70d4b75bafcf192fef95b16,db69f22fe72246ea85d33991961a649a,f7f600880b064920ab59b907d26aedc6
6da229c88f574b79a9aa35557565a86e,fc70a4c2c4834e0eba1a14470f563b03,afac6ae28fac41dabae96696990c5555,bb6ecabbce1b43d997d00d7acdc95193,8c5f38853679436ba434b6a696e43168,716a15d66b63424a8068da89e75733b4,b01fd4d037a84a7aa777e1fc345c73c5,af648fa7ac6c4c50a246de470329cd83,a8904adcdd21495f890bc614bfdbf86f,fe363cef357840fcb35f320fe7c27e4e,116f6c1f0cb54312986a0a729508a33e
692f47ec6a394c83acb7708bfd6c7c96,4230775a9d51448396cacb9061f0e5f9,8c5f38853679436ba434b6a696e43168,716a15d66b63424a8068da89e75733b4,afac6ae28fac41dabae96696990c5555,a8904adcdd21495f890bc614bfdbf86f,b01fd4d037a84a7aa777e1fc345c73c5,bb6ecabbce1b43d997d00d7acdc95193,af648fa7ac6c4c50a246de470329cd83,116f6c1f0cb54312986a0a729508a33e,8ad1f345ca194b29bde0a924f27b2de5
f880dd7555534b77bb131f2d6fa4ab37,fc70a4c2c4834e0eba1a14470f563b03,afac6ae28fac41dabae96696990c5555,bb6ecabbce1b43d997d00d7acdc95193,8c5f38853679436ba434b6a696e43168,716a15d66b63424a8068da89e75733b4,af648fa7ac6c4c50a246de470329cd83,b01fd4d037a84a7aa777e1fc345c73c5,a8904adcdd21495f890bc614bfdbf86f,fe363cef357840fcb35f320fe7c27e4e,116f6c1f0cb54312986a0a729508a33e
fc88a18e8b6343d3a58e4aab7a84620b,4230775a9d51448396cacb9061f0e5f9,8c5f38853679436ba434b6a696e43168,716a15d66b63424a8068da89e75733b4,afac6ae28fac41dabae96696990c5555,a8904adcdd21495f890bc614bfdbf86f,b01fd4d037a84a7aa777e1fc345c73c5,bb6ecabbce1b43d997d00d7acdc95193,af648fa7ac6c4c50a246de470329cd83,116f6c1f0cb54312986a0a729508a33e,8ad1f345ca194b29bde0a924f27b2de5
b715f62fa2f14ddeb98cb30d9c54339d,9ffa09a2b9bd4da0ba98fc537ca68802,9aca522158f443fd8a9caaec38ae5e2c,1004b33e3126472faa78e1929ed974e6,022e16490d1949b9ab2fc1de5a837031,3675c688960a4f3b9f82c4ccf4049e93,f2077addeb6142c8b3540916522126e8,0228b1e9e3244da3a727930123ba7bda,7c061d36393540b49e20d98086bdb5bd,56272326c7e94e419ea8c69fb634f610,511fe9c8b20b4fda94969745238c9474
07cc561ef3f04e93a701b6919ee81175,7c061d36393540b49e20d98086bdb5bd,9aca522158f443fd8a9caaec38ae5e2c,022e16490d1949b9ab2fc1de5a837031,1004b33e3126472faa78e1929ed974e6,3b7d56c26da14b3a9b1cd52b5b35891b,f2077addeb6142c8b3540916522126e8,3675c688960a4f3b9f82c4ccf4049e93,f59a3ee5387440d981754b6595e8664c,c5486d5e31084ee797da0ebdacb17abc,d87e5facd03b45f9829e8a1cd0fe0190
cb80f73ab9454fa798342057923edd40,9ffa09a2b9bd4da0ba98fc537ca68802,9aca522158f443fd8a9caaec38ae5e2c,1004b33e3126472faa78e1929ed974e6,022e16490d1949b9ab2fc1de5a837031,f2077addeb6142c8b3540916522126e8,3675c688960a4f3b9f82c4ccf4049e93,0228b1e9e3244da3a727930123ba7bda,7c061d36393540b49e20d98086bdb5bd,511fe9c8b20b4fda94969745238c9474,d9ac372330a4446886fa19bac0d19877
c7fdef440d9345c6b34634ef46754490,f4b7e6e902e344859cb041126b69ce3c,a7077a82d2c74518b96fb45e35f6e150,ae3f42d57b3046a3821026173286a43e,0e8487b2e6a2439b9e6623a1e2e5e19d,e2e0c8c96aff4c00896ac6986bbb20c2,4c67cc7a1ccc496db132636e3f4853a2,e4fcd30261804b089efa940359057ba2,7199f2fe77824236a392e1f00a5bdfc3,11e9586d6c7a443c8025278f8ef53b6d,fc70a4c2c4834e0eba1a14470f563b03
f94bc288e76b4781b013d419ca5295b2,415641aa43724ed9bc4710302b77edc3,714e47cd21e5416f864a4bc938850a72,3f28365e18244eb28cc7d23de8895956,ae3f42d57b3046a3821026173286a43e,be9e713988ba4bbba869885cad419259,1d93c07de74c482ebf0a76ec564c3252,11e9586d6c7a443c8025278f8ef53b6d,75bf181ea5dc490e95d364a5f5c7af1d,f6507bae2aaa4785842167f8320428b3,39a08a87897f47d3bdbbdc5ed8c9cd7f
c6a1eb4b8cc74dc0a3d818ef10b1b04e,f4b7e6e902e344859cb041126b69ce3c,a7077a82d2c74518b96fb45e35f6e150,ae3f42d57b3046a3821026173286a43e,0e8487b2e6a2439b9e6623a1e2e5e19d,4c67cc7a1ccc496db132636e3f4853a2,77c8b175ca9d411b8d28d1ed0dc40304,0a2c24dead204be9ae36be358e1223f9,4285b02dc9164cb9bae36b0566bb42f0,be9e713988ba4bbba869885cad419259,39a08a87897f47d3bdbbdc5ed8c9cd7f
f34c07d2f2ad4b4fb027ab3f4c68bffd,415641aa43724ed9bc4710302b77edc3,714e47cd21e5416f864a4bc938850a72,3f28365e18244eb28cc7d23de8895956,ae3f42d57b3046a3821026173286a43e,be9e713988ba4bbba869885cad419259,11e9586d6c7a443c8025278f8ef53b6d,8c7c9eaae41a44a3a4ebe39ce167d300,1d93c07de74c482ebf0a76ec564c3252,88353d1136d24836816b073de62e5f50,4a7fa5a1bafe4b6995e2920444ac07c4
bd6f2e8af94548da8676de16a6853e69,d87e5facd03b45f9829e8a1cd0fe0190,cc78a6c92dfe4af49c2bd93f15e4f870,0842a796c09b4089933a4f27e4e5e3bc,41047823f2cb4194ba1e0709443c719a,249c2d8d8d2345c6990b3c4d94385b5a,30f654c6e69e48888f9f42dd95ab3c77,250d411ae270441085be3501b7b55d86,78d0265d47df4f4cb7153da919763730,bb84a4cf60c84a8d8e23276b1863d293,90b560de76b149c09c7cd6efb3f12cfd
af596599aa804ad2bbe10c2ddf0b3e34,d87e5facd03b45f9829e8a1cd0fe0190,0842a796c09b4089933a4f27e4e5e3bc,cc78a6c92dfe4af49c2bd93f15e4f870,78d0265d47df4f4cb7153da919763730,250d411ae270441085be3501b7b55d86,41047823f2cb4194ba1e0709443c719a,30f654c6e69e48888f9f42dd95ab3c77,599feb1e512c43ad8c0a1845922acf78,7dd5e88dfdd24cafab2c765939757354,90b560de76b149c09c7cd6efb3f12cfd
680120b1438b42a3acd998a7e00f02ef,0568345606fa4a2c84ed4ea6c74639ee,250d411ae270441085be3501b7b55d86,1aef014473b84ef9a0f799114fe516c9,0842a796c09b4089933a4f27e4e5e3bc,cc78a6c92dfe4af49c2bd93f15e4f870,41047823f2cb4194ba1e0709443c719a,30f654c6e69e48888f9f42dd95ab3c77,c84deec0ecf843c39f52d4cb8e7300f8,6b4676aba2a746b3ab778315afc8ee82,033f1514c78b49dd82148b94f6bcbeba
5d17356d82d74aa3a6e6f979ef1796fd,0568345606fa4a2c84ed4ea6c74639ee,250d411ae270441085be3501b7b55d86,1aef014473b84ef9a0f799114fe516c9,0842a796c09b4089933a4f27e4e5e3bc,cc78a6c92dfe4af49c2bd93f15e4f870,41047823f2cb4194ba1e0709443c719a,c84deec0ecf843c39f52d4cb8e7300f8,30f654c6e69e48888f9f42dd95ab3c77,6b4676aba2a746b3ab778315afc8ee82,90b560de76b149c09c7cd6efb3f12cfd
6b3c7ce1b5524d3e98acc2312a661188,d7618b61a65a4bc1a0d0f2cc1bddc448,36472797459c462e910846109fa624fc,a8904adcdd21495f890bc614bfdbf86f,a5365055a36a4ec1bf5b0ce2ef949a35,716a15d66b63424a8068da89e75733b4,afac6ae28fac41dabae96696990c5555,b01fd4d037a84a7aa777e1fc345c73c5,b7f5c165ea2242709a2fb71f3a3f1bcb,8c5f38853679436ba434b6a696e43168,673aee19895b4d339ada93213d8874ac
d31bba63f0c74cfd9135ddb2ec58f186,8c5f38853679436ba434b6a696e43168,a8904adcdd21495f890bc614bfdbf86f,fc70a4c2c4834e0eba1a14470f563b03,b01fd4d037a84a7aa777e1fc345c73c5,4230775a9d51448396cacb9061f0e5f9,fe363cef357840fcb35f320fe7c27e4e,d7618b61a65a4bc1a0d0f2cc1bddc448,afac6ae28fac41dabae96696990c5555,b7f5c165ea2242709a2fb71f3a3f1bcb,af648fa7ac6c4c50a246de470329cd83
908351dacb5c427f88bd9aa375503388,b64cef9df31c4e92a7b7ecd42f74f396,76e41369a6794714a9fab6968839bfe6,7879fa4d4db046a2a8d195311b6e5789,f5a9583711fc4ff4a46e85c24886b234,bb84a4cf60c84a8d8e23276b1863d293,6732de8994744decbb3306c74aaa7882,761a3a01495143f0a86beac4234cae3a,98fbdf945d0c4206a48a4f7260e56017,d2a03ea4b2d3439ca3dc6fe056ab0f04,0568345606fa4a2c84ed4ea6c74639ee
33683cdbfab14a3f8b56e5f75d2b3d00,b64cef9df31c4e92a7b7ecd42f74f396,98fbdf945d0c4206a48a4f7260e56017,a4af9472683c4df0a86f9400c99c2b61,f5a9583711fc4ff4a46e85c24886b234,6252aa87531748e5bac5f6c65fc87e14,31a2675a2e944a1ab3b810cfb92ebd34,3e59b61eb70146308db2308b988b54cf,d0b6e9c1cc5341faba9e03c17767bc2e,0568345606fa4a2c84ed4ea6c74639ee,039f8e63b273472d8f1d99d9a5de5cf5
cbb9562935ed4ec7b4fbd9c04a1c17c3,b64cef9df31c4e92a7b7ecd42f74f396,98fbdf945d0c4206a48a4f7260e56017,a4af9472683c4df0a86f9400c99c2b61,f5a9583711fc4ff4a46e85c24886b234,31a2675a2e944a1ab3b810cfb92ebd34,d0b6e9c1cc5341faba9e03c17767bc2e,09f4970dfe684b809bc0959fb62f41bf,67984873125e4a0f9562179c906d1b0f,dbb3fe11ad004895b302a84e7c066fcc,3e59b61eb70146308db2308b988b54cf
2093ec4e54224ee59a6b3df761f52ad4,76e41369a6794714a9fab6968839bfe6,f5a9583711fc4ff4a46e85c24886b234,98fbdf945d0c4206a48a4f7260e56017,a4af9472683c4df0a86f9400c99c2b61,6252aa87531748e5bac5f6c65fc87e14,761a3a01495143f0a86beac4234cae3a,bb84a4cf60c84a8d8e23276b1863d293,0568345606fa4a2c84ed4ea6c74639ee,d0b6e9c1cc5341faba9e03c17767bc2e,7879fa4d4db046a2a8d195311b6e5789
034598db2c774843ae5b70f89a468dd1,b834c0b0c10b471b87ad3f11468de619,a4af9472683c4df0a86f9400c99c2b61,98fbdf945d0c4206a48a4f7260e56017,f92d16d3a970487094292439c3e00923,be9e713988ba4bbba869885cad419259,8683a3ad55d84a78834fabe20cde5269,2f0401170d104b47b0a8f087f69dee88,59f62d35b1ad451397b700b3dad25448,11e9586d6c7a443c8025278f8ef53b6d,724a3f6551e74ad585bdeac9a75fd639
e1b0c09a4b5745ba87cb45d6b31cc047,8c7c9eaae41a44a3a4ebe39ce167d300,a4af9472683c4df0a86f9400c99c2b61,e2e0c8c96aff4c00896ac6986bbb20c2,be9e713988ba4bbba869885cad419259,2f0401170d104b47b0a8f087f69dee88,98fbdf945d0c4206a48a4f7260e56017,b675be39e8ff421aa59811f146da945b,0433768f874042a5b2d2e37ad9deae13,59f62d35b1ad451397b700b3dad25448,7bbe3c76bcc04d73969f920d43fcc67d
2ee4e4c157314893ac1677408acd1e13,b834c0b0c10b471b87ad3f11468de619,a4af9472683c4df0a86f9400c99c2b61,98fbdf945d0c4206a48a4f7260e56017,f92d16d3a970487094292439c3e00923,be9e713988ba4bbba869885cad419259,8683a3ad55d84a78834fabe20cde5269,2f0401170d104b47b0a8f087f69dee88,11e9586d6c7a443c8025278f8ef53b6d,59f62d35b1ad451397b700b3dad25448,77ce0587a12b46bab8814225ba86753e
d2d1bfd6b701442bac97d11e1bcdcbff,8c7c9eaae41a44a3a4ebe39ce167d300,a4af9472683c4df0a86f9400c99c2b61,98fbdf945d0c4206a48a4f7260e56017,e2e0c8c96aff4c00896ac6986bbb20c2,be9e713988ba4bbba869885cad419259,0433768f874042a5b2d2e37ad9deae13,e4fcd30261804b089efa940359057ba2,11e9586d6c7a443c8025278f8ef53b6d,af648fa7ac6c4c50a246de470329cd83,415641aa43724ed9bc4710302b77edc3
6da4af4998924e888bc085da81c883e1,01bbbf1caa554d94b5decb69cc1add41,26b18153216b48d793b75598ddb54d77,724a3f6551e74ad585bdeac9a75fd639,097c30a7f39a4a3abf6da2ca80cad3a5,19b81e71e7f04ebcbfade9daa899ed3d,39e2b00e1cbd471488cf56f31d2cec7f,5363ae1c905d4879a63259de4954702e,bb5c7d03a54647d08b8c62deeb803271,d43b0f94627d45918e18a80be127aa2c,0bd1cce9370a461089e25393086800a8
62a839f4213d46759d8133e354ae93a4,01bbbf1caa554d94b5decb69cc1add41,26b18153216b48d793b75598ddb54d77,724a3f6551e74ad585bdeac9a75fd639,097c30a7f39a4a3abf6da2ca80cad3a5,19b81e71e7f04ebcbfade9daa899ed3d,5363ae1c905d4879a63259de4954702e,d43b0f94627d45918e18a80be127aa2c,bb5c7d03a54647d08b8c62deeb803271,0bd1cce9370a461089e25393086800a8,39e2b00e1cbd471488cf56f31d2cec7f
f22180d73d204b929c77cc738c93dec8,7627d5e28ba74cbeaf9225e88a7a44cc,8dfd98bb97584157b207e1f4be471a8e,04d24d1cf42b4f7787d8d300cbad6d50,eabdd2813a954f9aa01f0eb8212ee387,3827ad869b3740278b98db4e65c40e0c,17b5eb6fab65476f827dd355b4a20a55,fbfaa119f55a477984e42d80498f54d3,b85d652ba8d244f8ab9e941966094f28,31cf7db26a3249c5a6205b005662ddcf,3ec67e948e15423fac23fdd38a7d4cca
b43451e5261643dab9a0627813d31785,c36ef11228124c438ed3256c9822b03d,ca5add3cbf044a95a5bec88a5841ce98,3827ad869b3740278b98db4e65c40e0c,8350ea8cd6514c2c8d7b625abe7e895b,b3f8b4bec0164d0e81997b4f5a277e8f,7c1126d46a934db6b951d1e98feae327,530b37164090408dbab4e6da51111b8a,3ec67e948e15423fac23fdd38a7d4cca,2ea3b46262e649f79900258cd90cce31,f5bcc6f48ed2447581b401d453039866
89b4973e66414223af70d8648086e97c,c36ef11228124c438ed3256c9822b03d,3827ad869b3740278b98db4e65c40e0c,ca5add3cbf044a95a5bec88a5841ce98,8350ea8cd6514c2c8d7b625abe7e895b,3ec67e948e15423fac23fdd38a7d4cca,b3f8b4bec0164d0e81997b4f5a277e8f,7c1126d46a934db6b951d1e98feae327,530b37164090408dbab4e6da51111b8a,2ea3b46262e649f79900258cd90cce31,ef511457ee7c490c8e10eccf6e18fef6
cca9ed42ea00433984410ed65b0435fb,da61e0de396149208c9ebd0fd6d7415d,f5bcc6f48ed2447581b401d453039866,64e74af099b0485f8b6e71ac73aa2cb8,530b37164090408dbab4e6da51111b8a,1393dac7d34b4c34b1a8091a5bea3663,797cc520b8c94d9bbef187818ab51647,095ac293b64a4a58b1b3d3f71453a267,b23a9c50eada4286a4f7ce8668b92db1,b3f8b4bec0164d0e81997b4f5a277e8f,27a67d3e76814297aebf64e03d14c336
ca3ae3f2f83a4b709148933472566ca6,7627d5e28ba74cbeaf9225e88a7a44cc,04d24d1cf42b4f7787d8d300cbad6d50,8dfd98bb97584157b207e1f4be471a8e,3827ad869b3740278b98db4e65c40e0c,e5a3c8867e44498d9182e8be934e0fce,eabdd2813a954f9aa01f0eb8212ee387,de72d25d08da4b03ac6f6411ce30e07c,17b5eb6fab65476f827dd355b4a20a55,db2466dc7da64ac5a2a21c20ace67856,b85d652ba8d244f8ab9e941966094f28
bc19c9d3d882406886b4dc137c8085e0,e2e0c8c96aff4c00896ac6986bbb20c2,02a3cd76ce534d188b4d5ac4778bd652,3d3e8565d2f84e0cad5ae622f2909765,7bbe3c76bcc04d73969f920d43fcc67d,b4dadb3ea3a04cc3932094471debce13,24c55bb5cd694770ba895c7401da2ba5,e88ce4cd350f43398a5c0ab8629cee72,189a3b686ad14c24b5e1a495f76dd239,b0236c76ae244fd8aacbea7da10e55ca,8c7c9eaae41a44a3a4ebe39ce167d300
77823865299d48ddbce6d7d7e199814f,e2e0c8c96aff4c00896ac6986bbb20c2,26869cc099c44c4a86f6043476ab4890,24c55bb5cd694770ba895c7401da2ba5,21eb9f06dd834a108d816efdf3aca8dc,7bbe3c76bcc04d73969f920d43fcc67d,88353d1136d24836816b073de62e5f50,7daa434073604cb98a04fefb55468dda,be9e713988ba4bbba869885cad419259,8c7c9eaae41a44a3a4ebe39ce167d300,361f2b7f3f044907b3a331872fb18755
5cfbbd42352245fb9ab4e93f0e17452a,26b18153216b48d793b75598ddb54d77,4a7fa5a1bafe4b6995e2920444ac07c4,189a3b686ad14c24b5e1a495f76dd239,88353d1136d24836816b073de62e5f50,6fbdacd3d8814ea2a13e81ee1ec128f2,65e52d14d4d64d4fbad3de6ad319e745,02a3cd76ce534d188b4d5ac4778bd652,b4dadb3ea3a04cc3932094471debce13,e2e0c8c96aff4c00896ac6986bbb20c2,2939ef012c5c4a1b94b49df9469dfb3c
4a03d80a56a24730b633957fa5195cf5,e2e0c8c96aff4c00896ac6986bbb20c2,26869cc099c44c4a86f6043476ab4890,24c55bb5cd694770ba895c7401da2ba5,21eb9f06dd834a108d816efdf3aca8dc,7bbe3c76bcc04d73969f920d43fcc67d,7daa434073604cb98a04fefb55468dda,361f2b7f3f044907b3a331872fb18755,6fbdacd3d8814ea2a13e81ee1ec128f2,88353d1136d24836816b073de62e5f50,be9e713988ba4bbba869885cad419259
ca687051622e4c35823d965df0139509,3d3e8565d2f84e0cad5ae622f2909765,7bbe3c76bcc04d73969f920d43fcc67d,02a3cd76ce534d188b4d5ac4778bd652,b4dadb3ea3a04cc3932094471debce13,e88ce4cd350f43398a5c0ab8629cee72,b702b2b61ce048c6bf5af3c4dca18b1a,8b038cd0dafd45d8b1ce75177ca3a76b,19098957d8c24cab95daa30c2baefd8f,b0236c76ae244fd8aacbea7da10e55ca,b834c0b0c10b471b87ad3f11468de619
62cb56b35d3847a2858dee237b0a7f1e,f5a9583711fc4ff4a46e85c24886b234,4422777ed51142a99aacf05f446cfea1,b64cef9df31c4e92a7b7ecd42f74f396,6bde760ad5d4485db9889b1bdc074005,31a2675a2e944a1ab3b810cfb92ebd34,76e41369a6794714a9fab6968839bfe6,1419b2c686f44896a0ae2a43e93b5402,e4ee90d625d44a6d9adc138390eef0f8,8746ae2ca7514699b629b4d9b5fe95a7,215f3d275db14601a0383885cbaad86e
ad43fc3957284bd78e7d7c9aa5ab29c0,6252aa87531748e5bac5f6c65fc87e14,b64cef9df31c4e92a7b7ecd42f74f396,4422777ed51142a99aacf05f446cfea1,31a2675a2e944a1ab3b810cfb92ebd34,76e41369a6794714a9fab6968839bfe6,72a7e2ce22d045efbdbbab9c68f5d026,19593c97fef0474dbe6051e28338f1e9,86f59bd78b424260b0cf356f2f9ae734,a4af9472683c4df0a86f9400c99c2b61,d0b6e9c1cc5341faba9e03c17767bc2e
5871998e8d6c4a9090cdf17915017027,6252aa87531748e5bac5f6c65fc87e14,4422777ed51142a99aacf05f446cfea1,b64cef9df31c4e92a7b7ecd42f74f396,31a2675a2e944a1ab3b810cfb92ebd34,76e41369a6794714a9fab6968839bfe6,d0b6e9c1cc5341faba9e03c17767bc2e,19593c97fef0474dbe6051e28338f1e9,72a7e2ce22d045efbdbbab9c68f5d026,b6c493a3666c4db193e86c79faf099ab,de6ac628a786435f9925c8cc1d707d6b
102f600a8c1740ac8a06de1b28c5904e,78d0265d47df4f4cb7153da919763730,7dd5e88dfdd24cafab2c765939757354,30f654c6e69e48888f9f42dd95ab3c77,174581fc299840e18e827432c0cce4dc,599feb1e512c43ad8c0a1845922acf78,d9b97376c5e44d8786f861a5788af644,0568345606fa4a2c84ed4ea6c74639ee,df0c94234d9d4890b5b4b95c441b3e9a,22d9d5ad33e947fd857c5c4a8b7dfae1,7f23e27e5652406784fdc2dea3918125
ae0903a7f3be40ce83442e458496fd29,7dd5e88dfdd24cafab2c765939757354,78d0265d47df4f4cb7153da919763730,22d9d5ad33e947fd857c5c4a8b7dfae1,cc78a6c92dfe4af49c2bd93f15e4f870,268f8ec9f2734029a8e75857db56ccb3,5605fa1188974644937bbf92fec50e21,bb84a4cf60c84a8d8e23276b1863d293,ed4449952a9e45339b76fc5f123cb917,0568345606fa4a2c84ed4ea6c74639ee,df0c94234d9d4890b5b4b95c441b3e9a
f9be6242a66b4efabd439a28435cee95,30f654c6e69e48888f9f42dd95ab3c77,78d0265d47df4f4cb7153da919763730,22d9d5ad33e947fd857c5c4a8b7dfae1,cc78a6c92dfe4af49c2bd93f15e4f870,268f8ec9f2734029a8e75857db56ccb3,5605fa1188974644937bbf92fec50e21,f32f4607b4714e378831f924c5e6084d,0568345606fa4a2c84ed4ea6c74639ee,df0c94234d9d4890b5b4b95c441b3e9a,ed4449952a9e45339b76fc5f123cb917
10ef6812f01b471a8e48fa8e99c81735,78d0265d47df4f4cb7153da919763730,7dd5e88dfdd24cafab2c765939757354,30f654c6e69e48888f9f42dd95ab3c77,d9b97376c5e44d8786f861a5788af644,174581fc299840e18e827432c0cce4dc,7879fa4d4db046a2a8d195311b6e5789,599feb1e512c43ad8c0a1845922acf78,31a2675a2e944a1ab3b810cfb92ebd34,bb84a4cf60c84a8d8e23276b1863d293,0568345606fa4a2c84ed4ea6c74639ee
fb5376db56af4ab4b8ea6d46d191ad26,cc243eebbb2b44a581745865a60c423a,f439b5616ba24b7f82eccfa095a0eff8,b9228fdb5f0c413d81cffb51829d95c6,245212a659504b9b9cdbaf1ab1d040ff,7ec1584e9a5b49eab9ef249143d9bb86,c756409435634fc48c643a64e73c93ce,fadf133e0e684a24ac79b5fa9515bac2,6f57d1175ad243edada61643d01fcd54,0bd1cce9370a461089e25393086800a8,cf293392122347a180cf2126f4589acb
a0e60ab432b94ba291505c129ee405df,cc243eebbb2b44a581745865a60c423a,f439b5616ba24b7f82eccfa095a0eff8,b9228fdb5f0c413d81cffb51829d95c6,245212a659504b9b9cdbaf1ab1d040ff,7ec1584e9a5b49eab9ef249143d9bb86,c756409435634fc48c643a64e73c93ce,fadf133e0e684a24ac79b5fa9515bac2,6f57d1175ad243edada61643d01fcd54,0bd1cce9370a461089e25393086800a8,ec07b4e88bea4086a5eafed96d81edb5
0d29840b4f2a46659bf734b51438e6ac,225818abe99e45a0bf5b0b3ec30db76b,e79ae27b52fa4d54aa37735fd275c66e,75efe5ddef364f49865d9bb283492b48,df5ca61304074da1bec8f536ab50baf3,3138244ae91040948d5bd6772e4075ea,1ad0cf33e96243888d5f970195a75586,19593c97fef0474dbe6051e28338f1e9,f532294d68604bc2aa9ad8804a8c6d5f,6f57d1175ad243edada61643d01fcd54,7ec1584e9a5b49eab9ef249143d9bb86
62865ed38c05470a8919d1070402fa6b,225818abe99e45a0bf5b0b3ec30db76b,e79ae27b52fa4d54aa37735fd275c66e,75efe5ddef364f49865d9bb283492b48,df5ca61304074da1bec8f536ab50baf3,19593c97fef0474dbe6051e28338f1e9,3138244ae91040948d5bd6772e4075ea,1ad0cf33e96243888d5f970195a75586,f532294d68604bc2aa9ad8804a8c6d5f,b9228fdb5f0c413d81cffb51829d95c6,6f57d1175ad243edada61643d01fcd54
09a6f25650ae474385eb70217f8c4843,e4e12f4711fd41e39075e26cc274df45,2b3ecf8be2b242f3b8a1e714390749fb,30c71719aed84c07ae21d0eff0deed72,8889c114b071429cbe2418f5b0f2024b,d8b3ad3b5c4e474db41a671ab286424f,a5d5fb459a1844088e93ae557ab34afe,7326afe68eb64b63993b3dae022c645d,f2ef424352f14dda92691047ee9f15fa,7359a1cc20d54f96aeea121d7247b88d,19b81e71e7f04ebcbfade9daa899ed3d
86e1bd5f53b148b9a9522847363630bf,e4e12f4711fd41e39075e26cc274df45,2b3ecf8be2b242f3b8a1e714390749fb,30c71719aed84c07ae21d0eff0deed72,8889c114b071429cbe2418f5b0f2024b,d8b3ad3b5c4e474db41a671ab286424f,a5d5fb459a1844088e93ae557ab34afe,7326afe68eb64b63993b3dae022c645d,d87bd2402bef4672be17b62cec113ba8,06a5f0cec6ce4170a02dad0ad4c55b1c,7359a1cc20d54f96aeea121d7247b88d
aa561064498b402993740579853c84fc,e4e12f4711fd41e39075e26cc274df45,01ffceddb5b34406a08bb982b424b3cf,d8b3ad3b5c4e474db41a671ab286424f,452d645d5bf4485185e996dcec9523e5,30c71719aed84c07ae21d0eff0deed72,636c21e19a5845e1b8d69a5fca928030,02641488de414b72b63f62b40200b101,655a618282cd4fa39a26f0967c033f4b,d2bcc978e7aa49908919d9fc40138b27,60e87368fe334a92b57088b03cccbfc1
de4bd1f38ae04b8da3f5f36bea97276d,2b3ecf8be2b242f3b8a1e714390749fb,01ffceddb5b34406a08bb982b424b3cf,a5d5fb459a1844088e93ae557ab34afe,d8b3ad3b5c4e474db41a671ab286424f,06a5f0cec6ce4170a02dad0ad4c55b1c,30c71719aed84c07ae21d0eff0deed72,b2bcb4d9456c4763a0159ffd1f3660bb,bc13c2b0221744a29a8ddf56aa015df9,655a618282cd4fa39a26f0967c033f4b,d87bd2402bef4672be17b62cec113ba8
3dc160c26fc64d45a5f1e9756e6b1025,04fa591263664fb0a6868552ebd3590b,0eb119aabc884795a4768c6d3e677ea1,1419b2c686f44896a0ae2a43e93b5402,50a2129b83404b94889a01f4688ebafd,40a95697730046dcbb0d7ba1fe2109a6,14f4db886cca4104877ac7d1d7a64133,384f94503bcd4f4c863056ad69f45b43,25afb6f7e9314af09008644bca5955b9,8b038cd0dafd45d8b1ce75177ca3a76b,19098957d8c24cab95daa30c2baefd8f
f7cfc69b28204d1681a71216a3dafbff,1419b2c686f44896a0ae2a43e93b5402,50a2129b83404b94889a01f4688ebafd,04fa591263664fb0a6868552ebd3590b,14f4db886cca4104877ac7d1d7a64133,6d3b4c95066e4dd8a6ad1c66b1c1ea4f,6bde760ad5d4485db9889b1bdc074005,19098957d8c24cab95daa30c2baefd8f,8b038cd0dafd45d8b1ce75177ca3a76b,655a618282cd4fa39a26f0967c033f4b,40a95697730046dcbb0d7ba1fe2109a6
7e5d9f74b6724f59ae0911894a898253,0eb119aabc884795a4768c6d3e677ea1,1419b2c686f44896a0ae2a43e93b5402,50a2129b83404b94889a01f4688ebafd,40a95697730046dcbb0d7ba1fe2109a6,14f4db886cca4104877ac7d1d7a64133,19098957d8c24cab95daa30c2baefd8f,25afb6f7e9314af09008644bca5955b9,655a618282cd4fa39a26f0967c033f4b,e88ce4cd350f43398a5c0ab8629cee72,8b038cd0dafd45d8b1ce75177ca3a76b
966a64e7651f4b2499587effd1600e97,04fa591263664fb0a6868552ebd3590b,0eb119aabc884795a4768c6d3e677ea1,1419b2c686f44896a0ae2a43e93b5402,50a2129b83404b94889a01f4688ebafd,40a95697730046dcbb0d7ba1fe2109a6,14f4db886cca4104877ac7d1d7a64133,25afb6f7e9314af09008644bca5955b9,384f94503bcd4f4c863056ad69f45b43,8b038cd0dafd45d8b1ce75177ca3a76b,19098957d8c24cab95daa30c2baefd8f
296a868a499d46aa93fc77f8e589c254,7070715ef90743da8691dd4ad134eb0c,d445ccdb4cda497e9f0343a3298022d2,200f7fc78e4c403982f61b2894e50bad,0e28ed072d6c444aa6f02e64955b44c6,06b7dd1b701544ac80dd7ca54ed707cf,0a2c24dead204be9ae36be358e1223f9,77c8b175ca9d411b8d28d1ed0dc40304,f31e9fdffaa642ed98e91b07a30f3a8c,f6507bae2aaa4785842167f8320428b3,77d8e01a914d4f4a8b87d407e0d741aa
7b04ec5b87214c25bd25268652df3829,3c72832689d8406996e80893b719b974,0a2c24dead204be9ae36be358e1223f9,3e923b6e3ceb4901b77c9a18729546eb,5e0a2bc284cf4002914ae4e6aaef41e8,08ecf89bc10942a4bd894482f6fcdfa7,f6507bae2aaa4785842167f8320428b3,b3a022950e444682a113cec5a0537f6a,c2b49382e2f34b1c90013236a5fbaef0,a9573f188204436090fb4a5240e4eccd,ec5fe0d3a2a2426ea4e49a5c0ad44e04
a03259710e6344d1b817f8dc53d9384e,7070715ef90743da8691dd4ad134eb0c,06b7dd1b701544ac80dd7ca54ed707cf,200f7fc78e4c403982f61b2894e50bad,de1102228a324428989533278cd482f6,f31e9fdffaa642ed98e91b07a30f3a8c,d445ccdb4cda497e9f0343a3298022d2,0a2c24dead204be9ae36be358e1223f9,f6507bae2aaa4785842167f8320428b3,0e28ed072d6c444aa6f02e64955b44c6,77d8e01a914d4f4a8b87d407e0d741aa
0e271b22304c40fe9884c63ee1fe1668,1aef014473b84ef9a0f799114fe516c9,8dfd98bb97584157b207e1f4be471a8e,3138244ae91040948d5bd6772e4075ea,70558882c04e46bd99d15e9786468418,250d411ae270441085be3501b7b55d86,9ffa09a2b9bd4da0ba98fc537ca68802,c66c6f1449d44728a2ef72de53dd6d5e,e511c40ca6324803b5021e47b4e777f8,b90d74e80c37486eaee89b6fbab13671,590df34aa41f46e9ad13ffc6a98da3b7
43fd128c97194d88bbfe7be91fbc67ed,1aef014473b84ef9a0f799114fe516c9,8dfd98bb97584157b207e1f4be471a8e,250d411ae270441085be3501b7b55d86,30578712823948b086e3781343982938,f2ef424352f14dda92691047ee9f15fa,23a16d69ffe848d593a4808907d8aa98,9ffa09a2b9bd4da0ba98fc537ca68802,75801225047a4c019100660c13f1e0f1,e12ad1ce8e7940a999b9a4f91a95fab7,664da77d25e74df693eaad44a5e7617f
8c3f25890eab46379974ac593d629515,f37d285ad0de42f0b1546d0d1acfb221,eff24b01b2f5428baa4c3fef6cb40d41,7d0190486da540718e4dc4ca4bd1f573,590df34aa41f46e9ad13ffc6a98da3b7,ec07b4e88bea4086a5eafed96d81edb5,7fe9e665bf41491c9788941aa2894a10,b3209c60460a437294e2b30a9e9d3f53,d9ac372330a4446886fa19bac0d19877,bc13c2b0221744a29a8ddf56aa015df9,563043f180e54e238ad4876974e5db4c
1dfd4a798f224e88a6b4c2980cb31c82,f37d285ad0de42f0b1546d0d1acfb221,7d0190486da540718e4dc4ca4bd1f573,eff24b01b2f5428baa4c3fef6cb40d41,590df34aa41f46e9ad13ffc6a98da3b7,ec07b4e88bea4086a5eafed96d81edb5,563043f180e54e238ad4876974e5db4c,42b6af4853fc465f83ec054f8f8289a4,b3209c60460a437294e2b30a9e9d3f53,d9ac372330a4446886fa19bac0d19877,bc13c2b0221744a29a8ddf56aa015df9
9174a7587e5048ec86bec7afe80e268e,e4fcd30261804b089efa940359057ba2,6fc7a2cf0684475a82f6ff9be2c8e850,1578afd6ce694d46ab6e24f965f51fd6,0433768f874042a5b2d2e37ad9deae13,a0b4d283f12a407286dbeaa3a4d128a5,ca1a2a6308834baba3140b5ce8f81320,9dd98c9126c44642a20711729f2e731e,b8da01ceddcb45a491a288ddbc658e90,511fe9c8b20b4fda94969745238c9474,570f08ce2a1a47978eab16bf7ad16a68
bcfc6cd4aea34c78891a701698ccb953,e4fcd30261804b089efa940359057ba2,6fc7a2cf0684475a82f6ff9be2c8e850,0433768f874042a5b2d2e37ad9deae13,ca1a2a6308834baba3140b5ce8f81320,1578afd6ce694d46ab6e24f965f51fd6,a0b4d283f12a407286dbeaa3a4d128a5,d9b70c4ed8bb4fc5957ecebf102528ee,3e6a4b65a1004c08a6f3f570cf986c2f,9dd98c9126c44642a20711729f2e731e,511fe9c8b20b4fda94969745238c9474
2a551336cc794909b0a09c92faf75f50,f5a9583711fc4ff4a46e85c24886b234,b64cef9df31c4e92a7b7ecd42f74f396,fa190e42ce5a47c99bcaa76138dbc615,4422777ed51142a99aacf05f446cfea1,a9d82bb43410405ca21b44a5e82e22b6,44156e6482884acaaee1938e04d8b6ff,5f481b07f9734f518a14853831233b78,0a61f52258f643b6a6436a1ec234e197,f5d09519cf7647f8a107cd8fadd322e5,8746ae2ca7514699b629b4d9b5fe95a7
23e5bf15809d4629abd7ff7c344b1ce0,41047823f2cb4194ba1e0709443c719a,e43d8e7bc32f406b9a692e2604f5b45a,097f2ce3b88c4d008488b9908076497e,90b560de76b149c09c7cd6efb3f12cfd,c24e3823376b436c8eb46eaeebbc7718,fa190e42ce5a47c99bcaa76138dbc615,199647bd1328406c83c5a875154f97d9,a865b8d581b44104afe7c8508e3486f5,70aa10580bfe4069bdaa5721ae2d29db,a4af9472683c4df0a86f9400c99c2b61
f2a05ceedacf47b598b2cd3dbe003966,b5f237fefb38465bb6a068c9cf75ba31,26869cc099c44c4a86f6043476ab4890,baf841bad27c456c9de7227555ea3ef8,e3854d75221c4e38879a6106bb5c1941,03df72bcf3504272a27f4bbaea89118a,b90d74e80c37486eaee89b6fbab13671,23a16d69ffe848d593a4808907d8aa98,bf789f42ccfc42c5a330a3f6e30ddb83,21eb9f06dd834a108d816efdf3aca8dc,b3a022950e444682a113cec5a0537f6a
764c5cb76dcb4650b8b0a50cac981edc,016e634d566b49c199d07357aae9bf33,baf841bad27c456c9de7227555ea3ef8,3cb231e1167e45f9bf5771a4e0074092,39a08a87897f47d3bdbbdc5ed8c9cd7f,02a3cd76ce534d188b4d5ac4778bd652,215f3d275db14601a0383885cbaad86e,434551fdf9e443ed91679a9557ae6fd5,812a1568c77d46e695f8eb7357e24a0e,6bde760ad5d4485db9889b1bdc074005,5cf392f15360460bae6a6b0182bb99b9
c50ae9cd7ac5469daf32b2a1a1d81797,016e634d566b49c199d07357aae9bf33,baf841bad27c456c9de7227555ea3ef8,3cb231e1167e45f9bf5771a4e0074092,66690895454847fea5a000202fbfab2e,664da77d25e74df693eaad44a5e7617f,39a08a87897f47d3bdbbdc5ed8c9cd7f,e429a2e164a24919a12edcc8d4ea8f09,98b2022b2cb84af09ee8b789db928b13,59e4dcf2794943b18fb902a6eb475ff8,afaf2edba0ee4d58860a5a04e4aabc5c
e9801f8810654cacbcd517b25b89767b,b5f237fefb38465bb6a068c9cf75ba31,26869cc099c44c4a86f6043476ab4890,baf841bad27c456c9de7227555ea3ef8,e3854d75221c4e38879a6106bb5c1941,23a16d69ffe848d593a4808907d8aa98,03df72bcf3504272a27f4bbaea89118a,b90d74e80c37486eaee89b6fbab13671,b3a022950e444682a113cec5a0537f6a,f532294d68604bc2aa9ad8804a8c6d5f,b277101390e1465685ef79bf3519f8d7
f3c68b7ff0f344569399a04bbff5d1da,40a95697730046dcbb0d7ba1fe2109a6,25afb6f7e9314af09008644bca5955b9,a35fecee62a9432da0c413f65e895e8c,384b14b18c3c43b1a4dc1aa2f661e076,d43b0f94627d45918e18a80be127aa2c,14f4db886cca4104877ac7d1d7a64133,04fa591263664fb0a6868552ebd3590b,29088685e31a4d86b60b514e98117361,e88ce4cd350f43398a5c0ab8629cee72,50a2129b83404b94889a01f4688ebafd
ab0c7be344d7444bb59fb3b065a71c88,40a95697730046dcbb0d7ba1fe2109a6,25afb6f7e9314af09008644bca5955b9,a35fecee62a9432da0c413f65e895e8c,384b14b18c3c43b1a4dc1aa2f661e076,d43b0f94627d45918e18a80be127aa2c,14f4db886cca4104877ac7d1d7a64133,04fa591263664fb0a6868552ebd3590b,e88ce4cd350f43398a5c0ab8629cee72,724a3f6551e74ad585bdeac9a75fd639,e96fae6d607246b18b8494aabe521036
b136a0d13d7e431a94e54f2a085d5f52,29088685e31a4d86b60b514e98117361,e96fae6d607246b18b8494aabe521036,f0084465b2e646c9a53d9dc766067d9b,384f94503bcd4f4c863056ad69f45b43,65e52d14d4d64d4fbad3de6ad319e745,d445ccdb4cda497e9f0343a3298022d2,724a3f6551e74ad585bdeac9a75fd639,0e28ed072d6c444aa6f02e64955b44c6,08ecf89bc10942a4bd894482f6fcdfa7,b834c0b0c10b471b87ad3f11468de619
210a3e79a4a149179749cd7a5b127f63,29088685e31a4d86b60b514e98117361,e96fae6d607246b18b8494aabe521036,f0084465b2e646c9a53d9dc766067d9b,384f94503bcd4f4c863056ad69f45b43,65e52d14d4d64d4fbad3de6ad319e745,d445ccdb4cda497e9f0343a3298022d2,724a3f6551e74ad585bdeac9a75fd639,08ecf89bc10942a4bd894482f6fcdfa7,6fbdacd3d8814ea2a13e81ee1ec128f2,b834c0b0c10b471b87ad3f11468de619
2071beae14fe435b9e3943e22e8b430b,ef8c056ecb524439a48c881089537951,984058b7165d4c6385bec3c94afa9fb2,3cb231e1167e45f9bf5771a4e0074092,b585a2970e9f421da236241f603883f2,63eab812f3254cccb9631b09725aec3d,384b14b18c3c43b1a4dc1aa2f661e076,243dbbcdc67c42bfa6f32c47477adf6d,8228c9eb29a542ba98c8b9b854eadaa4,7359a1cc20d54f96aeea121d7247b88d,f69bf682935e47e1b4c72d237becd13a
40eb15fd325c48bea6a7988ce40cc33b,ef8c056ecb524439a48c881089537951,984058b7165d4c6385bec3c94afa9fb2,3cb231e1167e45f9bf5771a4e0074092,b585a2970e9f421da236241f603883f2,63eab812f3254cccb9631b09725aec3d,90b560de76b149c09c7cd6efb3f12cfd,8228c9eb29a542ba98c8b9b854eadaa4,f69bf682935e47e1b4c72d237becd13a,7359a1cc20d54f96aeea121d7247b88d,384b14b18c3c43b1a4dc1aa2f661e076
7be90785152d4e01b53aa4b1f3c74097,f6207eb593394ff78e2cb35057477422,b277101390e1465685ef79bf3519f8d7,b585a2970e9f421da236241f603883f2,bdb0d45caa2a4943959f8f501e51132b,b90d74e80c37486eaee89b6fbab13671,e834bfbd30b247e899f0dc029ab9f072,7d3d751215194e649a03457226f599d7,3766b26b53874893ae48693880e1942c,de6ac628a786435f9925c8cc1d707d6b,e3854d75221c4e38879a6106bb5c1941
61e3c16563b44edb85bee0caf5de33b0,f6207eb593394ff78e2cb35057477422,b277101390e1465685ef79bf3519f8d7,b585a2970e9f421da236241f603883f2,bdb0d45caa2a4943959f8f501e51132b,b90d74e80c37486eaee89b6fbab13671,7d3d751215194e649a03457226f599d7,8746ae2ca7514699b629b4d9b5fe95a7,e834bfbd30b247e899f0dc029ab9f072,243dbbcdc67c42bfa6f32c47477adf6d,e3854d75221c4e38879a6106bb5c1941
79dc8e29d2a747c793ab1fe11ba6045b,00fb3a55134242769182c520d55681a2,8a464aa9e2ee45d0abc7ae6181cd1bda,b00b2395b49949508fade89bb3eac98b,dd9e8283197b473d8ffd502561bdaaec,2939ef012c5c4a1b94b49df9469dfb3c,d445ccdb4cda497e9f0343a3298022d2,11e1e3cdfe214385a2c24d0f957dde9b,d7c9dafddaf547159d366dacf7b68a7e,a865b8d581b44104afe7c8508e3486f5,a0b4d283f12a407286dbeaa3a4d128a5
dfc436b508974e349cbf602bb7fe9b7a,43464ed6733f4642a0b90e7d995a5e40,8a464aa9e2ee45d0abc7ae6181cd1bda,1f3cf50fe1f947d8a56e02ebca441c4c,cb32ec9a538a4c0f8462771946ced93b,fc70a4c2c4834e0eba1a14470f563b03,8f0e477fc779414e9b47995c0b25a87d,afac6ae28fac41dabae96696990c5555,11e1e3cdfe214385a2c24d0f957dde9b,cf290994a83e4909aec30077477b9d04,aa082284f9894b5aa210c179d59999b1
dcd99427d6e64ebcb3af1982854aa02c,43464ed6733f4642a0b90e7d995a5e40,8a464aa9e2ee45d0abc7ae6181cd1bda,1f3cf50fe1f947d8a56e02ebca441c4c,fc70a4c2c4834e0eba1a14470f563b03,cb32ec9a538a4c0f8462771946ced93b,bb6ecabbce1b43d997d00d7acdc95193,cf290994a83e4909aec30077477b9d04,afac6ae28fac41dabae96696990c5555,e4fcd30261804b089efa940359057ba2,b77d8b7bb0114c379139d280a9210e83
c59bf6abbde846999988749ad22b52d3,00fb3a55134242769182c520d55681a2,8a464aa9e2ee45d0abc7ae6181cd1bda,b00b2395b49949508fade89bb3eac98b,2939ef012c5c4a1b94b49df9469dfb3c,67984873125e4a0f9562179c906d1b0f,52ee59901f3b4de884d7a6720538aed6,11e1e3cdfe214385a2c24d0f957dde9b,d445ccdb4cda497e9f0343a3298022d2,d7c9dafddaf547159d366dacf7b68a7e,db620271348d404a9a0b978d96c63f29
a386f6b172a740989c390780b3b856d5,434551fdf9e443ed91679a9557ae6fd5,4254f6eaaed746bea797c3522036fc12,059a284910e849efbbc7073b8681409f,8fdee0611965465eb45387b8c39f4136,f59a3ee5387440d981754b6595e8664c,4a6eba10a02a4ecdbb6b25e8651c3789,f65b6fb5b40a49d1896de7a115469d40,b6c493a3666c4db193e86c79faf099ab,db0c3a952e454b90aa4a68feb6a50e87,29088685e31a4d86b60b514e98117361
ad563855246b46adaf5fdeecbfdc081b,f32f4607b4714e378831f924c5e6084d,249c2d8d8d2345c6990b3c4d94385b5a,e96fae6d607246b18b8494aabe521036,44f41e6e6faa4facb0bb9a72205229f8,29088685e31a4d86b60b514e98117361,7fe9e665bf41491c9788941aa2894a10,f59a3ee5387440d981754b6595e8664c,78d0265d47df4f4cb7153da919763730,6732de8994744decbb3306c74aaa7882,384b14b18c3c43b1a4dc1aa2f661e076
0485db5bb76a491782e78c6e98f4c913,636c21e19a5845e1b8d69a5fca928030,2639b6540bda414f8a9baa3b5cdb612a,0f52f676197e4d4e92dec0a7bc4c4f7d,e5a3c8867e44498d9182e8be934e0fce,724a3f6551e74ad585bdeac9a75fd639,51c6049a18b84ee381d0512e40b67c0e,c65af18670ea437c8986884645b3afe9,a5d5fb459a1844088e93ae557ab34afe,cf7476d6c96b4dcdb6f025b9291eb62b,e2769c67dadd4c988f7ccf249a998a56
38535cc9165a4684af9a3ee208dccb9a,36ac84a73ad34261ad45cf569edb60af,3c0f3b44c0844df49b5898406fe9195a,ac5a760b45c146ec840193371cfb2d30,67dd23cfd20f46dc82acc82c108a1dc6,d25e6f2fc8154dd7816f8f7a41bee12b,8987ceafff324f9599b842542e37eddd,211ef3181e524685866fb8574d9bf456,b3209c60460a437294e2b30a9e9d3f53,afaf2edba0ee4d58860a5a04e4aabc5c,bf789f42ccfc42c5a330a3f6e30ddb83
7812e64c9f5a45dea8c59e366c0a1b2c,3c0f3b44c0844df49b5898406fe9195a,36ac84a73ad34261ad45cf569edb60af,29fb30a75c57451a85f310aa6423a662,f65c7f50929f431dbf31b441d87616d0,1393dac7d34b4c34b1a8091a5bea3663,7879fa4d4db046a2a8d195311b6e5789,b2992fe473124dd0b895cf81f59f6db6,ce4fdd5499f8498793c11e586f7da70c,5cf392f15360460bae6a6b0182bb99b9,63eab812f3254cccb9631b09725aec3d
e0cdf7eb868e4cf28007a946c4dcedcd,36ac84a73ad34261ad45cf569edb60af,3c0f3b44c0844df49b5898406fe9195a,b2992fe473124dd0b895cf81f59f6db6,ac5a760b45c146ec840193371cfb2d30,67dd23cfd20f46dc82acc82c108a1dc6,211ef3181e524685866fb8574d9bf456,ee89670285c74e27aa174dadf39fbca7,9bf3b77eb9874f5f9e006a9cff111ea9,f65c7f50929f431dbf31b441d87616d0,f6061b71031b4ddb9384f86c103690a4
966272e605644a9783d154f8e2038dbb,36ac84a73ad34261ad45cf569edb60af,3c0f3b44c0844df49b5898406fe9195a,b2992fe473124dd0b895cf81f59f6db6,ac5a760b45c146ec840193371cfb2d30,211ef3181e524685866fb8574d9bf456,67dd23cfd20f46dc82acc82c108a1dc6,ee89670285c74e27aa174dadf39fbca7,9bf3b77eb9874f5f9e006a9cff111ea9,f65c7f50929f431dbf31b441d87616d0,191b01e1728e4583a8ead5a86db27370
9fd9ddafbc6c43a9982d0ef0dcbca940,36ac84a73ad34261ad45cf569edb60af,3c0f3b44c0844df49b5898406fe9195a,ac5a760b45c146ec840193371cfb2d30,67dd23cfd20f46dc82acc82c108a1dc6,d25e6f2fc8154dd7816f8f7a41bee12b,211ef3181e524685866fb8574d9bf456,afaf2edba0ee4d58860a5a04e4aabc5c,8987ceafff324f9599b842542e37eddd,f879b316413f45d2b64bb25e3f45a667,7199f2fe77824236a392e1f00a5bdfc3
4aa3ef7644b6471b805cdbce95bcc6b8,ccb62901750b4d13a922fc161b607f83,87fc1d6a57ea488786caaec8599c3b8b,e12ad1ce8e7940a999b9a4f91a95fab7,797cc520b8c94d9bbef187818ab51647,64e74af099b0485f8b6e71ac73aa2cb8,d695b7afdc3841a28a56df578e56afce,3356a8a8c6ee4f30bc2b028e360d4471,f1c9c5051bdd4a11a064260bbb9d6d7b,a7077a82d2c74518b96fb45e35f6e150,77cecb221149474896d9b2eb848bf150
d19e7fd5a62e4d28bb80ac4eddf34d1c,ccb62901750b4d13a922fc161b607f83,6866efc8987a4ec8b04b7abd28fb5777,e12ad1ce8e7940a999b9a4f91a95fab7,87fc1d6a57ea488786caaec8599c3b8b,44f41e6e6faa4facb0bb9a72205229f8,d695b7afdc3841a28a56df578e56afce,797cc520b8c94d9bbef187818ab51647,f12e9e5805534d719f829332d1ea5d29,a7077a82d2c74518b96fb45e35f6e150,b585a2970e9f421da236241f603883f2
26da5929257a4a70997444abb7ed9998,6866efc8987a4ec8b04b7abd28fb5777,e12ad1ce8e7940a999b9a4f91a95fab7,87fc1d6a57ea488786caaec8599c3b8b,d695b7afdc3841a28a56df578e56afce,797cc520b8c94d9bbef187818ab51647,a7077a82d2c74518b96fb45e35f6e150,3356a8a8c6ee4f30bc2b028e360d4471,27a0d24dc1e14b28a1f18456b29c93f1,63eab812f3254cccb9631b09725aec3d,7226603f024c45c6a6e44b00e52e8aad
9538feefe1d84c03874b872ae3f48947,ccb62901750b4d13a922fc161b607f83,87fc1d6a57ea488786caaec8599c3b8b,e12ad1ce8e7940a999b9a4f91a95fab7,797cc520b8c94d9bbef187818ab51647,64e74af099b0485f8b6e71ac73aa2cb8,d695b7afdc3841a28a56df578e56afce,f1c9c5051bdd4a11a064260bbb9d6d7b,3356a8a8c6ee4f30bc2b028e360d4471,a7077a82d2c74518b96fb45e35f6e150,77cecb221149474896d9b2eb848bf150
03b02260fc474ab29d5d6a1398847a2a,9a500a20b1ff4694acc31339a8d1349e,00614d60b3544ba790dfd23dd53992e0,8ebbcf8e4e6f400ba1839e9d75806274,07d869789eda4445a1ecfe59c331db0d,fe363cef357840fcb35f320fe7c27e4e,556743bab70d4b75bafcf192fef95b16,f92d16d3a970487094292439c3e00923,415641aa43724ed9bc4710302b77edc3,009be1c3430743ff9b054bdfcd6228d6,f335a944a27a4504a82ecf70c2d4a5e4
f19622c340af46aabec5a3eebfea35fa,9a500a20b1ff4694acc31339a8d1349e,4285b02dc9164cb9bae36b0566bb42f0,00614d60b3544ba790dfd23dd53992e0,8ebbcf8e4e6f400ba1839e9d75806274,07d869789eda4445a1ecfe59c331db0d,7584980704ae4617bb27ca162cc9c5db,cd6ce920d00e4d17a6cf04f9f7e550b7,93bf0b86be094f68a9d308ca5ecfb4e3,27fe100af7884932a33bf30f10dacc55,415641aa43724ed9bc4710302b77edc3
b2c57f611c954c84ad5bc681d1798dee,9a500a20b1ff4694acc31339a8d1349e,00614d60b3544ba790dfd23dd53992e0,8ebbcf8e4e6f400ba1839e9d75806274,07d869789eda4445a1ecfe59c331db0d,fe363cef357840fcb35f320fe7c27e4e,556743bab70d4b75bafcf192fef95b16,009be1c3430743ff9b054bdfcd6228d6,f92d16d3a970487094292439c3e00923,415641aa43724ed9bc4710302b77edc3,f335a944a27a4504a82ecf70c2d4a5e4
98e31f0110bd4082b8a9c780c4658d5b,e79ae27b52fa4d54aa37735fd275c66e,225818abe99e45a0bf5b0b3ec30db76b,df5ca61304074da1bec8f536ab50baf3,75efe5ddef364f49865d9bb283492b48,b9228fdb5f0c413d81cffb51829d95c6,fadf133e0e684a24ac79b5fa9515bac2,f532294d68604bc2aa9ad8804a8c6d5f,13e659415ac84c7a81fc769111d43417,a64f6232ee1e4357937008a327a63cf4,1ad0cf33e96243888d5f970195a75586
ba97c80ce0a5461d938b43cfdc812679,e79ae27b52fa4d54aa37735fd275c66e,225818abe99e45a0bf5b0b3ec30db76b,df5ca61304074da1bec8f536ab50baf3,75efe5ddef364f49865d9bb283492b48,b9228fdb5f0c413d81cffb51829d95c6,fadf133e0e684a24ac79b5fa9515bac2,13e659415ac84c7a81fc769111d43417,1ad0cf33e96243888d5f970195a75586,f532294d68604bc2aa9ad8804a8c6d5f,0bd1cce9370a461089e25393086800a8
eef39c9128b1421cb4e7b9c83fee0c82,b9228fdb5f0c413d81cffb51829d95c6,7ec1584e9a5b49eab9ef249143d9bb86,c756409435634fc48c643a64e73c93ce,cc243eebbb2b44a581745865a60c423a,6f57d1175ad243edada61643d01fcd54,fadf133e0e684a24ac79b5fa9515bac2,f439b5616ba24b7f82eccfa095a0eff8,0bd1cce9370a461089e25393086800a8,245212a659504b9b9cdbaf1ab1d040ff,39e2b00e1cbd471488cf56f31d2cec7f
8a738e1a32764f6aa0c264a4a08e2942,b9228fdb5f0c413d81cffb51829d95c6,7ec1584e9a5b49eab9ef249143d9bb86,c756409435634fc48c643a64e73c93ce,cc243eebbb2b44a581745865a60c423a,6f57d1175ad243edada61643d01fcd54,fadf133e0e684a24ac79b5fa9515bac2,f439b5616ba24b7f82eccfa095a0eff8,0bd1cce9370a461089e25393086800a8,245212a659504b9b9cdbaf1ab1d040ff,39e2b00e1cbd471488cf56f31d2cec7f
173559035aac478591718da5062ea4e7,c4b9d7a8d5d342459d2282589b3af293,e53dd6188816429ab915de6f9649a026,93dc50abd35349f7923100dca2f41002,521004289ebc4e6da6623381d40a5e73,98b2022b2cb84af09ee8b789db928b13,13cda6e8f2d948eeb5508288a172e76f,54e9bbd0093947a3bda5fef48ef7493d,04537eabb0434eb2804d1220770b85a0,3675c688960a4f3b9f82c4ccf4049e93,b8da01ceddcb45a491a288ddbc658e90
6fb705d0d2f04e52b810c48e7fc82a2e,c4b9d7a8d5d342459d2282589b3af293,e53dd6188816429ab915de6f9649a026,04537eabb0434eb2804d1220770b85a0,54e9bbd0093947a3bda5fef48ef7493d,93dc50abd35349f7923100dca2f41002,c1def54262224e23acf67a9870725ce5,afaf2edba0ee4d58860a5a04e4aabc5c,7d6cdff8c9ac434196df803628fe9f62,13cda6e8f2d948eeb5508288a172e76f,97959d02a64f4a3fbbebe7cbece6c012
709e314fe2f6437097221a6c9ab0dc69,75801225047a4c019100660c13f1e0f1,033f1514c78b49dd82148b94f6bcbeba,91f0da6d71574ababd8e868bddec9310,98b2022b2cb84af09ee8b789db928b13,84ff5144597241bba5cbd3d0b21d220d,30c71719aed84c07ae21d0eff0deed72,1aef014473b84ef9a0f799114fe516c9,bc607fd6000b43108e49b3d05688fe90,9ffa09a2b9bd4da0ba98fc537ca68802,de6ac628a786435f9925c8cc1d707d6b
f23420a6638046f4b1536f73bc2e0cb6,75801225047a4c019100660c13f1e0f1,033f1514c78b49dd82148b94f6bcbeba,91f0da6d71574ababd8e868bddec9310,84ff5144597241bba5cbd3d0b21d220d,98b2022b2cb84af09ee8b789db928b13,30c71719aed84c07ae21d0eff0deed72,938147b72e9540da8513910871e0830a,e0ff5d4ae0ec4871a49041d550cdcaa9,8af25c7ae8e14435a6e27a5671968f50,3c0f3b44c0844df49b5898406fe9195a
1d83fbe02659440394a32de73b6c18a3,d60986f4025d443ea58adba0e3d224a1,be42a43f5186434db4f2815f768a9991,009be1c3430743ff9b054bdfcd6228d6,18ab15fbf00f42f7a410ec75f7592bea,1c2b01416e3943e3b3c575e53c3f1d16,5c8a8b7a59c54b9aa7b7136fd91b5869,48240083d13148bd84ddee8c7f9fcd22,da88fa5efc674368b593444ca950dff9,aaab880f032a4e00904cf50566164044,04fa591263664fb0a6868552ebd3590b
3cf470f9d76e42a68e48c748b6c793fb,e9428816b054499298745b742f128f65,009be1c3430743ff9b054bdfcd6228d6,18ab15fbf00f42f7a410ec75f7592bea,be42a43f5186434db4f2815f768a9991,1c2b01416e3943e3b3c575e53c3f1d16,aaab880f032a4e00904cf50566164044,40f040fd5c824c8e8e710af1fdf70b5f,5c8a8b7a59c54b9aa7b7136fd91b5869,48240083d13148bd84ddee8c7f9fcd22,bce599075dfd4fac8dd78626106e3071
168e52d4211e47f9b447e33469c72127,e9428816b054499298745b742f128f65,009be1c3430743ff9b054bdfcd6228d6,18ab15fbf00f42f7a410ec75f7592bea,be42a43f5186434db4f2815f768a9991,1c2b01416e3943e3b3c575e53c3f1d16,aaab880f032a4e00904cf50566164044,40f040fd5c824c8e8e710af1fdf70b5f,5c8a8b7a59c54b9aa7b7136fd91b5869,48240083d13148bd84ddee8c7f9fcd22,2c82919b038847fabbf5d13ca5ac55a7
2cff6320a7ec4c2aafba5c1e3318ddee,d8b3ad3b5c4e474db41a671ab286424f,06a5f0cec6ce4170a02dad0ad4c55b1c,452d645d5bf4485185e996dcec9523e5,655a618282cd4fa39a26f0967c033f4b,60e87368fe334a92b57088b03cccbfc1,f65c7f50929f431dbf31b441d87616d0,db0c3a952e454b90aa4a68feb6a50e87,fb8c2b83e46441c2aaa7c81d3642e2da,0568345606fa4a2c84ed4ea6c74639ee,105ad424733e4cffa7c474b51e3980aa
abadadc5b9f748f59edd8d3abb4d3a01,d8b3ad3b5c4e474db41a671ab286424f,06a5f0cec6ce4170a02dad0ad4c55b1c,655a618282cd4fa39a26f0967c033f4b,452d645d5bf4485185e996dcec9523e5,60e87368fe334a92b57088b03cccbfc1,f65c7f50929f431dbf31b441d87616d0,fb8c2b83e46441c2aaa7c81d3642e2da,105ad424733e4cffa7c474b51e3980aa,db0c3a952e454b90aa4a68feb6a50e87,0568345606fa4a2c84ed4ea6c74639ee
2ea6bb0d68e4468e86828a584e75bb42,bc13c2b0221744a29a8ddf56aa015df9,250d411ae270441085be3501b7b55d86,1aef014473b84ef9a0f799114fe516c9,e511c40ca6324803b5021e47b4e777f8,04537eabb0434eb2804d1220770b85a0,f4474150010f4021a4620372062f3797,599feb1e512c43ad8c0a1845922acf78,ad054da7e1704a53931a341173f0605f,d87e5facd03b45f9829e8a1cd0fe0190,99a52c93a3304ec18dab9206f98f2a8b
983d22fb5ca14e8a9d33f205427d4934,b0d2e6c4b2384950b3696c4414870282,0433768f874042a5b2d2e37ad9deae13,e4fcd30261804b089efa940359057ba2,e0ff5d4ae0ec4871a49041d550cdcaa9,3b7d56c26da14b3a9b1cd52b5b35891b,a0b4d283f12a407286dbeaa3a4d128a5,9ffa09a2b9bd4da0ba98fc537ca68802,b44645c11ece4326a45f50fdc5d45dcf,f2077addeb6142c8b3540916522126e8,590df34aa41f46e9ad13ffc6a98da3b7
c601d5a9e45b400ab8ffe8a62cc6dd5b,bc13c2b0221744a29a8ddf56aa015df9,250d411ae270441085be3501b7b55d86,e511c40ca6324803b5021e47b4e777f8,1aef014473b84ef9a0f799114fe516c9,04537eabb0434eb2804d1220770b85a0,f4474150010f4021a4620372062f3797,df0c94234d9d4890b5b4b95c441b3e9a,59f62d35b1ad451397b700b3dad25448,35d06fce2df446569702778e2250bd82,0accd1d0138b49049d437c0d9b1c23c3
af9775f02cb64e7a89d41bfd3138d87c,b0d2e6c4b2384950b3696c4414870282,0433768f874042a5b2d2e37ad9deae13,3b7d56c26da14b3a9b1cd52b5b35891b,b44645c11ece4326a45f50fdc5d45dcf,e0ff5d4ae0ec4871a49041d550cdcaa9,9ffa09a2b9bd4da0ba98fc537ca68802,e4fcd30261804b089efa940359057ba2,9aca522158f443fd8a9caaec38ae5e2c,033f1514c78b49dd82148b94f6bcbeba,30c71719aed84c07ae21d0eff0deed72
6e03c908e766447c8bca6c98861b5a60,6c79712e67b54dd0a11d426a91207939,295d0d40791245ff838c73a2aa27d065,26e55eb4d910464497d700bfdf5a36ca,33b5e2ae5ebe4f548bac3a00ab0a59eb,e343a998f4df4ac195c84e0fb571a393,556743bab70d4b75bafcf192fef95b16,e735729c80d84f76a6133c065d5380f8,7ec1584e9a5b49eab9ef249143d9bb86,50a2129b83404b94889a01f4688ebafd,2f0401170d104b47b0a8f087f69dee88
44483008955a408db228e36e7af53fdc,5363ae1c905d4879a63259de4954702e,6c79712e67b54dd0a11d426a91207939,26e55eb4d910464497d700bfdf5a36ca,33b5e2ae5ebe4f548bac3a00ab0a59eb,e735729c80d84f76a6133c065d5380f8,3aa003c1e31b476e999c3a808a1d5dc6,0accd1d0138b49049d437c0d9b1c23c3,35c5a560ecdc4d6a9d20f057ed1fa0e6,5455e62f52ae4e03b2a5d0e8b9899506,a94cb58f1ca8456b96e39b5b1ebfb7ea
42507e0cf2f146b4a2773c26d941610d,5363ae1c905d4879a63259de4954702e,6c79712e67b54dd0a11d426a91207939,33b5e2ae5ebe4f548bac3a00ab0a59eb,26e55eb4d910464497d700bfdf5a36ca,e735729c80d84f76a6133c065d5380f8,57bcda73abab44ee930b20cdaee9d24b,a94cb58f1ca8456b96e39b5b1ebfb7ea,0accd1d0138b49049d437c0d9b1c23c3,e7ee85dd47ca43eeb2fdcd70b802f0ec,35c5a560ecdc4d6a9d20f057ed1fa0e6
fdd87abf600a4abaa1d0210384b5076f,6c79712e67b54dd0a11d426a91207939,295d0d40791245ff838c73a2aa27d065,26e55eb4d910464497d700bfdf5a36ca,33b5e2ae5ebe4f548bac3a00ab0a59eb,e343a998f4df4ac195c84e0fb571a393,e735729c80d84f76a6133c065d5380f8,9948a890ef25479e834f70944cb42eae,50a2129b83404b94889a01f4688ebafd,556743bab70d4b75bafcf192fef95b16,0accd1d0138b49049d437c0d9b1c23c3
bd2ab791b5d947aebc36dd63a25b782d,b6c493a3666c4db193e86c79faf099ab,476ce3ffff564a5aa985808e7d2cab17,8c674a7b65e24114a45dd3c861a7ccfc,65e30dd62cfa4dccb9ea4d908a9d6fab,66f4c650b7ca48f1bc27f9daff8d312a,41047823f2cb4194ba1e0709443c719a,434551fdf9e443ed91679a9557ae6fd5,08ecf89bc10942a4bd894482f6fcdfa7,cb32ec9a538a4c0f8462771946ced93b,ee7c00877ae64dac87123a3d75251530
f97b6d6044f64e668c6bfa4856de6e2e,b6c493a3666c4db193e86c79faf099ab,476ce3ffff564a5aa985808e7d2cab17,8c674a7b65e24114a45dd3c861a7ccfc,65e30dd62cfa4dccb9ea4d908a9d6fab,66f4c650b7ca48f1bc27f9daff8d312a,41047823f2cb4194ba1e0709443c719a,08ecf89bc10942a4bd894482f6fcdfa7,434551fdf9e443ed91679a9557ae6fd5,cb32ec9a538a4c0f8462771946ced93b,ee7c00877ae64dac87123a3d75251530
dbdb837b049042bcb0b995828a1463d5,a0b4d283f12a407286dbeaa3a4d128a5,9daaefe080b34656a0c7a54d2d6a1713,cb32ec9a538a4c0f8462771946ced93b,b425f33c33ad4be89a12da266d131a86,c588868fc3fd4e87a7cddf1ceb00b022,8a464aa9e2ee45d0abc7ae6181cd1bda,ca1a2a6308834baba3140b5ce8f81320,f59a3ee5387440d981754b6595e8664c,2c65a898314b42e6b2e93dca66fd15c2,1a0ac2d40cb04ca993e1db68d787728a
e4e8bbb77d39441f89e7899ac799567c,a0b4d283f12a407286dbeaa3a4d128a5,cb32ec9a538a4c0f8462771946ced93b,b425f33c33ad4be89a12da266d131a86,9daaefe080b34656a0c7a54d2d6a1713,c588868fc3fd4e87a7cddf1ceb00b022,2c65a898314b42e6b2e93dca66fd15c2,f59a3ee5387440d981754b6595e8664c,1a0ac2d40cb04ca993e1db68d787728a,8a464aa9e2ee45d0abc7ae6181cd1bda,da9cfbdf124143b78bec89393dd5287a
884628be75bf4632adba41416b2dcb2d,f65b6fb5b40a49d1896de7a115469d40,243dbbcdc67c42bfa6f32c47477adf6d,3aa003c1e31b476e999c3a808a1d5dc6,434551fdf9e443ed91679a9557ae6fd5,4254f6eaaed746bea797c3522036fc12,f5a9583711fc4ff4a46e85c24886b234,39a08a87897f47d3bdbbdc5ed8c9cd7f,3b37a4c34b6e4ca89a04da864e141422,dcfb738ebbc24f09bb680fe3a52b702e,e43d8e7bc32f406b9a692e2604f5b45a
736b602483e04289bedcbe5e6082e394,45f4192f485a49d9a75219ae4d0c41ee,c1def54262224e23acf67a9870725ce5,d476be2399b7424a88d242b771c32041,27a0d24dc1e14b28a1f18456b29c93f1,99a52c93a3304ec18dab9206f98f2a8b,85d4175b563d48e5bc6a991b23662f24,b40d3c588ad647ff85e397a6bc5f9d8b,e8927e14983a43da900edd926dd35adb,fc430b7683934be2aba12468b2409bb8,89e983dca0a34b768e17b3871b9cea1e
46dfeacada264da795ae8f40feca0462,45f4192f485a49d9a75219ae4d0c41ee,d476be2399b7424a88d242b771c32041,c1def54262224e23acf67a9870725ce5,85d4175b563d48e5bc6a991b23662f24,99a52c93a3304ec18dab9206f98f2a8b,27a0d24dc1e14b28a1f18456b29c93f1,e8927e14983a43da900edd926dd35adb,da88fa5efc674368b593444ca950dff9,643fbbdd6b764ba9904a4ee67a86b9fd,b40d3c588ad647ff85e397a6bc5f9d8b
398185f5bc8c44629ec6d92103b2a26e,14ca42308d3141fba50b774042144343,1a0ac2d40cb04ca993e1db68d787728a,ff51ca928cd54f4da620c27983e221f8,b425f33c33ad4be89a12da266d131a86,00e9d4081c2f45d1a818bfeab099863a,9460474d89704a68aaa6ccb62310ae3d,b40d3c588ad647ff85e397a6bc5f9d8b,df0c94234d9d4890b5b4b95c441b3e9a,cb32ec9a538a4c0f8462771946ced93b,0bd1cce9370a461089e25393086800a8
7881cf6f764e4853ab524e92060b86db,3ec67e948e15423fac23fdd38a7d4cca,3827ad869b3740278b98db4e65c40e0c,ef8c056ecb524439a48c881089537951,d716ea165223433a8d49b93e96989482,f6207eb593394ff78e2cb35057477422,d87bd2402bef4672be17b62cec113ba8,eeca68825e2a4bbdaa5ae962998fc33b,174581fc299840e18e827432c0cce4dc,8fdee0611965465eb45387b8c39f4136,8ebbcf8e4e6f400ba1839e9d75806274
b5a0c3ca548c404e8f6ce3bddb0642d8,f69855cdf66d4f6887ecfd0ddb9014b5,35c5a560ecdc4d6a9d20f057ed1fa0e6,095ac293b64a4a58b1b3d3f71453a267,b585a2970e9f421da236241f603883f2,530b37164090408dbab4e6da51111b8a,6bde760ad5d4485db9889b1bdc074005,7aceed0dbea645b091207f4a53d879f2,3aa003c1e31b476e999c3a808a1d5dc6,c84deec0ecf843c39f52d4cb8e7300f8,434551fdf9e443ed91679a9557ae6fd5
16b427f91adb47be8f9ef97448bf84da,3ec67e948e15423fac23fdd38a7d4cca,ef8c056ecb524439a48c881089537951,3827ad869b3740278b98db4e65c40e0c,f6207eb593394ff78e2cb35057477422,eeca68825e2a4bbdaa5ae962998fc33b,8fdee0611965465eb45387b8c39f4136,d716ea165223433a8d49b93e96989482,d87bd2402bef4672be17b62cec113ba8,174581fc299840e18e827432c0cce4dc,984058b7165d4c6385bec3c94afa9fb2
a9f8715606d84f499a84ad01589fc4b3,35c5a560ecdc4d6a9d20f057ed1fa0e6,f69855cdf66d4f6887ecfd0ddb9014b5,b585a2970e9f421da236241f603883f2,7aceed0dbea645b091207f4a53d879f2,095ac293b64a4a58b1b3d3f71453a267,6bde760ad5d4485db9889b1bdc074005,530b37164090408dbab4e6da51111b8a,baad022010b44fad8d8410869d909fd1,d60986f4025d443ea58adba0e3d224a1,0ecfdd96e0054841883acba75e83b232
fd6075f13adb4cdc8540f83b192abddc,b90d74e80c37486eaee89b6fbab13671,97959d02a64f4a3fbbebe7cbece6c012,04537eabb0434eb2804d1220770b85a0,afaf2edba0ee4d58860a5a04e4aabc5c,e834bfbd30b247e899f0dc029ab9f072,7960902edf4b47d686f704441aa56b0e,71c1a8479b194efca65b44fb7f327afb,3cb231e1167e45f9bf5771a4e0074092,01ffceddb5b34406a08bb982b424b3cf,2c82919b038847fabbf5d13ca5ac55a7
b7c34ab8ac2b44a993051b96fadef9cb,b90d74e80c37486eaee89b6fbab13671,04537eabb0434eb2804d1220770b85a0,afaf2edba0ee4d58860a5a04e4aabc5c,97959d02a64f4a3fbbebe7cbece6c012,e834bfbd30b247e899f0dc029ab9f072,7960902edf4b47d686f704441aa56b0e,3cb231e1167e45f9bf5771a4e0074092,01ffceddb5b34406a08bb982b424b3cf,a4af9472683c4df0a86f9400c99c2b61,e3854d75221c4e38879a6106bb5c1941
5fe5888079644c41b966985f5b572f9c,bc607fd6000b43108e49b3d05688fe90,f5d09519cf7647f8a107cd8fadd322e5,ef8c056ecb524439a48c881089537951,7e8a4a43e2f84dbb88e41cb24b3fe79f,701ac1447f5a414e81156a56c3593a31,3e6a4b65a1004c08a6f3f570cf986c2f,0842a796c09b4089933a4f27e4e5e3bc,f69bf682935e47e1b4c72d237becd13a,511fe9c8b20b4fda94969745238c9474,d5ecdd142b544edca1b16ee83a9cf908
e850e901ed844eacbf240b4358dadc9a,bc607fd6000b43108e49b3d05688fe90,ef8c056ecb524439a48c881089537951,f5d09519cf7647f8a107cd8fadd322e5,701ac1447f5a414e81156a56c3593a31,7e8a4a43e2f84dbb88e41cb24b3fe79f,31a2675a2e944a1ab3b810cfb92ebd34,b85d652ba8d244f8ab9e941966094f28,984058b7165d4c6385bec3c94afa9fb2,f69bf682935e47e1b4c72d237becd13a,91f9f8576e5142a49926bd623b0bc19c
07a659cb697144d5b174a3c714670fcd,b2bcb4d9456c4763a0159ffd1f3660bb,bf789f42ccfc42c5a330a3f6e30ddb83,f5d09519cf7647f8a107cd8fadd322e5,b3f8b4bec0164d0e81997b4f5a277e8f,3e6a4b65a1004c08a6f3f570cf986c2f,15b7b988bba143989cfd98d5c6c4d203,b2992fe473124dd0b895cf81f59f6db6,00e9d4081c2f45d1a818bfeab099863a,9909a671f7414c19b2727e7d4d4dcf1b,342aaa81ed004635bbf9cbc2592cd7b6
1860486ceb1947ea93fe348ae75fe1f2,b2bcb4d9456c4763a0159ffd1f3660bb,bf789f42ccfc42c5a330a3f6e30ddb83,f5d09519cf7647f8a107cd8fadd322e5,e8f18e4bdf054390a1768978dca8e430,15b7b988bba143989cfd98d5c6c4d203,701ac1447f5a414e81156a56c3593a31,b2992fe473124dd0b895cf81f59f6db6,71c1a8479b194efca65b44fb7f327afb,3e6a4b65a1004c08a6f3f570cf986c2f,c24e3823376b436c8eb46eaeebbc7718
40f9434041994e2ca0b5307725fdd4bc,ee7c00877ae64dac87123a3d75251530,41047823f2cb4194ba1e0709443c719a,66f4c650b7ca48f1bc27f9daff8d312a,da9cfbdf124143b78bec89393dd5287a,2c65a898314b42e6b2e93dca66fd15c2,f59a3ee5387440d981754b6595e8664c,e43d8e7bc32f406b9a692e2604f5b45a,cb32ec9a538a4c0f8462771946ced93b,b425f33c33ad4be89a12da266d131a86,90b560de76b149c09c7cd6efb3f12cfd
75978aae26274d9b926b0b08cc16950a,ee7c00877ae64dac87123a3d75251530,cb32ec9a538a4c0f8462771946ced93b,7f23e27e5652406784fdc2dea3918125,f65b6fb5b40a49d1896de7a115469d40,f59a3ee5387440d981754b6595e8664c,14ca42308d3141fba50b774042144343,41047823f2cb4194ba1e0709443c719a,da9cfbdf124143b78bec89393dd5287a,1a0ac2d40cb04ca993e1db68d787728a,b425f33c33ad4be89a12da266d131a86
7fb1043e17c142cf8bc1704c263ae9b4,701ac1447f5a414e81156a56c3593a31,7e8a4a43e2f84dbb88e41cb24b3fe79f,342aaa81ed004635bbf9cbc2592cd7b6,bdb0d45caa2a4943959f8f501e51132b,f879b316413f45d2b64bb25e3f45a667,2b039224b54142d185a406b31fe01de2,7ab9086baf99475d8c93862a7dd36344,563043f180e54e238ad4876974e5db4c,e4fcd30261804b089efa940359057ba2,cd764fbfae774d068af7549c648a02c9
13a4af2eb59944b9926a2ceec4e169fa,bf789f42ccfc42c5a330a3f6e30ddb83,f5d09519cf7647f8a107cd8fadd322e5,3e6a4b65a1004c08a6f3f570cf986c2f,701ac1447f5a414e81156a56c3593a31,b2bcb4d9456c4763a0159ffd1f3660bb,c750a2994555414790abb3281572bb42,2b039224b54142d185a406b31fe01de2,bc607fd6000b43108e49b3d05688fe90,37ae696e40dd42ebb4738722daa3c523,e8f18e4bdf054390a1768978dca8e430
7c0b316dd59246b4ba2bbf879d7c9d74,701ac1447f5a414e81156a56c3593a31,342aaa81ed004635bbf9cbc2592cd7b6,7e8a4a43e2f84dbb88e41cb24b3fe79f,bdb0d45caa2a4943959f8f501e51132b,f879b316413f45d2b64bb25e3f45a667,7ab9086baf99475d8c93862a7dd36344,72a7e2ce22d045efbdbbab9c68f5d026,2b039224b54142d185a406b31fe01de2,563043f180e54e238ad4876974e5db4c,f69bf682935e47e1b4c72d237becd13a
9adf6404c5364c9da78b1c60e57ed94b,bf789f42ccfc42c5a330a3f6e30ddb83,f5d09519cf7647f8a107cd8fadd322e5,3e6a4b65a1004c08a6f3f570cf986c2f,c750a2994555414790abb3281572bb42,b2bcb4d9456c4763a0159ffd1f3660bb,701ac1447f5a414e81156a56c3593a31,191b01e1728e4583a8ead5a86db27370,b2992fe473124dd0b895cf81f59f6db6,bc607fd6000b43108e49b3d05688fe90,37ae696e40dd42ebb4738722daa3c523
d1c6d2db55584c7e9425bce6b4029bcb,2fcf4a04d3654ffb9a5c1dfa3799e4f0,3bd43a42811048e3b7a7d9740bdb1971,d43b0f94627d45918e18a80be127aa2c,a0408a6462b24cf18e50a8616359d5ad,878e5c41be5c477e9f660ca361fdd727,cb550e5ff4694fe9a19eaa6588cef250,8746ae2ca7514699b629b4d9b5fe95a7,7ef653f7e5f64e1b8bba73b9518b87b7,f3fddb55448a46778b5d807642cceb71,33b5e2ae5ebe4f548bac3a00ab0a59eb
6a4118df6def4cfeae3bb62650bcbfe1,d43b0f94627d45918e18a80be127aa2c,a0408a6462b24cf18e50a8616359d5ad,8746ae2ca7514699b629b4d9b5fe95a7,878e5c41be5c477e9f660ca361fdd727,7ef653f7e5f64e1b8bba73b9518b87b7,a8904adcdd21495f890bc614bfdbf86f,cb550e5ff4694fe9a19eaa6588cef250,408ae6a767874fc782467ec2f054ad15,f3fddb55448a46778b5d807642cceb71,21eb9f06dd834a108d816efdf3aca8dc
70e2b8adca1a4fae93ba2708abc854fc,2fcf4a04d3654ffb9a5c1dfa3799e4f0,3bd43a42811048e3b7a7d9740bdb1971,d43b0f94627d45918e18a80be127aa2c,a0408a6462b24cf18e50a8616359d5ad,878e5c41be5c477e9f660ca361fdd727,cb550e5ff4694fe9a19eaa6588cef250,8746ae2ca7514699b629b4d9b5fe95a7,7ef653f7e5f64e1b8bba73b9518b87b7,f3fddb55448a46778b5d807642cceb71,33b5e2ae5ebe4f548bac3a00ab0a59eb
a14d78aab651419fbb973ee24df782f0,d43b0f94627d45918e18a80be127aa2c,a0408a6462b24cf18e50a8616359d5ad,eabdd2813a954f9aa01f0eb8212ee387,c36ef11228124c438ed3256c9822b03d,00e9d4081c2f45d1a818bfeab099863a,2839430464164d5ba00713b42d4d96e4,47eb17da319d440aa52da8008c26327a,e6afe89ff7bc491193141c057083d8a8,4e7ee74be72a461fa02fa61bee62bdcc,4385ac4645b34f3c8a44c4676ebcd8be
44b51300330643689a392e7b77ce78b9,8ebbcf8e4e6f400ba1839e9d75806274,1da8cc33bb474411ae16db0233210125,4422777ed51142a99aacf05f446cfea1,b585a2970e9f421da236241f603883f2,00614d60b3544ba790dfd23dd53992e0,65e30dd62cfa4dccb9ea4d908a9d6fab,0433768f874042a5b2d2e37ad9deae13,8a464aa9e2ee45d0abc7ae6181cd1bda,7ee65b33f8f44852ada468b1fed83433,6d3b4c95066e4dd8a6ad1c66b1c1ea4f
a59bcbf84ffb47d0abaf3c42791c4eeb,59f62d35b1ad451397b700b3dad25448,3766b26b53874893ae48693880e1942c,39e2b00e1cbd471488cf56f31d2cec7f,0accd1d0138b49049d437c0d9b1c23c3,57bcda73abab44ee930b20cdaee9d24b,2f0401170d104b47b0a8f087f69dee88,b675be39e8ff421aa59811f146da945b,599feb1e512c43ad8c0a1845922acf78,4152360a4bea4cbbbfbe45ff3bf7f62b,a35d7304347a4f81b1ccfb086956921c
b0133b20a5a9444582fbb510d5158e94,59f62d35b1ad451397b700b3dad25448,e7ee85dd47ca43eeb2fdcd70b802f0ec,57bcda73abab44ee930b20cdaee9d24b,2f0401170d104b47b0a8f087f69dee88,54e9bbd0093947a3bda5fef48ef7493d,39e2b00e1cbd471488cf56f31d2cec7f,b675be39e8ff421aa59811f146da945b,a35d7304347a4f81b1ccfb086956921c,f92d16d3a970487094292439c3e00923,0433768f874042a5b2d2e37ad9deae13
0c4c0aa7638b46729b25d811b58820c2,00fb3a55134242769182c520d55681a2,a865b8d581b44104afe7c8508e3486f5,85d4175b563d48e5bc6a991b23662f24,d756970269e9443fb9bbf645a96aa84e,25109e3a7df549e5b380aae716d71366,c756409435634fc48c643a64e73c93ce,c65af18670ea437c8986884645b3afe9,6b4676aba2a746b3ab778315afc8ee82,ca1a2a6308834baba3140b5ce8f81320,d5ecdd142b544edca1b16ee83a9cf908
077ba3ca8b4f4aafa1c3b07a9c81b87f,00fb3a55134242769182c520d55681a2,0e28ed072d6c444aa6f02e64955b44c6,d445ccdb4cda497e9f0343a3298022d2,8c674a7b65e24114a45dd3c861a7ccfc,90b560de76b149c09c7cd6efb3f12cfd,85d4175b563d48e5bc6a991b23662f24,fb8c2b83e46441c2aaa7c81d3642e2da,6b4676aba2a746b3ab778315afc8ee82,3356a8a8c6ee4f30bc2b028e360d4471,41047823f2cb4194ba1e0709443c719a
343fdc468034438c90562b6db6f39797,b77d8b7bb0114c379139d280a9210e83,c65af18670ea437c8986884645b3afe9,70558882c04e46bd99d15e9786468418,1ad0cf33e96243888d5f970195a75586,1232f20e710b448e8c0538b9e84dab1c,1027a336232c4454a9c4ae450a562788,19a124c6dad14a4fa7864463b081009c,8d595c7da42545c88052e7b213b6c97c,73f684f538ea452cbb4fbecc2e8126a4,1f3cf50fe1f947d8a56e02ebca441c4c
906efceb3d96448092f0c58433b87e1c,b77d8b7bb0114c379139d280a9210e83,c65af18670ea437c8986884645b3afe9,1ad0cf33e96243888d5f970195a75586,70558882c04e46bd99d15e9786468418,8d595c7da42545c88052e7b213b6c97c,1232f20e710b448e8c0538b9e84dab1c,19a124c6dad14a4fa7864463b081009c,73f684f538ea452cbb4fbecc2e8126a4,1027a336232c4454a9c4ae450a562788,1f3cf50fe1f947d8a56e02ebca441c4c
e1236162007c4212aaf19e0771d4b741,f31e9fdffaa642ed98e91b07a30f3a8c,e2769c67dadd4c988f7ccf249a998a56,57430214baf045cb92fa3b3b70a4ca3f,a2612682d9854a30a7684c91c8619ec9,6b4676aba2a746b3ab778315afc8ee82,51c6049a18b84ee381d0512e40b67c0e,7d6122daabe442ffb5e57ece1882e714,8dfbb6a204a0441492c35baca6190969,dcfb738ebbc24f09bb680fe3a52b702e,1f9cd7f2b7a14e2f8d490a104a56edcd
00d00578efec48fab535293ac554abc7,f31e9fdffaa642ed98e91b07a30f3a8c,e2769c67dadd4c988f7ccf249a998a56,57430214baf045cb92fa3b3b70a4ca3f,a2612682d9854a30a7684c91c8619ec9,6b4676aba2a746b3ab778315afc8ee82,51c6049a18b84ee381d0512e40b67c0e,7d6122daabe442ffb5e57ece1882e714,8dfbb6a204a0441492c35baca6190969,dcfb738ebbc24f09bb680fe3a52b702e,1f9cd7f2b7a14e2f8d490a104a56edcd
cb31998c075d450d95c9b67944dcbd76,e79ae27b52fa4d54aa37735fd275c66e,3c1b91a23b694da1973dbc5f75f2f3ed,5abf57d57d84440e94d0d2e2ffb37575,f439b5616ba24b7f82eccfa095a0eff8,f3fddb55448a46778b5d807642cceb71,cffbff4deb374fcf850c679899c6e3f8,c3a741d302d94ee294bb6e4090fd2da9,cb75c6ef71cb4991805920f2894e0e96,199647bd1328406c83c5a875154f97d9,ba8d0208e32e42969bd4349cf24f6ed1
b3ebec0b824f4a8a8fb8920f8441b6fd,19593c97fef0474dbe6051e28338f1e9,97959d02a64f4a3fbbebe7cbece6c012,99a52c93a3304ec18dab9206f98f2a8b,de6ac628a786435f9925c8cc1d707d6b,b40d3c588ad647ff85e397a6bc5f9d8b,f37d285ad0de42f0b1546d0d1acfb221,ffc5805e29a74be0a55b40318aa321d7,23a16d69ffe848d593a4808907d8aa98,7fe9e665bf41491c9788941aa2894a10,595e438d2b394bb3a3259f47efd37ae8
4aa0e4f3efc14a9ea0bce80841eb621b,e79ae27b52fa4d54aa37735fd275c66e,3c1b91a23b694da1973dbc5f75f2f3ed,5abf57d57d84440e94d0d2e2ffb37575,f439b5616ba24b7f82eccfa095a0eff8,cffbff4deb374fcf850c679899c6e3f8,43ee0103cba54b4e9d165717735ca0f6,f3fddb55448a46778b5d807642cceb71,c3a741d302d94ee294bb6e4090fd2da9,c66c6f1449d44728a2ef72de53dd6d5e,39a08a87897f47d3bdbbdc5ed8c9cd7f
497a54d4f7074270862214aee7e64871,e12ad1ce8e7940a999b9a4f91a95fab7,daed5458403e49e3aea72f4bcc6dd224,7226603f024c45c6a6e44b00e52e8aad,6ea31a945d494834a3d243f1f90af02a,f1c9c5051bdd4a11a064260bbb9d6d7b,5abf57d57d84440e94d0d2e2ffb37575,9c69642fab6749848e7ea7f5406a6da4,7e190e3c05d74e6b9f103e39142c1684,f439b5616ba24b7f82eccfa095a0eff8,babbeca1f6a244a2a11ea77a3855e70f
1916331efe4549b3be624c41a1538927,8dfe01febd46475ab5aef97033716ce1,d695b7afdc3841a28a56df578e56afce,f12e9e5805534d719f829332d1ea5d29,52ee59901f3b4de884d7a6720538aed6,ff51ca928cd54f4da620c27983e221f8,e12ad1ce8e7940a999b9a4f91a95fab7,4a6eba10a02a4ecdbb6b25e8651c3789,ca544e6629b14e8fab5f7cb40d1ac88e,a64f6232ee1e4357937008a327a63cf4,f1c9c5051bdd4a11a064260bbb9d6d7b
5ac53d8e26eb4e318f26ab79a0321759,8dfe01febd46475ab5aef97033716ce1,d695b7afdc3841a28a56df578e56afce,ff51ca928cd54f4da620c27983e221f8,f12e9e5805534d719f829332d1ea5d29,52ee59901f3b4de884d7a6720538aed6,ca544e6629b14e8fab5f7cb40d1ac88e,4a6eba10a02a4ecdbb6b25e8651c3789,f1c9c5051bdd4a11a064260bbb9d6d7b,4385ac4645b34f3c8a44c4676ebcd8be,df0c94234d9d4890b5b4b95c441b3e9a
80c9830759ea407a88a5484659289f5d,d695b7afdc3841a28a56df578e56afce,e12ad1ce8e7940a999b9a4f91a95fab7,8dfd98bb97584157b207e1f4be471a8e,6866efc8987a4ec8b04b7abd28fb5777,8dfe01febd46475ab5aef97033716ce1,f12e9e5805534d719f829332d1ea5d29,df0c94234d9d4890b5b4b95c441b3e9a,bbdf9065122d499d9d8f80ad3e0ef6f3,1aef014473b84ef9a0f799114fe516c9,a9573f188204436090fb4a5240e4eccd
6d337f44e61147928e64eab798fe3328,d695b7afdc3841a28a56df578e56afce,e12ad1ce8e7940a999b9a4f91a95fab7,8dfd98bb97584157b207e1f4be471a8e,1aef014473b84ef9a0f799114fe516c9,8dfe01febd46475ab5aef97033716ce1,f12e9e5805534d719f829332d1ea5d29,7226603f024c45c6a6e44b00e52e8aad,3356a8a8c6ee4f30bc2b028e360d4471,6866efc8987a4ec8b04b7abd28fb5777,84ff5144597241bba5cbd3d0b21d220d
0cdbb3c4d2ac4c828901f6bd0a6a2b2f,6732de8994744decbb3306c74aaa7882,4254f6eaaed746bea797c3522036fc12,059a284910e849efbbc7073b8681409f,476ce3ffff564a5aa985808e7d2cab17,b6c493a3666c4db193e86c79faf099ab,8fdee0611965465eb45387b8c39f4136,4a6eba10a02a4ecdbb6b25e8651c3789,8c674a7b65e24114a45dd3c861a7ccfc,a865b8d581b44104afe7c8508e3486f5,f65b6fb5b40a49d1896de7a115469d40
5f108ee31ee841e0a7a9c47cc18206be,b6c493a3666c4db193e86c79faf099ab,434551fdf9e443ed91679a9557ae6fd5,f65b6fb5b40a49d1896de7a115469d40,65e30dd62cfa4dccb9ea4d908a9d6fab,476ce3ffff564a5aa985808e7d2cab17,6732de8994744decbb3306c74aaa7882,d87bd2402bef4672be17b62cec113ba8,243dbbcdc67c42bfa6f32c47477adf6d,059a284910e849efbbc7073b8681409f,8c674a7b65e24114a45dd3c861a7ccfc
747ff46c283a4c069b67ffbf8e5a07cb,4254f6eaaed746bea797c3522036fc12,6732de8994744decbb3306c74aaa7882,059a284910e849efbbc7073b8681409f,476ce3ffff564a5aa985808e7d2cab17,b6c493a3666c4db193e86c79faf099ab,8fdee0611965465eb45387b8c39f4136,71c1a8479b194efca65b44fb7f327afb,8c674a7b65e24114a45dd3c861a7ccfc,4a6eba10a02a4ecdbb6b25e8651c3789,3356a8a8c6ee4f30bc2b028e360d4471
8f0d666c50404645b13bfe3e66f42211,3cb231e1167e45f9bf5771a4e0074092,984058b7165d4c6385bec3c94afa9fb2,9c69642fab6749848e7ea7f5406a6da4,ef8c056ecb524439a48c881089537951,2e7836ee5e5144f5b63e6629b969a362,0c889c151e094b948c13b0275e660a9c,016e634d566b49c199d07357aae9bf33,aa082284f9894b5aa210c179d59999b1,39a08a87897f47d3bdbbdc5ed8c9cd7f,6400e3f6a14c492ba399bd414faca075
6ebcf08b1bfb414a81cb644955467ddc,3cb231e1167e45f9bf5771a4e0074092,984058b7165d4c6385bec3c94afa9fb2,2e7836ee5e5144f5b63e6629b969a362,016e634d566b49c199d07357aae9bf33,9c69642fab6749848e7ea7f5406a6da4,ef8c056ecb524439a48c881089537951,0c889c151e094b948c13b0275e660a9c,39a08a87897f47d3bdbbdc5ed8c9cd7f,7ef653f7e5f64e1b8bba73b9518b87b7,796eade2ee4f466781d9f6669db43e48
ba3cf143599441c69bb6e84716c550c1,b90d74e80c37486eaee89b6fbab13671,b5f237fefb38465bb6a068c9cf75ba31,8c674a7b65e24114a45dd3c861a7ccfc,e3854d75221c4e38879a6106bb5c1941,476ce3ffff564a5aa985808e7d2cab17,db620271348d404a9a0b978d96c63f29,f6207eb593394ff78e2cb35057477422,bbdf9065122d499d9d8f80ad3e0ef6f3,d0e41bf891254ba0872f1641139f84f6,243dbbcdc67c42bfa6f32c47477adf6d
f9c6d687d22445a3a42bb5ef26f1efb1,5cf392f15360460bae6a6b0182bb99b9,039f8e63b273472d8f1d99d9a5de5cf5,aedd476072b345e9be46ebd7260e93a6,f6061b71031b4ddb9384f86c103690a4,c84deec0ecf843c39f52d4cb8e7300f8,77cecb221149474896d9b2eb848bf150,e7aaa514f6f64a258a640ea341aa1a18,99dbf0cd0c6343ffbcf97f04efc4143c,fc430b7683934be2aba12468b2409bb8,baad022010b44fad8d8410869d909fd1
55ff335679e94c7e9136c35ec45ffe08,4d0a737f396d4a95808085bd1306746c,48240083d13148bd84ddee8c7f9fcd22,5cf392f15360460bae6a6b0182bb99b9,07958f43551e459eb30638b632e3cd64,7e190e3c05d74e6b9f103e39142c1684,521004289ebc4e6da6623381d40a5e73,514537782f6549c488a1b932939b4128,a94cb58f1ca8456b96e39b5b1ebfb7ea,3aa003c1e31b476e999c3a808a1d5dc6,812a1568c77d46e695f8eb7357e24a0e
2d18983b2c08444f9c28b8ff9d211b4b,4d0a737f396d4a95808085bd1306746c,812a1568c77d46e695f8eb7357e24a0e,07958f43551e459eb30638b632e3cd64,039f8e63b273472d8f1d99d9a5de5cf5,aedd476072b345e9be46ebd7260e93a6,f6061b71031b4ddb9384f86c103690a4,c84deec0ecf843c39f52d4cb8e7300f8,77cecb221149474896d9b2eb848bf150,1aaf8edc37ea412b85e3d1b5c5317051,e7aaa514f6f64a258a640ea341aa1a18
3ffce0f5b295425b9e8dcac59218f776,48240083d13148bd84ddee8c7f9fcd22,4d0a737f396d4a95808085bd1306746c,07958f43551e459eb30638b632e3cd64,5cf392f15360460bae6a6b0182bb99b9,812a1568c77d46e695f8eb7357e24a0e,7e190e3c05d74e6b9f103e39142c1684,a94cb58f1ca8456b96e39b5b1ebfb7ea,5537ddec608a4ec586ea068fa27547ca,6ea31a945d494834a3d243f1f90af02a,8ebbcf8e4e6f400ba1839e9d75806274
d8a7ca9c214246edb53a05f963f18ae2,d25e6f2fc8154dd7816f8f7a41bee12b,97959d02a64f4a3fbbebe7cbece6c012,f37d285ad0de42f0b1546d0d1acfb221,105ad424733e4cffa7c474b51e3980aa,e96fae6d607246b18b8494aabe521036,34b736136487439389c10cc6bd4e9f4e,23a16d69ffe848d593a4808907d8aa98,dee9eddb2eac41bfaf36d3279d43674a,724a3f6551e74ad585bdeac9a75fd639,6400e3f6a14c492ba399bd414faca075
57062952f9e74d028985df841b24f285,7fe9e665bf41491c9788941aa2894a10,97959d02a64f4a3fbbebe7cbece6c012,105ad424733e4cffa7c474b51e3980aa,f37d285ad0de42f0b1546d0d1acfb221,e96fae6d607246b18b8494aabe521036,3d3e8565d2f84e0cad5ae622f2909765,23a16d69ffe848d593a4808907d8aa98,c4e79c8992e54866b0c6f26c55b1a774,34b736136487439389c10cc6bd4e9f4e,72a7e2ce22d045efbdbbab9c68f5d026
5d12bfa69be74f498b42610ff9736913,7fe9e665bf41491c9788941aa2894a10,97959d02a64f4a3fbbebe7cbece6c012,105ad424733e4cffa7c474b51e3980aa,f37d285ad0de42f0b1546d0d1acfb221,e96fae6d607246b18b8494aabe521036,21019944fc2c4838a682a6dcdc62c4ef,3d3e8565d2f84e0cad5ae622f2909765,b2992fe473124dd0b895cf81f59f6db6,29088685e31a4d86b60b514e98117361,b3209c60460a437294e2b30a9e9d3f53
1ac8ca7603544075954a8714e1990e7f,d25e6f2fc8154dd7816f8f7a41bee12b,97959d02a64f4a3fbbebe7cbece6c012,f37d285ad0de42f0b1546d0d1acfb221,105ad424733e4cffa7c474b51e3980aa,e96fae6d607246b18b8494aabe521036,724a3f6551e74ad585bdeac9a75fd639,29088685e31a4d86b60b514e98117361,65e52d14d4d64d4fbad3de6ad319e745,f32f4607b4714e378831f924c5e6084d,23a16d69ffe848d593a4808907d8aa98
5c82142a41eb4fa7a6f77361c5865f55,a7077a82d2c74518b96fb45e35f6e150,f4b7e6e902e344859cb041126b69ce3c,ae3f42d57b3046a3821026173286a43e,87fc1d6a57ea488786caaec8599c3b8b,d695b7afdc3841a28a56df578e56afce,0568345606fa4a2c84ed4ea6c74639ee,b3209c60460a437294e2b30a9e9d3f53,ba8d0208e32e42969bd4349cf24f6ed1,5fc200cab89346658c9c91cce27e85fe,8987ceafff324f9599b842542e37eddd
7c97ff590ca246898e57f4f75c6d9880,a7077a82d2c74518b96fb45e35f6e150,f4b7e6e902e344859cb041126b69ce3c,ae3f42d57b3046a3821026173286a43e,87fc1d6a57ea488786caaec8599c3b8b,6866efc8987a4ec8b04b7abd28fb5777,0568345606fa4a2c84ed4ea6c74639ee,d695b7afdc3841a28a56df578e56afce,ba8d0208e32e42969bd4349cf24f6ed1,b3209c60460a437294e2b30a9e9d3f53,5fc200cab89346658c9c91cce27e85fe
b439e61143bb452198ea7179e6153565,714e47cd21e5416f864a4bc938850a72,415641aa43724ed9bc4710302b77edc3,87fc1d6a57ea488786caaec8599c3b8b,797cc520b8c94d9bbef187818ab51647,86179aff3df24ff59b11e9a34974a3f4,ae3f42d57b3046a3821026173286a43e,6866efc8987a4ec8b04b7abd28fb5777,ccb62901750b4d13a922fc161b607f83,39a08a87897f47d3bdbbdc5ed8c9cd7f,ba8d0208e32e42969bd4349cf24f6ed1
fd60a3efb7074ef7b1e3aaf40201c970,714e47cd21e5416f864a4bc938850a72,415641aa43724ed9bc4710302b77edc3,87fc1d6a57ea488786caaec8599c3b8b,797cc520b8c94d9bbef187818ab51647,6866efc8987a4ec8b04b7abd28fb5777,ae3f42d57b3046a3821026173286a43e,86179aff3df24ff59b11e9a34974a3f4,ccb62901750b4d13a922fc161b607f83,39a08a87897f47d3bdbbdc5ed8c9cd7f,b5f237fefb38465bb6a068c9cf75ba31
74279677b01649fe9c9330832c44e188,7359a1cc20d54f96aeea121d7247b88d,bbdf9065122d499d9d8f80ad3e0ef6f3,8c674a7b65e24114a45dd3c861a7ccfc,26869cc099c44c4a86f6043476ab4890,a2612682d9854a30a7684c91c8619ec9,e2e0c8c96aff4c00896ac6986bbb20c2,e88ce4cd350f43398a5c0ab8629cee72,88353d1136d24836816b073de62e5f50,2070754bb5dd4a248be9c2a6a1a9d381,5363ae1c905d4879a63259de4954702e
76f1a57141c141cf8c82961ec4686a1c,bbdf9065122d499d9d8f80ad3e0ef6f3,0daf8d5687b54d158f7f752884c42334,7359a1cc20d54f96aeea121d7247b88d,2d43cf91509846e29ab4febd7781919f,8889c114b071429cbe2418f5b0f2024b,84ff5144597241bba5cbd3d0b21d220d,243dbbcdc67c42bfa6f32c47477adf6d,6fbdacd3d8814ea2a13e81ee1ec128f2,3b37a4c34b6e4ca89a04da864e141422,8350ea8cd6514c2c8d7b625abe7e895b
9fb4debf99ee489098c330310de8b65d,7359a1cc20d54f96aeea121d7247b88d,bbdf9065122d499d9d8f80ad3e0ef6f3,8c674a7b65e24114a45dd3c861a7ccfc,26869cc099c44c4a86f6043476ab4890,a2612682d9854a30a7684c91c8619ec9,4926607aafe749538c930e108275547e,b7f5c165ea2242709a2fb71f3a3f1bcb,8889c114b071429cbe2418f5b0f2024b,07958f43551e459eb30638b632e3cd64,feb980ae999948ce9be0266b4ddc048d
22afc0397a0a4324acedfe7a1e698dc5,bbdf9065122d499d9d8f80ad3e0ef6f3,0daf8d5687b54d158f7f752884c42334,7359a1cc20d54f96aeea121d7247b88d,2d43cf91509846e29ab4febd7781919f,39a08a87897f47d3bdbbdc5ed8c9cd7f,8350ea8cd6514c2c8d7b625abe7e895b,91f0da6d71574ababd8e868bddec9310,b4dadb3ea3a04cc3932094471debce13,8ebbcf8e4e6f400ba1839e9d75806274,b83013f4c5524232814efa0f8651867f
8bb786e1ae9e46dbb6ebe4f36bb30022,fc430b7683934be2aba12468b2409bb8,e8927e14983a43da900edd926dd35adb,27a0d24dc1e14b28a1f18456b29c93f1,c1def54262224e23acf67a9870725ce5,bcfa4a4177d44d8b8cda17b7a23196b0,dbb3fe11ad004895b302a84e7c066fcc,ad42c467d0fe43dbb328073f9a16bc4d,a4af9472683c4df0a86f9400c99c2b61,999a2b52a5004ee984e587d5a1327b23,02e1d712f37e428c998f72e7a7eeb1e6
afdec97feacc44a4b83541c2e0c7a33e,e8927e14983a43da900edd926dd35adb,27a0d24dc1e14b28a1f18456b29c93f1,c1def54262224e23acf67a9870725ce5,bcfa4a4177d44d8b8cda17b7a23196b0,dbb3fe11ad004895b302a84e7c066fcc,ad42c467d0fe43dbb328073f9a16bc4d,06b7dd1b701544ac80dd7ca54ed707cf,a4af9472683c4df0a86f9400c99c2b61,59f62d35b1ad451397b700b3dad25448,b675be39e8ff421aa59811f146da945b
8756904ecec04706890eb72f81305ad8,27a0d24dc1e14b28a1f18456b29c93f1,e8927e14983a43da900edd926dd35adb,fc430b7683934be2aba12468b2409bb8,c1def54262224e23acf67a9870725ce5,98fbdf945d0c4206a48a4f7260e56017,bcfa4a4177d44d8b8cda17b7a23196b0,a4af9472683c4df0a86f9400c99c2b61,3e59b61eb70146308db2308b988b54cf,3766b26b53874893ae48693880e1942c,65e30dd62cfa4dccb9ea4d908a9d6fab
8b8151048f8d4951a310c33c9a5d2c43,e8927e14983a43da900edd926dd35adb,fc430b7683934be2aba12468b2409bb8,bcfa4a4177d44d8b8cda17b7a23196b0,c1def54262224e23acf67a9870725ce5,dbb3fe11ad004895b302a84e7c066fcc,ad42c467d0fe43dbb328073f9a16bc4d,1ade4365590a4ac7865100d8c791e340,99a52c93a3304ec18dab9206f98f2a8b,57bcda73abab44ee930b20cdaee9d24b,999a2b52a5004ee984e587d5a1327b23
ef2a80861fc14e18ab15656a8a125c8c,2939ef012c5c4a1b94b49df9469dfb3c,dd9e8283197b473d8ffd502561bdaaec,7d6122daabe442ffb5e57ece1882e714,1f9cd7f2b7a14e2f8d490a104a56edcd,a9d82bb43410405ca21b44a5e82e22b6,43464ed6733f4642a0b90e7d995a5e40,9fd4c00672d84215b3e21812aef3d6ac,b626eb67c2e14afeae2846bb150976f3,189a3b686ad14c24b5e1a495f76dd239,d7c9dafddaf547159d366dacf7b68a7e
0df6b8fc44a3430782efcbe10851747b,dd9e8283197b473d8ffd502561bdaaec,2939ef012c5c4a1b94b49df9469dfb3c,7d6122daabe442ffb5e57ece1882e714,43464ed6733f4642a0b90e7d995a5e40,a9d82bb43410405ca21b44a5e82e22b6,1f9cd7f2b7a14e2f8d490a104a56edcd,9fd4c00672d84215b3e21812aef3d6ac,b626eb67c2e14afeae2846bb150976f3,d7c9dafddaf547159d366dacf7b68a7e,189a3b686ad14c24b5e1a495f76dd239
de8c81d294194b43ba2dcbc36eff8ff8,b00b2395b49949508fade89bb3eac98b,772cb9726861451d9972604da6f65c55,ca1a2a6308834baba3140b5ce8f81320,796eade2ee4f466781d9f6669db43e48,2939ef012c5c4a1b94b49df9469dfb3c,bf789f42ccfc42c5a330a3f6e30ddb83,7d6cdff8c9ac434196df803628fe9f62,dcfb738ebbc24f09bb680fe3a52b702e,4c67cc7a1ccc496db132636e3f4853a2,70aa10580bfe4069bdaa5721ae2d29db
c28da2f21daf4e57ac46e2bac9595e26,b00b2395b49949508fade89bb3eac98b,772cb9726861451d9972604da6f65c55,ca1a2a6308834baba3140b5ce8f81320,2939ef012c5c4a1b94b49df9469dfb3c,bf789f42ccfc42c5a330a3f6e30ddb83,796eade2ee4f466781d9f6669db43e48,dcfb738ebbc24f09bb680fe3a52b702e,7d5c0a2bfccf4255a43d9bd0f84a6d3a,7d6cdff8c9ac434196df803628fe9f62,43464ed6733f4642a0b90e7d995a5e40
e12c80d95476447dba9b11c911992609,f532294d68604bc2aa9ad8804a8c6d5f,f3fddb55448a46778b5d807642cceb71,cb550e5ff4694fe9a19eaa6588cef250,7ef653f7e5f64e1b8bba73b9518b87b7,878e5c41be5c477e9f660ca361fdd727,3766b26b53874893ae48693880e1942c,4c36aafaf38f4e9e9e09991737196fe1,8889c114b071429cbe2418f5b0f2024b,57bcda73abab44ee930b20cdaee9d24b,5455e62f52ae4e03b2a5d0e8b9899506
7c7d36ea7b1242068efef6a72b998b95,f532294d68604bc2aa9ad8804a8c6d5f,f3fddb55448a46778b5d807642cceb71,cb550e5ff4694fe9a19eaa6588cef250,7ef653f7e5f64e1b8bba73b9518b87b7,878e5c41be5c477e9f660ca361fdd727,8889c114b071429cbe2418f5b0f2024b,3766b26b53874893ae48693880e1942c,4c36aafaf38f4e9e9e09991737196fe1,5455e62f52ae4e03b2a5d0e8b9899506,8746ae2ca7514699b629b4d9b5fe95a7
b6031a4a73c94a459b6d26c1d8829bd0,71d4b4036e594d7399506e6fd9b88063,4c36aafaf38f4e9e9e09991737196fe1,3766b26b53874893ae48693880e1942c,0accd1d0138b49049d437c0d9b1c23c3,54e9bbd0093947a3bda5fef48ef7493d,cc243eebbb2b44a581745865a60c423a,cb550e5ff4694fe9a19eaa6588cef250,8987ceafff324f9599b842542e37eddd,f439b5616ba24b7f82eccfa095a0eff8,8889c114b071429cbe2418f5b0f2024b
cade21dad7f74878b910ad5e0060d6e4,71d4b4036e594d7399506e6fd9b88063,4c36aafaf38f4e9e9e09991737196fe1,3766b26b53874893ae48693880e1942c,0accd1d0138b49049d437c0d9b1c23c3,54e9bbd0093947a3bda5fef48ef7493d,cc243eebbb2b44a581745865a60c423a,cb550e5ff4694fe9a19eaa6588cef250,8987ceafff324f9599b842542e37eddd,f439b5616ba24b7f82eccfa095a0eff8,009be1c3430743ff9b054bdfcd6228d6
21354b108cee4d5a8ea7b2d1459410d3,716a15d66b63424a8068da89e75733b4,a8904adcdd21495f890bc614bfdbf86f,fc70a4c2c4834e0eba1a14470f563b03,b01fd4d037a84a7aa777e1fc345c73c5,116f6c1f0cb54312986a0a729508a33e,4230775a9d51448396cacb9061f0e5f9,8ad1f345ca194b29bde0a924f27b2de5,fe363cef357840fcb35f320fe7c27e4e,1c6bbf19b3d2498696a5baf0f53a0f18,afac6ae28fac41dabae96696990c5555
e5265fd04dc84392b38bfe8ab07708b7,716a15d66b63424a8068da89e75733b4,a8904adcdd21495f890bc614bfdbf86f,fc70a4c2c4834e0eba1a14470f563b03,b01fd4d037a84a7aa777e1fc345c73c5,116f6c1f0cb54312986a0a729508a33e,4230775a9d51448396cacb9061f0e5f9,8ad1f345ca194b29bde0a924f27b2de5,fe363cef357840fcb35f320fe7c27e4e,1c6bbf19b3d2498696a5baf0f53a0f18,afac6ae28fac41dabae96696990c5555
abaa87591059401aa7cacf5863a34f32,88f796c14d184ecfaa5b0109161db259,acbf8eae7e064c11bab7adf66f216990,6af17cec494c4373a95865d270a29171,597aab8bb15240f89fd1b24a8e38258d,097c30a7f39a4a3abf6da2ca80cad3a5,00e9d4081c2f45d1a818bfeab099863a,9db7d32d79024ba6a73c55fde6f55968,74644c8cc17449cf89379868e7b21398,93bf0b86be094f68a9d308ca5ecfb4e3,dcfb738ebbc24f09bb680fe3a52b702e
f94a7e7419784d4ebda0ff5f8ef3c9f5,1a842f077119475794cc2de48e154374,00e9d4081c2f45d1a818bfeab099863a,9db7d32d79024ba6a73c55fde6f55968,acbf8eae7e064c11bab7adf66f216990,6af17cec494c4373a95865d270a29171,13cda6e8f2d948eeb5508288a172e76f,597aab8bb15240f89fd1b24a8e38258d,133bfbe9a7c741fcb638ecf1b0088213,1c2b01416e3943e3b3c575e53c3f1d16,eff24b01b2f5428baa4c3fef6cb40d41
cecbc55e0fe942e186be8064a4ad80bf,88f796c14d184ecfaa5b0109161db259,acbf8eae7e064c11bab7adf66f216990,6af17cec494c4373a95865d270a29171,597aab8bb15240f89fd1b24a8e38258d,097c30a7f39a4a3abf6da2ca80cad3a5,00e9d4081c2f45d1a818bfeab099863a,9db7d32d79024ba6a73c55fde6f55968,74644c8cc17449cf89379868e7b21398,13cda6e8f2d948eeb5508288a172e76f,56272326c7e94e419ea8c69fb634f610
80d47a70768e407bb5a1cd495387e011,88f796c14d184ecfaa5b0109161db259,1a842f077119475794cc2de48e154374,9db7d32d79024ba6a73c55fde6f55968,00e9d4081c2f45d1a818bfeab099863a,acbf8eae7e064c11bab7adf66f216990,6af17cec494c4373a95865d270a29171,597aab8bb15240f89fd1b24a8e38258d,13cda6e8f2d948eeb5508288a172e76f,dcfb738ebbc24f09bb680fe3a52b702e,74bd120b8f714d03bc9dd1a703fe4d7f
d1c3c4008d3a458ca5c2438615c3a113,3e923b6e3ceb4901b77c9a18729546eb,9452a2f21f7d4feeb2605d9b6647fc13,174581fc299840e18e827432c0cce4dc,d9b97376c5e44d8786f861a5788af644,ffe2740eee8c49b39b2ce41f9983bcb4,c1def54262224e23acf67a9870725ce5,de72d25d08da4b03ac6f6411ce30e07c,d75a52d716984f318f976bbfc7bee787,74644c8cc17449cf89379868e7b21398,e22e1ad3c1fc4493bcb7c9b923566ff7
86bed733c05f41519f76576710fcce05,5e0a2bc284cf4002914ae4e6aaef41e8,9452a2f21f7d4feeb2605d9b6647fc13,ffe2740eee8c49b39b2ce41f9983bcb4,c2b49382e2f34b1c90013236a5fbaef0,3675c688960a4f3b9f82c4ccf4049e93,9ffa09a2b9bd4da0ba98fc537ca68802,d9b97376c5e44d8786f861a5788af644,b2992fe473124dd0b895cf81f59f6db6,8b4e9e3d234e4eec99a7651e246bbfa3,b3a022950e444682a113cec5a0537f6a
cb1eb8a8b7594957b332dec5dc590436,5e0a2bc284cf4002914ae4e6aaef41e8,9452a2f21f7d4feeb2605d9b6647fc13,c2b49382e2f34b1c90013236a5fbaef0,ffe2740eee8c49b39b2ce41f9983bcb4,3675c688960a4f3b9f82c4ccf4049e93,d9b97376c5e44d8786f861a5788af644,9ffa09a2b9bd4da0ba98fc537ca68802,b3a022950e444682a113cec5a0537f6a,b2992fe473124dd0b895cf81f59f6db6,3b7d56c26da14b3a9b1cd52b5b35891b
7dfc06c380304101bd335775988b2fb2,3e923b6e3ceb4901b77c9a18729546eb,9452a2f21f7d4feeb2605d9b6647fc13,174581fc299840e18e827432c0cce4dc,d9b97376c5e44d8786f861a5788af644,ffe2740eee8c49b39b2ce41f9983bcb4,74644c8cc17449cf89379868e7b21398,de72d25d08da4b03ac6f6411ce30e07c,c1def54262224e23acf67a9870725ce5,d75a52d716984f318f976bbfc7bee787,e22e1ad3c1fc4493bcb7c9b923566ff7
999934829ec2429b967f27b051da6a53,174581fc299840e18e827432c0cce4dc,d9b97376c5e44d8786f861a5788af644,3e923b6e3ceb4901b77c9a18729546eb,78d0265d47df4f4cb7153da919763730,9452a2f21f7d4feeb2605d9b6647fc13,189a3b686ad14c24b5e1a495f76dd239,b585a2970e9f421da236241f603883f2,c1def54262224e23acf67a9870725ce5,99830b8da7c24f909914f7bb167f3ea6,e4fcd30261804b089efa940359057ba2
ed4102db144043b6952d6cb9acdcc007,7c061d36393540b49e20d98086bdb5bd,9ffa09a2b9bd4da0ba98fc537ca68802,1004b33e3126472faa78e1929ed974e6,3b7d56c26da14b3a9b1cd52b5b35891b,9aca522158f443fd8a9caaec38ae5e2c,0228b1e9e3244da3a727930123ba7bda,3675c688960a4f3b9f82c4ccf4049e93,f2077addeb6142c8b3540916522126e8,84ff5144597241bba5cbd3d0b21d220d,0accd1d0138b49049d437c0d9b1c23c3
0020ab6d2078440b870ebf4a01c0351f,7c061d36393540b49e20d98086bdb5bd,9ffa09a2b9bd4da0ba98fc537ca68802,1004b33e3126472faa78e1929ed974e6,3b7d56c26da14b3a9b1cd52b5b35891b,9aca522158f443fd8a9caaec38ae5e2c,0228b1e9e3244da3a727930123ba7bda,3675c688960a4f3b9f82c4ccf4049e93,f2077addeb6142c8b3540916522126e8,84ff5144597241bba5cbd3d0b21d220d,521004289ebc4e6da6623381d40a5e73
d3fc0aaff9224a678bb3210f1e8767ea,022e16490d1949b9ab2fc1de5a837031,0228b1e9e3244da3a727930123ba7bda,9ffa09a2b9bd4da0ba98fc537ca68802,1004b33e3126472faa78e1929ed974e6,9aca522158f443fd8a9caaec38ae5e2c,3b7d56c26da14b3a9b1cd52b5b35891b,133bfbe9a7c741fcb638ecf1b0088213,3675c688960a4f3b9f82c4ccf4049e93,f2077addeb6142c8b3540916522126e8,59f62d35b1ad451397b700b3dad25448
8b37e7b8f87749c48d81e99c8d376700,022e16490d1949b9ab2fc1de5a837031,0228b1e9e3244da3a727930123ba7bda,9ffa09a2b9bd4da0ba98fc537ca68802,1004b33e3126472faa78e1929ed974e6,9aca522158f443fd8a9caaec38ae5e2c,3b7d56c26da14b3a9b1cd52b5b35891b,133bfbe9a7c741fcb638ecf1b0088213,3675c688960a4f3b9f82c4ccf4049e93,f2077addeb6142c8b3540916522126e8,59f62d35b1ad451397b700b3dad25448
2e9248c10d1044a2a090d3fa4aa29fe5,f8856799293e49feab6368e794eb8b00,632cc2bc04034dd4848855fe6497262d,45e440d874a54bb591862ff441114cd3,9fd4c00672d84215b3e21812aef3d6ac,babbeca1f6a244a2a11ea77a3855e70f,b01fd4d037a84a7aa777e1fc345c73c5,af648fa7ac6c4c50a246de470329cd83,86179aff3df24ff59b11e9a34974a3f4,1da8cc33bb474411ae16db0233210125,3c1b91a23b694da1973dbc5f75f2f3ed
8d4f78a13e3e4f569761273ba212d220,babbeca1f6a244a2a11ea77a3855e70f,938147b72e9540da8513910871e0830a,119a6d7b4af3458b951fc1c5ab5e1738,c1d504dfeded4b8bb3c07777b7c7abde,9460474d89704a68aaa6ccb62310ae3d,daed5458403e49e3aea72f4bcc6dd224,b0d2e6c4b2384950b3696c4414870282,0c9c05f86aa042abbdd66d2b2d05d374,43ee0103cba54b4e9d165717735ca0f6,91f9f8576e5142a49926bd623b0bc19c
5487b0f31d2343fea0caab9f145c7a40,938147b72e9540da8513910871e0830a,7fe9e665bf41491c9788941aa2894a10,babbeca1f6a244a2a11ea77a3855e70f,d25e6f2fc8154dd7816f8f7a41bee12b,119a6d7b4af3458b951fc1c5ab5e1738,230b9ef63ea240e9b61a18f41473f942,c1d504dfeded4b8bb3c07777b7c7abde,f37d285ad0de42f0b1546d0d1acfb221,590df34aa41f46e9ad13ffc6a98da3b7,724a3f6551e74ad585bdeac9a75fd639
678907f3b26242c9b3555311ee9dbf79,f8856799293e49feab6368e794eb8b00,632cc2bc04034dd4848855fe6497262d,45e440d874a54bb591862ff441114cd3,9fd4c00672d84215b3e21812aef3d6ac,babbeca1f6a244a2a11ea77a3855e70f,b01fd4d037a84a7aa777e1fc345c73c5,1da8cc33bb474411ae16db0233210125,af648fa7ac6c4c50a246de470329cd83,86179aff3df24ff59b11e9a34974a3f4,4152360a4bea4cbbbfbe45ff3bf7f62b
e69d128634c04bf0aebd7c02e123f5f6,a9573f188204436090fb4a5240e4eccd,938147b72e9540da8513910871e0830a,babbeca1f6a244a2a11ea77a3855e70f,5d5baf5ce88b4b529e28ab9c7c114148,8dfe01febd46475ab5aef97033716ce1,42b6af4853fc465f83ec054f8f8289a4,b0d2e6c4b2384950b3696c4414870282,df0c94234d9d4890b5b4b95c441b3e9a,bbdf9065122d499d9d8f80ad3e0ef6f3,d2bcc978e7aa49908919d9fc40138b27
2b8cd6d21f1d45bb8ae377278a33d5c6,45e440d874a54bb591862ff441114cd3,91f9f8576e5142a49926bd623b0bc19c,f8856799293e49feab6368e794eb8b00,6c6de17135be4f8c9423be633eaefcd4,babbeca1f6a244a2a11ea77a3855e70f,13aca0959cc948cabeee0d7255f55a65,632cc2bc04034dd4848855fe6497262d,c1d504dfeded4b8bb3c07777b7c7abde,a9573f188204436090fb4a5240e4eccd,938147b72e9540da8513910871e0830a
73fbb300f6aa425590b0e4d909f7a1ae,a9573f188204436090fb4a5240e4eccd,938147b72e9540da8513910871e0830a,babbeca1f6a244a2a11ea77a3855e70f,5d5baf5ce88b4b529e28ab9c7c114148,8dfe01febd46475ab5aef97033716ce1,42b6af4853fc465f83ec054f8f8289a4,9fd4c00672d84215b3e21812aef3d6ac,df0c94234d9d4890b5b4b95c441b3e9a,91f9f8576e5142a49926bd623b0bc19c,f6207eb593394ff78e2cb35057477422
9d66c66d77b74f5da8cab53f98ae38b0,45e440d874a54bb591862ff441114cd3,91f9f8576e5142a49926bd623b0bc19c,f8856799293e49feab6368e794eb8b00,6c6de17135be4f8c9423be633eaefcd4,babbeca1f6a244a2a11ea77a3855e70f,13aca0959cc948cabeee0d7255f55a65,632cc2bc04034dd4848855fe6497262d,c1d504dfeded4b8bb3c07777b7c7abde,a9573f188204436090fb4a5240e4eccd,938147b72e9540da8513910871e0830a
56efccc089ce469697f14a0e2751fe90,e06d08ff594a4acbac12edf579743fcf,403835bbf2f1447188bcc78e062b0028,7584980704ae4617bb27ca162cc9c5db,dbb3fe11ad004895b302a84e7c066fcc,5e44915237fc4445b54b037e1c4e29a4,f335a944a27a4504a82ecf70c2d4a5e4,ec4820b018a04967a457a9c032a51dc6,291130c42a884be2800e026bab5ddf53,6f8d80f8673144dfa7a4e09190442ab3,4e22dc65beb7450b9260cf27e50919e4
e31088791958477299febc77d6975d33,5e44915237fc4445b54b037e1c4e29a4,4e22dc65beb7450b9260cf27e50919e4,be8953cc364d46cebbcc2c2da2c348ab,e06d08ff594a4acbac12edf579743fcf,f335a944a27a4504a82ecf70c2d4a5e4,cd6ce920d00e4d17a6cf04f9f7e550b7,6bde760ad5d4485db9889b1bdc074005,291130c42a884be2800e026bab5ddf53,664da77d25e74df693eaad44a5e7617f,1004b33e3126472faa78e1929ed974e6
8dfe042169ed4a25b339fab1a8f0f16d,5e44915237fc4445b54b037e1c4e29a4,4e22dc65beb7450b9260cf27e50919e4,be8953cc364d46cebbcc2c2da2c348ab,cd6ce920d00e4d17a6cf04f9f7e550b7,e06d08ff594a4acbac12edf579743fcf,f335a944a27a4504a82ecf70c2d4a5e4,6bde760ad5d4485db9889b1bdc074005,1004b33e3126472faa78e1929ed974e6,0cdb0f32850f4585a16de4886462bbe0,664da77d25e74df693eaad44a5e7617f
724bf6d6ea0d432996a6179d83a8742f,e06d08ff594a4acbac12edf579743fcf,403835bbf2f1447188bcc78e062b0028,7584980704ae4617bb27ca162cc9c5db,5e44915237fc4445b54b037e1c4e29a4,dbb3fe11ad004895b302a84e7c066fcc,f335a944a27a4504a82ecf70c2d4a5e4,291130c42a884be2800e026bab5ddf53,ec4820b018a04967a457a9c032a51dc6,4e22dc65beb7450b9260cf27e50919e4,0cdb0f32850f4585a16de4886462bbe0
5110e733136c4f9e9e3e0388147c41d3,1ade4365590a4ac7865100d8c791e340,7f23e27e5652406784fdc2dea3918125,b675be39e8ff421aa59811f146da945b,a35d7304347a4f81b1ccfb086956921c,6b4676aba2a746b3ab778315afc8ee82,fc430b7683934be2aba12468b2409bb8,bc13c2b0221744a29a8ddf56aa015df9,4e4495962a9b4864882397042f1a2b3e,0daf8d5687b54d158f7f752884c42334,e7ee85dd47ca43eeb2fdcd70b802f0ec
d627c1b3e1d84eaf95b43f0b19887946,bfd1d441da734aad88cfacdab3ee4059,1ade4365590a4ac7865100d8c791e340,7f23e27e5652406784fdc2dea3918125,2f0401170d104b47b0a8f087f69dee88,a35d7304347a4f81b1ccfb086956921c,fc430b7683934be2aba12468b2409bb8,a5d5fb459a1844088e93ae557ab34afe,bc13c2b0221744a29a8ddf56aa015df9,6b4676aba2a746b3ab778315afc8ee82,b69c17a10a55494d8caa56c33e8f4a56
62f80659cc834d849c6c533c0376e039,bfd1d441da734aad88cfacdab3ee4059,b69c17a10a55494d8caa56c33e8f4a56,3d3e8565d2f84e0cad5ae622f2909765,27a0d24dc1e14b28a1f18456b29c93f1,3e59b61eb70146308db2308b988b54cf,a4af9472683c4df0a86f9400c99c2b61,b702b2b61ce048c6bf5af3c4dca18b1a,72a7e2ce22d045efbdbbab9c68f5d026,98fbdf945d0c4206a48a4f7260e56017,5e199f7727cc4910ad88dbd81ed1ec82
ed92bb218d234e48ac3d86b2aa76aab3,bfd1d441da734aad88cfacdab3ee4059,b69c17a10a55494d8caa56c33e8f4a56,3d3e8565d2f84e0cad5ae622f2909765,3e59b61eb70146308db2308b988b54cf,27a0d24dc1e14b28a1f18456b29c93f1,b702b2b61ce048c6bf5af3c4dca18b1a,5e199f7727cc4910ad88dbd81ed1ec82,72a7e2ce22d045efbdbbab9c68f5d026,04d24d1cf42b4f7787d8d300cbad6d50,a4af9472683c4df0a86f9400c99c2b61
ff83f47b54ea45f188b7e4f0e1004b41,a865b8d581b44104afe7c8508e3486f5,06a5f0cec6ce4170a02dad0ad4c55b1c,baf841bad27c456c9de7227555ea3ef8,e4ee90d625d44a6d9adc138390eef0f8,35d06fce2df446569702778e2250bd82,b3a022950e444682a113cec5a0537f6a,655a618282cd4fa39a26f0967c033f4b,ee7c00877ae64dac87123a3d75251530,f4474150010f4021a4620372062f3797,f59a3ee5387440d981754b6595e8664c
994020e88b914429981fbfe2cfa5e565,a865b8d581b44104afe7c8508e3486f5,baf841bad27c456c9de7227555ea3ef8,06a5f0cec6ce4170a02dad0ad4c55b1c,ee7c00877ae64dac87123a3d75251530,e4ee90d625d44a6d9adc138390eef0f8,b3a022950e444682a113cec5a0537f6a,f4474150010f4021a4620372062f3797,655a618282cd4fa39a26f0967c033f4b,35d06fce2df446569702778e2250bd82,1393dac7d34b4c34b1a8091a5bea3663
be1d69a178cf4f6eb0dd17f1c8ddaeec,910827a15eac4e4b9005d8e46ad71f6e,452d645d5bf4485185e996dcec9523e5,73f684f538ea452cbb4fbecc2e8126a4,29fb30a75c57451a85f310aa6423a662,655a618282cd4fa39a26f0967c033f4b,8a464aa9e2ee45d0abc7ae6181cd1bda,ee7c00877ae64dac87123a3d75251530,434551fdf9e443ed91679a9557ae6fd5,60e87368fe334a92b57088b03cccbfc1,66f4c650b7ca48f1bc27f9daff8d312a
95430a01e9424f2fb85d7c054d48b095,910827a15eac4e4b9005d8e46ad71f6e,452d645d5bf4485185e996dcec9523e5,8a464aa9e2ee45d0abc7ae6181cd1bda,655a618282cd4fa39a26f0967c033f4b,73f684f538ea452cbb4fbecc2e8126a4,60e87368fe334a92b57088b03cccbfc1,ee7c00877ae64dac87123a3d75251530,29fb30a75c57451a85f310aa6423a662,43464ed6733f4642a0b90e7d995a5e40,434551fdf9e443ed91679a9557ae6fd5
2a4d82a3bc464739aa7001ddadab5941,5f65785004054c67a618fe43b6a30f56,199647bd1328406c83c5a875154f97d9,44f41e6e6faa4facb0bb9a72205229f8,39e2b00e1cbd471488cf56f31d2cec7f,097f2ce3b88c4d008488b9908076497e,ad3d372fbf054ea1ad06cfcb7490df4b,6d3b4c95066e4dd8a6ad1c66b1c1ea4f,eafb3480db704d7baa8216ce857d1610,39a08a87897f47d3bdbbdc5ed8c9cd7f,dd77b570036f40de9fdf49011bb9e2d8
7edf2ee95e36433ab46c330e885c1d39,82d68ea370f8451aa16ea08f4601245c,b98519f97e424c1389f5553f0869b15a,5f65785004054c67a618fe43b6a30f56,44f41e6e6faa4facb0bb9a72205229f8,39e2b00e1cbd471488cf56f31d2cec7f,4a6eba10a02a4ecdbb6b25e8651c3789,ad3d372fbf054ea1ad06cfcb7490df4b,31cf7db26a3249c5a6205b005662ddcf,e79ae27b52fa4d54aa37735fd275c66e,6d3b4c95066e4dd8a6ad1c66b1c1ea4f
c471650b1b634a97a2a0fa5c4c193821,5f65785004054c67a618fe43b6a30f56,199647bd1328406c83c5a875154f97d9,44f41e6e6faa4facb0bb9a72205229f8,39e2b00e1cbd471488cf56f31d2cec7f,097f2ce3b88c4d008488b9908076497e,ad3d372fbf054ea1ad06cfcb7490df4b,6d3b4c95066e4dd8a6ad1c66b1c1ea4f,eafb3480db704d7baa8216ce857d1610,39a08a87897f47d3bdbbdc5ed8c9cd7f,1aef014473b84ef9a0f799114fe516c9
ea67a7776ad641bb96024eb085c8da08,8b4e9e3d234e4eec99a7651e246bbfa3,c5486d5e31084ee797da0ebdacb17abc,63ba014f9cc747ac87013da6be0ceab9,3e6a4b65a1004c08a6f3f570cf986c2f,64fc9fe3c8d5424ebc005e5cf4a608db,45f4192f485a49d9a75219ae4d0c41ee,c14e45f5201b4038bdddddb238d888a3,e834bfbd30b247e899f0dc029ab9f072,3675c688960a4f3b9f82c4ccf4049e93,0d0973762130427eaa2ce9a7a34517db
86595c214b4d48e6bf56a1b3d810b7b4,3675c688960a4f3b9f82c4ccf4049e93,8b4e9e3d234e4eec99a7651e246bbfa3,0cc5015848a044b59fa4b290813f859c,56272326c7e94e419ea8c69fb634f610,b3f8b4bec0164d0e81997b4f5a277e8f,43ee0103cba54b4e9d165717735ca0f6,3b7d56c26da14b3a9b1cd52b5b35891b,63ba014f9cc747ac87013da6be0ceab9,230b9ef63ea240e9b61a18f41473f942,cc243eebbb2b44a581745865a60c423a
7e0717d2a2af4dd4ba5e3dd3d3f400a0,3675c688960a4f3b9f82c4ccf4049e93,8b4e9e3d234e4eec99a7651e246bbfa3,0cc5015848a044b59fa4b290813f859c,56272326c7e94e419ea8c69fb634f610,033f1514c78b49dd82148b94f6bcbeba,3b7d56c26da14b3a9b1cd52b5b35891b,43ee0103cba54b4e9d165717735ca0f6,cc243eebbb2b44a581745865a60c423a,b3f8b4bec0164d0e81997b4f5a277e8f,225818abe99e45a0bf5b0b3ec30db76b
5192a81fd8094f908c353ed7b3066200,b69c17a10a55494d8caa56c33e8f4a56,0d0973762130427eaa2ce9a7a34517db,1393dac7d34b4c34b1a8091a5bea3663,d2bcc978e7aa49908919d9fc40138b27,0bd1cce9370a461089e25393086800a8,df0c94234d9d4890b5b4b95c441b3e9a,c14e45f5201b4038bdddddb238d888a3,fadf133e0e684a24ac79b5fa9515bac2,f6507bae2aaa4785842167f8320428b3,db0c3a952e454b90aa4a68feb6a50e87
19526db7bf344d92961055ab7ef1879f,45f4192f485a49d9a75219ae4d0c41ee,3675c688960a4f3b9f82c4ccf4049e93,eff24b01b2f5428baa4c3fef6cb40d41,7f0a68d19d2e4850846ffc08c47ed87d,0d0973762130427eaa2ce9a7a34517db,df7ea50171af48df81584ab7e8107d15,fb8c2b83e46441c2aaa7c81d3642e2da,67dd23cfd20f46dc82acc82c108a1dc6,3356a8a8c6ee4f30bc2b028e360d4471,dcfb738ebbc24f09bb680fe3a52b702e
85d7d994d8a648c5a59c2973bb1bc507,32aaca2a732f4272b237374d3cdeec90,df7ea50171af48df81584ab7e8107d15,cc243eebbb2b44a581745865a60c423a,245212a659504b9b9cdbaf1ab1d040ff,0a61f52258f643b6a6436a1ec234e197,f439b5616ba24b7f82eccfa095a0eff8,7f0a68d19d2e4850846ffc08c47ed87d,ef60b54aa4b5490890da32d0bb8c9cbf,8dfbb6a204a0441492c35baca6190969,039a871609044cb1b69f70c082fe61d8
2103b437c3c1452a96d8e7e1e5e20cc9,75efe5ddef364f49865d9bb283492b48,ef60b54aa4b5490890da32d0bb8c9cbf,c3a741d302d94ee294bb6e4090fd2da9,93dc50abd35349f7923100dca2f41002,4a3d4daed4b24a1898551f0fd1ba44f1,e79ae27b52fa4d54aa37735fd275c66e,ca1a2a6308834baba3140b5ce8f81320,5a6f4a2f7f6a4b1fa146493472e6d721,225818abe99e45a0bf5b0b3ec30db76b,7f0a68d19d2e4850846ffc08c47ed87d
21b1c7bbd46b4c41a0df6625bd007760,75efe5ddef364f49865d9bb283492b48,ef60b54aa4b5490890da32d0bb8c9cbf,4a3d4daed4b24a1898551f0fd1ba44f1,c3a741d302d94ee294bb6e4090fd2da9,93dc50abd35349f7923100dca2f41002,5a6f4a2f7f6a4b1fa146493472e6d721,7f0a68d19d2e4850846ffc08c47ed87d,ca1a2a6308834baba3140b5ce8f81320,0d0973762130427eaa2ce9a7a34517db,44f41e6e6faa4facb0bb9a72205229f8
16176b85fa7d4eea8ca712599e1d734c,3c72832689d8406996e80893b719b974,65e30dd62cfa4dccb9ea4d908a9d6fab,7daa434073604cb98a04fefb55468dda,215f3d275db14601a0383885cbaad86e,26869cc099c44c4a86f6043476ab4890,361f2b7f3f044907b3a331872fb18755,61d2391e8bc548b6bfa08f1ef2a0c47a,da88fa5efc674368b593444ca950dff9,0accd1d0138b49049d437c0d9b1c23c3,dcfb738ebbc24f09bb680fe3a52b702e
44a899ade12146e4b8343990c9980025,84ff5144597241bba5cbd3d0b21d220d,3aa003c1e31b476e999c3a808a1d5dc6,f7f600880b064920ab59b907d26aedc6,1ade4365590a4ac7865100d8c791e340,8746ae2ca7514699b629b4d9b5fe95a7,cb75c6ef71cb4991805920f2894e0e96,361f2b7f3f044907b3a331872fb18755,db69f22fe72246ea85d33991961a649a,85d4175b563d48e5bc6a991b23662f24,3574ab91c29940b3afc62354ae06b73b
bf6b8d38a56c4b30b5e752bb54b78f62,3c72832689d8406996e80893b719b974,65e30dd62cfa4dccb9ea4d908a9d6fab,215f3d275db14601a0383885cbaad86e,61d2391e8bc548b6bfa08f1ef2a0c47a,4422777ed51142a99aacf05f446cfea1,7daa434073604cb98a04fefb55468dda,022e16490d1949b9ab2fc1de5a837031,32aaca2a732f4272b237374d3cdeec90,c74557a980e2428a9ffcc245278df692,361f2b7f3f044907b3a331872fb18755
b18687f1960d4a13bbb6477d2e14af49,0592b57e490d4206a3f12eb004a0afe0,8b4e9e3d234e4eec99a7651e246bbfa3,0cc5015848a044b59fa4b290813f859c,c66c6f1449d44728a2ef72de53dd6d5e,33b5e2ae5ebe4f548bac3a00ab0a59eb,9460474d89704a68aaa6ccb62310ae3d,c588868fc3fd4e87a7cddf1ceb00b022,ff51ca928cd54f4da620c27983e221f8,64fc9fe3c8d5424ebc005e5cf4a608db,d756970269e9443fb9bbf645a96aa84e
d40db3ad6f6e4cb6ade7fff2ae8e6902,9948a890ef25479e834f70944cb42eae,e343a998f4df4ac195c84e0fb571a393,7ec1584e9a5b49eab9ef249143d9bb86,ee337b5c1ef3431e9c120250bfec4cac,f6507bae2aaa4785842167f8320428b3,7aceed0dbea645b091207f4a53d879f2,0bd1cce9370a461089e25393086800a8,1004b33e3126472faa78e1929ed974e6,1ad0cf33e96243888d5f970195a75586,6c79712e67b54dd0a11d426a91207939
14ed0bcfd70f4e29b824ae027aa62fd7,9948a890ef25479e834f70944cb42eae,e343a998f4df4ac195c84e0fb571a393,7ec1584e9a5b49eab9ef249143d9bb86,ee337b5c1ef3431e9c120250bfec4cac,f6507bae2aaa4785842167f8320428b3,c14e45f5201b4038bdddddb238d888a3,6c79712e67b54dd0a11d426a91207939,7aceed0dbea645b091207f4a53d879f2,1004b33e3126472faa78e1929ed974e6,ff51ca928cd54f4da620c27983e221f8
67d233f58d224956a6992019e5ee4e52,6400e3f6a14c492ba399bd414faca075,dee9eddb2eac41bfaf36d3279d43674a,cb75c6ef71cb4991805920f2894e0e96,016e634d566b49c199d07357aae9bf33,bbdf9065122d499d9d8f80ad3e0ef6f3,e1c63000ace94c1d9381d82389fe6afd,be8953cc364d46cebbcc2c2da2c348ab,7ef653f7e5f64e1b8bba73b9518b87b7,23199e1859544647893a97ea365c5c83,8987ceafff324f9599b842542e37eddd
a3afbfc200e74247b56879592dfebb6b,6400e3f6a14c492ba399bd414faca075,dee9eddb2eac41bfaf36d3279d43674a,cb75c6ef71cb4991805920f2894e0e96,016e634d566b49c199d07357aae9bf33,03df72bcf3504272a27f4bbaea89118a,bbdf9065122d499d9d8f80ad3e0ef6f3,be8953cc364d46cebbcc2c2da2c348ab,8987ceafff324f9599b842542e37eddd,7584980704ae4617bb27ca162cc9c5db,f335a944a27a4504a82ecf70c2d4a5e4
8d7604f278b740d4aeacdb8878c4346c,42b6af4853fc465f83ec054f8f8289a4,ff171f0b29974f78b0e81fee30abdd38,563043f180e54e238ad4876974e5db4c,f5b766ea6abe4b5fb27d49cc3bc06020,b277101390e1465685ef79bf3519f8d7,eabdd2813a954f9aa01f0eb8212ee387,04d24d1cf42b4f7787d8d300cbad6d50,022e16490d1949b9ab2fc1de5a837031,b3a022950e444682a113cec5a0537f6a,aedd476072b345e9be46ebd7260e93a6
8ec2127576a4485793b9d92153318d43,42b6af4853fc465f83ec054f8f8289a4,ff171f0b29974f78b0e81fee30abdd38,eabdd2813a954f9aa01f0eb8212ee387,563043f180e54e238ad4876974e5db4c,f5b766ea6abe4b5fb27d49cc3bc06020,b3a022950e444682a113cec5a0537f6a,022e16490d1949b9ab2fc1de5a837031,74de04f31db94a99b757685c91779412,7627d5e28ba74cbeaf9225e88a7a44cc,b277101390e1465685ef79bf3519f8d7
626cb3b50e974ad681234aa162f908dc,097c30a7f39a4a3abf6da2ca80cad3a5,6af17cec494c4373a95865d270a29171,597aab8bb15240f89fd1b24a8e38258d,bb5c7d03a54647d08b8c62deeb803271,acbf8eae7e064c11bab7adf66f216990,36ee1613abf245cdbe93fef69b5f981f,0f785440b29548e1a1968868262fd42e,236c362d8b664c93b41882c119df9706,56272326c7e94e419ea8c69fb634f610,1a842f077119475794cc2de48e154374
94f452ef32d5484fb3f57a09817b9f1d,18ab15fbf00f42f7a410ec75f7592bea,d60986f4025d443ea58adba0e3d224a1,aaab880f032a4e00904cf50566164044,e9428816b054499298745b742f128f65,40f040fd5c824c8e8e710af1fdf70b5f,10b152bdafe94db8a93f7c374226a071,be42a43f5186434db4f2815f768a9991,1c2b01416e3943e3b3c575e53c3f1d16,27fe100af7884932a33bf30f10dacc55,ce4fdd5499f8498793c11e586f7da70c
535a28e902f348a580ea213312ceb00c,6af17cec494c4373a95865d270a29171,597aab8bb15240f89fd1b24a8e38258d,acbf8eae7e064c11bab7adf66f216990,bb5c7d03a54647d08b8c62deeb803271,36ee1613abf245cdbe93fef69b5f981f,0f785440b29548e1a1968868262fd42e,236c362d8b664c93b41882c119df9706,56272326c7e94e419ea8c69fb634f610,1a842f077119475794cc2de48e154374,ad3d372fbf054ea1ad06cfcb7490df4b
e15e47a180cc428db81815b4d543f5b2,18ab15fbf00f42f7a410ec75f7592bea,d60986f4025d443ea58adba0e3d224a1,aaab880f032a4e00904cf50566164044,e9428816b054499298745b742f128f65,40f040fd5c824c8e8e710af1fdf70b5f,10b152bdafe94db8a93f7c374226a071,be42a43f5186434db4f2815f768a9991,1c2b01416e3943e3b3c575e53c3f1d16,27fe100af7884932a33bf30f10dacc55,ce4fdd5499f8498793c11e586f7da70c
da51bfb867844c51948b40b82c100086,f5bcc6f48ed2447581b401d453039866,7c1126d46a934db6b951d1e98feae327,1393dac7d34b4c34b1a8091a5bea3663,530b37164090408dbab4e6da51111b8a,b23a9c50eada4286a4f7ce8668b92db1,095ac293b64a4a58b1b3d3f71453a267,87fc1d6a57ea488786caaec8599c3b8b,6b4676aba2a746b3ab778315afc8ee82,e3854d75221c4e38879a6106bb5c1941,e2769c67dadd4c988f7ccf249a998a56
ac80730acb08455c893a3d869cfc6da4,f5bcc6f48ed2447581b401d453039866,7c1126d46a934db6b951d1e98feae327,1393dac7d34b4c34b1a8091a5bea3663,530b37164090408dbab4e6da51111b8a,b23a9c50eada4286a4f7ce8668b92db1,095ac293b64a4a58b1b3d3f71453a267,87fc1d6a57ea488786caaec8599c3b8b,cf7476d6c96b4dcdb6f025b9291eb62b,4a3d4daed4b24a1898551f0fd1ba44f1,6866efc8987a4ec8b04b7abd28fb5777
f9840dbad6f34d8dafdf0b5c3bf04cb8,095ac293b64a4a58b1b3d3f71453a267,f5bcc6f48ed2447581b401d453039866,da61e0de396149208c9ebd0fd6d7415d,7aceed0dbea645b091207f4a53d879f2,7c1126d46a934db6b951d1e98feae327,6fbdacd3d8814ea2a13e81ee1ec128f2,8987ceafff324f9599b842542e37eddd,1099cb6f4fac4eb8a1fb6db50e18296b,5cfb876eeb4f410aa1282cc279f0e546,84581d81d46d44bc99ffb8f871646a7a
b5a9253e400f4be2a770d5cc396a168d,c4e79c8992e54866b0c6f26c55b1a774,be8953cc364d46cebbcc2c2da2c348ab,ec4820b018a04967a457a9c032a51dc6,37ae696e40dd42ebb4738722daa3c523,664da77d25e74df693eaad44a5e7617f,599feb1e512c43ad8c0a1845922acf78,7584980704ae4617bb27ca162cc9c5db,1232f20e710b448e8c0538b9e84dab1c,ff51ca928cd54f4da620c27983e221f8,db0c3a952e454b90aa4a68feb6a50e87
7225852aa975430d8fdd288151e7f0b1,c4e79c8992e54866b0c6f26c55b1a774,be8953cc364d46cebbcc2c2da2c348ab,7584980704ae4617bb27ca162cc9c5db,664da77d25e74df693eaad44a5e7617f,3675c688960a4f3b9f82c4ccf4049e93,ec4820b018a04967a457a9c032a51dc6,37ae696e40dd42ebb4738722daa3c523,2ea3b46262e649f79900258cd90cce31,59e4dcf2794943b18fb902a6eb475ff8,ff51ca928cd54f4da620c27983e221f8
a96d696a72654ee6b6dc50fd558310c7,291130c42a884be2800e026bab5ddf53,b85d652ba8d244f8ab9e941966094f28,d2bcc978e7aa49908919d9fc40138b27,4c8476482736459881e2a3b0509ee103,31f80e4c87164e2893375ec7e73b372e,1c6bbf19b3d2498696a5baf0f53a0f18,9ffa09a2b9bd4da0ba98fc537ca68802,6c6de17135be4f8c9423be633eaefcd4,e22e1ad3c1fc4493bcb7c9b923566ff7,10b152bdafe94db8a93f7c374226a071
37b367fa65f74351b74612f813c76536,291130c42a884be2800e026bab5ddf53,b85d652ba8d244f8ab9e941966094f28,4c8476482736459881e2a3b0509ee103,31f80e4c87164e2893375ec7e73b372e,1c6bbf19b3d2498696a5baf0f53a0f18,d2bcc978e7aa49908919d9fc40138b27,133bfbe9a7c741fcb638ecf1b0088213,b2b22c673e554db39c8acdbe42687a6d,e22e1ad3c1fc4493bcb7c9b923566ff7,47eb17da319d440aa52da8008c26327a
08f68074e69745d0a65e386ce21fddc8,50aa0f56e00d4c23ac78b3e63bc0f0e1,887e323cc38f4cf8adc5970617f1c286,5e199f7727cc4910ad88dbd81ed1ec82,93bf0b86be094f68a9d308ca5ecfb4e3,b2b22c673e554db39c8acdbe42687a6d,2acbd3ec289a47f7b4108896ec632585,33e2a95109e647cbb4ba2687631b169a,1c6bbf19b3d2498696a5baf0f53a0f18,bb6ecabbce1b43d997d00d7acdc95193,91f0da6d71574ababd8e868bddec9310
68465053fe3d4c0bb46ce2dd5bd8a32b,50aa0f56e00d4c23ac78b3e63bc0f0e1,1d93c07de74c482ebf0a76ec564c3252,887e323cc38f4cf8adc5970617f1c286,91f0da6d71574ababd8e868bddec9310,5e199f7727cc4910ad88dbd81ed1ec82,13aca0959cc948cabeee0d7255f55a65,b01fd4d037a84a7aa777e1fc345c73c5,8af25c7ae8e14435a6e27a5671968f50,af648fa7ac6c4c50a246de470329cd83,86179aff3df24ff59b11e9a34974a3f4
893596ad13e54f2daf6287092d79d6ae,50aa0f56e00d4c23ac78b3e63bc0f0e1,1d93c07de74c482ebf0a76ec564c3252,887e323cc38f4cf8adc5970617f1c286,91f0da6d71574ababd8e868bddec9310,5e199f7727cc4910ad88dbd81ed1ec82,13aca0959cc948cabeee0d7255f55a65,eee7f32249c5452ea36c8ed3a3540010,93bf0b86be094f68a9d308ca5ecfb4e3,b01fd4d037a84a7aa777e1fc345c73c5,af648fa7ac6c4c50a246de470329cd83
603dd3df1374474d9bb550bfa01147e6,50aa0f56e00d4c23ac78b3e63bc0f0e1,887e323cc38f4cf8adc5970617f1c286,5e199f7727cc4910ad88dbd81ed1ec82,93bf0b86be094f68a9d308ca5ecfb4e3,b2b22c673e554db39c8acdbe42687a6d,af648fa7ac6c4c50a246de470329cd83,1c6bbf19b3d2498696a5baf0f53a0f18,8c5f38853679436ba434b6a696e43168,33e2a95109e647cbb4ba2687631b169a,d37bf09399d848df9a4d880fb097239c
02de17a638f94e98ac7dce22ddde14ee,a2612682d9854a30a7684c91c8619ec9,8fca2e4873e946f7a788af2b846cebd7,556743bab70d4b75bafcf192fef95b16,be9e713988ba4bbba869885cad419259,5c8a8b7a59c54b9aa7b7136fd91b5869,66cba49431224a3788f914d6a80165e1,e2769c67dadd4c988f7ccf249a998a56,4a7fa5a1bafe4b6995e2920444ac07c4,6b4676aba2a746b3ab778315afc8ee82,d2a03ea4b2d3439ca3dc6fe056ab0f04
902d22a8d96c4f0ab484d880bfc2e287,a2612682d9854a30a7684c91c8619ec9,8fca2e4873e946f7a788af2b846cebd7,556743bab70d4b75bafcf192fef95b16,be9e713988ba4bbba869885cad419259,5c8a8b7a59c54b9aa7b7136fd91b5869,66cba49431224a3788f914d6a80165e1,e2769c67dadd4c988f7ccf249a998a56,d2a03ea4b2d3439ca3dc6fe056ab0f04,e88ce4cd350f43398a5c0ab8629cee72,74de04f31db94a99b757685c91779412
ae7ab0c6a5a14d8e8586a9699557a7fd,5c644b51b1394a7b8fa0a9a6275c422d,556743bab70d4b75bafcf192fef95b16,8fca2e4873e946f7a788af2b846cebd7,e2769c67dadd4c988f7ccf249a998a56,be9e713988ba4bbba869885cad419259,6b4676aba2a746b3ab778315afc8ee82,51c6049a18b84ee381d0512e40b67c0e,74644c8cc17449cf89379868e7b21398,f31e9fdffaa642ed98e91b07a30f3a8c,66cba49431224a3788f914d6a80165e1
b0bed57573cb454590995348d9c3451b,40a95697730046dcbb0d7ba1fe2109a6,14f4db886cca4104877ac7d1d7a64133,384f94503bcd4f4c863056ad69f45b43,04fa591263664fb0a6868552ebd3590b,19098957d8c24cab95daa30c2baefd8f,a35fecee62a9432da0c413f65e895e8c,e2e0c8c96aff4c00896ac6986bbb20c2,7bbe3c76bcc04d73969f920d43fcc67d,d43b0f94627d45918e18a80be127aa2c,6b4676aba2a746b3ab778315afc8ee82
7599a56ef38f493d9ee1b47c9ae8fb02,40a95697730046dcbb0d7ba1fe2109a6,14f4db886cca4104877ac7d1d7a64133,384f94503bcd4f4c863056ad69f45b43,04fa591263664fb0a6868552ebd3590b,a35fecee62a9432da0c413f65e895e8c,7bbe3c76bcc04d73969f920d43fcc67d,19098957d8c24cab95daa30c2baefd8f,e2e0c8c96aff4c00896ac6986bbb20c2,6b4676aba2a746b3ab778315afc8ee82,d43b0f94627d45918e18a80be127aa2c
165c7dbc2b894793b9fb4752c3092399,9948a890ef25479e834f70944cb42eae,ff51ca928cd54f4da620c27983e221f8,ad42c467d0fe43dbb328073f9a16bc4d,45f4192f485a49d9a75219ae4d0c41ee,ca0fe2dd97434e2ca7aecc38d4f1fcd9,bc13c2b0221744a29a8ddf56aa015df9,30c71719aed84c07ae21d0eff0deed72,3138244ae91040948d5bd6772e4075ea,afaf2edba0ee4d58860a5a04e4aabc5c,27a0d24dc1e14b28a1f18456b29c93f1
5d809a0446e94ce08823b0be4c6e85f3,9948a890ef25479e834f70944cb42eae,5a6f4a2f7f6a4b1fa146493472e6d721,ff51ca928cd54f4da620c27983e221f8,3356a8a8c6ee4f30bc2b028e360d4471,ad42c467d0fe43dbb328073f9a16bc4d,4a3d4daed4b24a1898551f0fd1ba44f1,ca0fe2dd97434e2ca7aecc38d4f1fcd9,73f684f538ea452cbb4fbecc2e8126a4,70558882c04e46bd99d15e9786468418,1ad0cf33e96243888d5f970195a75586
92568b35bd5b40c6860861e28db2deb2,ca0fe2dd97434e2ca7aecc38d4f1fcd9,01930613ce7d4a5f90ccf78d1e92a55d,d476be2399b7424a88d242b771c32041,e343a998f4df4ac195c84e0fb571a393,7ec1584e9a5b49eab9ef249143d9bb86,200f7fc78e4c403982f61b2894e50bad,f4474150010f4021a4620372062f3797,b40d3c588ad647ff85e397a6bc5f9d8b,c588868fc3fd4e87a7cddf1ceb00b022,42b6af4853fc465f83ec054f8f8289a4
158d18f87a6b42b483a70835afe005fe,ca0fe2dd97434e2ca7aecc38d4f1fcd9,01930613ce7d4a5f90ccf78d1e92a55d,d476be2399b7424a88d242b771c32041,e343a998f4df4ac195c84e0fb571a393,7ec1584e9a5b49eab9ef249143d9bb86,b40d3c588ad647ff85e397a6bc5f9d8b,bc13c2b0221744a29a8ddf56aa015df9,b8da01ceddcb45a491a288ddbc658e90,b90d74e80c37486eaee89b6fbab13671,5363ae1c905d4879a63259de4954702e
0c0e949f7e9b48398fe5eff0d7dd803e,6c79712e67b54dd0a11d426a91207939,5363ae1c905d4879a63259de4954702e,295d0d40791245ff838c73a2aa27d065,50a2129b83404b94889a01f4688ebafd,1419b2c686f44896a0ae2a43e93b5402,4e4495962a9b4864882397042f1a2b3e,33b5e2ae5ebe4f548bac3a00ab0a59eb,14f4db886cca4104877ac7d1d7a64133,04fa591263664fb0a6868552ebd3590b,6bde760ad5d4485db9889b1bdc074005
4ea8b345742042fd848e678d308fa183,a5d5fb459a1844088e93ae557ab34afe,b0d2e6c4b2384950b3696c4414870282,26e55eb4d910464497d700bfdf5a36ca,1419b2c686f44896a0ae2a43e93b5402,7ef653f7e5f64e1b8bba73b9518b87b7,2f0401170d104b47b0a8f087f69dee88,0568345606fa4a2c84ed4ea6c74639ee,a35d7304347a4f81b1ccfb086956921c,f65c7f50929f431dbf31b441d87616d0,06a5f0cec6ce4170a02dad0ad4c55b1c
37bffb22be1b4b25a409e630b58bb3a7,636c21e19a5845e1b8d69a5fca928030,0f52f676197e4d4e92dec0a7bc4c4f7d,02641488de414b72b63f62b40200b101,e4e12f4711fd41e39075e26cc274df45,2639b6540bda414f8a9baa3b5cdb612a,452d645d5bf4485185e996dcec9523e5,6ae72ad649c54129b992d321f8f29122,99dbf0cd0c6343ffbcf97f04efc4143c,514537782f6549c488a1b932939b4128,30c71719aed84c07ae21d0eff0deed72
fdff932278894d1885bfbc905009ea46,0f52f676197e4d4e92dec0a7bc4c4f7d,636c21e19a5845e1b8d69a5fca928030,e4e12f4711fd41e39075e26cc274df45,02641488de414b72b63f62b40200b101,6ae72ad649c54129b992d321f8f29122,2639b6540bda414f8a9baa3b5cdb612a,30c71719aed84c07ae21d0eff0deed72,452d645d5bf4485185e996dcec9523e5,514537782f6549c488a1b932939b4128,99dbf0cd0c6343ffbcf97f04efc4143c
55c258651d4f46ba879ad04a408ca3f8,a5d5fb459a1844088e93ae557ab34afe,f65c7f50929f431dbf31b441d87616d0,b0d2e6c4b2384950b3696c4414870282,6732de8994744decbb3306c74aaa7882,1419b2c686f44896a0ae2a43e93b5402,30f654c6e69e48888f9f42dd95ab3c77,27a0d24dc1e14b28a1f18456b29c93f1,8fdee0611965465eb45387b8c39f4136,26e55eb4d910464497d700bfdf5a36ca,5537ddec608a4ec586ea068fa27547ca
173024800a4148a59d834a44d0998dbe,06b7dd1b701544ac80dd7ca54ed707cf,7070715ef90743da8691dd4ad134eb0c,64d9091426f9461c97c98a5428856bcf,77d8e01a914d4f4a8b87d407e0d741aa,08ecf89bc10942a4bd894482f6fcdfa7,d445ccdb4cda497e9f0343a3298022d2,0e28ed072d6c444aa6f02e64955b44c6,f6507bae2aaa4785842167f8320428b3,aaab880f032a4e00904cf50566164044,200f7fc78e4c403982f61b2894e50bad
04f607a8dfdb4e6f8c795634b207e615,de1102228a324428989533278cd482f6,7070715ef90743da8691dd4ad134eb0c,64d9091426f9461c97c98a5428856bcf,f6507bae2aaa4785842167f8320428b3,77d8e01a914d4f4a8b87d407e0d741aa,08ecf89bc10942a4bd894482f6fcdfa7,d445ccdb4cda497e9f0343a3298022d2,7199f2fe77824236a392e1f00a5bdfc3,d75a52d716984f318f976bbfc7bee787,0e28ed072d6c444aa6f02e64955b44c6
29b78bc662074f5abb91b5e7ee16deb6,06b7dd1b701544ac80dd7ca54ed707cf,de1102228a324428989533278cd482f6,d445ccdb4cda497e9f0343a3298022d2,08ecf89bc10942a4bd894482f6fcdfa7,64d9091426f9461c97c98a5428856bcf,0e28ed072d6c444aa6f02e64955b44c6,77d8e01a914d4f4a8b87d407e0d741aa,77c8b175ca9d411b8d28d1ed0dc40304,200f7fc78e4c403982f61b2894e50bad,f6507bae2aaa4785842167f8320428b3
bf6af233a7fb4678bde3bcd210972057,de1102228a324428989533278cd482f6,7070715ef90743da8691dd4ad134eb0c,64d9091426f9461c97c98a5428856bcf,f6507bae2aaa4785842167f8320428b3,77d8e01a914d4f4a8b87d407e0d741aa,08ecf89bc10942a4bd894482f6fcdfa7,d445ccdb4cda497e9f0343a3298022d2,7199f2fe77824236a392e1f00a5bdfc3,fc430b7683934be2aba12468b2409bb8,d75a52d716984f318f976bbfc7bee787
3444cb452c4d4832b75091f5da7012db,06b7dd1b701544ac80dd7ca54ed707cf,de1102228a324428989533278cd482f6,d445ccdb4cda497e9f0343a3298022d2,08ecf89bc10942a4bd894482f6fcdfa7,64d9091426f9461c97c98a5428856bcf,0e28ed072d6c444aa6f02e64955b44c6,77d8e01a914d4f4a8b87d407e0d741aa,200f7fc78e4c403982f61b2894e50bad,f6507bae2aaa4785842167f8320428b3,77c8b175ca9d411b8d28d1ed0dc40304
8f00737911424dcdbc5360702808b86e,11e1e3cdfe214385a2c24d0f957dde9b,f676e16c6a134bd5a7bbeee4590adcfe,d7c9dafddaf547159d366dacf7b68a7e,8a464aa9e2ee45d0abc7ae6181cd1bda,db2466dc7da64ac5a2a21c20ace67856,de72d25d08da4b03ac6f6411ce30e07c,5b588e34588940788a22036b775ecc2f,00fb3a55134242769182c520d55681a2,43464ed6733f4642a0b90e7d995a5e40,cb32ec9a538a4c0f8462771946ced93b
084019a95c9f43539a52748e0ee608d3,db2466dc7da64ac5a2a21c20ace67856,5b588e34588940788a22036b775ecc2f,f676e16c6a134bd5a7bbeee4590adcfe,d7c9dafddaf547159d366dacf7b68a7e,de72d25d08da4b03ac6f6411ce30e07c,408ae6a767874fc782467ec2f054ad15,bc607fd6000b43108e49b3d05688fe90,cb32ec9a538a4c0f8462771946ced93b,00fb3a55134242769182c520d55681a2,bdb0d45caa2a4943959f8f501e51132b
d7fcb70c976c46d3a977d1bd3acaa7b4,11e1e3cdfe214385a2c24d0f957dde9b,f676e16c6a134bd5a7bbeee4590adcfe,8a464aa9e2ee45d0abc7ae6181cd1bda,7d5c0a2bfccf4255a43d9bd0f84a6d3a,5b588e34588940788a22036b775ecc2f,21019944fc2c4838a682a6dcdc62c4ef,de72d25d08da4b03ac6f6411ce30e07c,b00b2395b49949508fade89bb3eac98b,43464ed6733f4642a0b90e7d995a5e40,44b3bc5953364d72a53edcf9fc4f1fed
a44ce941098b4f6b948eb8588bd09fa7,f676e16c6a134bd5a7bbeee4590adcfe,d7c9dafddaf547159d366dacf7b68a7e,db2466dc7da64ac5a2a21c20ace67856,5b588e34588940788a22036b775ecc2f,de72d25d08da4b03ac6f6411ce30e07c,43464ed6733f4642a0b90e7d995a5e40,00fb3a55134242769182c520d55681a2,2939ef012c5c4a1b94b49df9469dfb3c,a865b8d581b44104afe7c8508e3486f5,7d0190486da540718e4dc4ca4bd1f573
1778aabe52c7435187be3eb1461b918a,11e1e3cdfe214385a2c24d0f957dde9b,f676e16c6a134bd5a7bbeee4590adcfe,8a464aa9e2ee45d0abc7ae6181cd1bda,de72d25d08da4b03ac6f6411ce30e07c,7d5c0a2bfccf4255a43d9bd0f84a6d3a,21019944fc2c4838a682a6dcdc62c4ef,b00b2395b49949508fade89bb3eac98b,174581fc299840e18e827432c0cce4dc,e4ee90d625d44a6d9adc138390eef0f8,5b588e34588940788a22036b775ecc2f
172e27e7700f4ca399b42d88a4f1c140,e9428816b054499298745b742f128f65,18ab15fbf00f42f7a410ec75f7592bea,d60986f4025d443ea58adba0e3d224a1,009be1c3430743ff9b054bdfcd6228d6,88f796c14d184ecfaa5b0109161db259,5c8a8b7a59c54b9aa7b7136fd91b5869,40f040fd5c824c8e8e710af1fdf70b5f,85d4175b563d48e5bc6a991b23662f24,1ade4365590a4ac7865100d8c791e340,d2a03ea4b2d3439ca3dc6fe056ab0f04
7790838dcafa4412a5fc14b1cf3e7e95,e9428816b054499298745b742f128f65,18ab15fbf00f42f7a410ec75f7592bea,d60986f4025d443ea58adba0e3d224a1,009be1c3430743ff9b054bdfcd6228d6,9aca522158f443fd8a9caaec38ae5e2c,f4474150010f4021a4620372062f3797,88f796c14d184ecfaa5b0109161db259,99dbf0cd0c6343ffbcf97f04efc4143c,d2a03ea4b2d3439ca3dc6fe056ab0f04,7c061d36393540b49e20d98086bdb5bd
3106ad6941604756bf3bd61f1cd9709b,009be1c3430743ff9b054bdfcd6228d6,d60986f4025d443ea58adba0e3d224a1,e9428816b054499298745b742f128f65,be42a43f5186434db4f2815f768a9991,1c2b01416e3943e3b3c575e53c3f1d16,aaab880f032a4e00904cf50566164044,40f040fd5c824c8e8e710af1fdf70b5f,10b152bdafe94db8a93f7c374226a071,7c061d36393540b49e20d98086bdb5bd,bce599075dfd4fac8dd78626106e3071
a2efa66a925344b8b896a8a0cfbb2661,8ebbcf8e4e6f400ba1839e9d75806274,0f785440b29548e1a1968868262fd42e,8c7c9eaae41a44a3a4ebe39ce167d300,1da8cc33bb474411ae16db0233210125,65e30dd62cfa4dccb9ea4d908a9d6fab,be9e713988ba4bbba869885cad419259,00e9d4081c2f45d1a818bfeab099863a,b01fd4d037a84a7aa777e1fc345c73c5,3e59b61eb70146308db2308b988b54cf,26b18153216b48d793b75598ddb54d77
e4c0fba56e824b5cb4b6aeb4700f2d76,5537ddec608a4ec586ea068fa27547ca,00fb3a55134242769182c520d55681a2,7326afe68eb64b63993b3dae022c645d,a9573f188204436090fb4a5240e4eccd,23a16d69ffe848d593a4808907d8aa98,cf290994a83e4909aec30077477b9d04,f3fddb55448a46778b5d807642cceb71,db620271348d404a9a0b978d96c63f29,d756970269e9443fb9bbf645a96aa84e,0c889c151e094b948c13b0275e660a9c
6242d18df5cd4f5cb63a1105ffbd971e,5537ddec608a4ec586ea068fa27547ca,00fb3a55134242769182c520d55681a2,7326afe68eb64b63993b3dae022c645d,a9573f188204436090fb4a5240e4eccd,0c889c151e094b948c13b0275e660a9c,b5f237fefb38465bb6a068c9cf75ba31,23a16d69ffe848d593a4808907d8aa98,cf290994a83e4909aec30077477b9d04,fbfaa119f55a477984e42d80498f54d3,db620271348d404a9a0b978d96c63f29
dc46278e6e01447e8c262d2884fdd9bb,6c79712e67b54dd0a11d426a91207939,5363ae1c905d4879a63259de4954702e,295d0d40791245ff838c73a2aa27d065,26e55eb4d910464497d700bfdf5a36ca,33b5e2ae5ebe4f548bac3a00ab0a59eb,71d4b4036e594d7399506e6fd9b88063,bbdf9065122d499d9d8f80ad3e0ef6f3,1aef014473b84ef9a0f799114fe516c9,e343a998f4df4ac195c84e0fb571a393,8889c114b071429cbe2418f5b0f2024b
8ba5ddc596414a9695e18a68ace669d5,6c79712e67b54dd0a11d426a91207939,5363ae1c905d4879a63259de4954702e,295d0d40791245ff838c73a2aa27d065,26e55eb4d910464497d700bfdf5a36ca,33b5e2ae5ebe4f548bac3a00ab0a59eb,71d4b4036e594d7399506e6fd9b88063,1aef014473b84ef9a0f799114fe516c9,bbdf9065122d499d9d8f80ad3e0ef6f3,8889c114b071429cbe2418f5b0f2024b,e343a998f4df4ac195c84e0fb571a393
bc709d8a81a346b5aca36d4ffb49d234,20297482a5014732a843c9fdafba548e,1ad0cf33e96243888d5f970195a75586,00e9d4081c2f45d1a818bfeab099863a,da88fa5efc674368b593444ca950dff9,3c0f3b44c0844df49b5898406fe9195a,42b6af4853fc465f83ec054f8f8289a4,2b039224b54142d185a406b31fe01de2,1a0ac2d40cb04ca993e1db68d787728a,7d6122daabe442ffb5e57ece1882e714,878e5c41be5c477e9f660ca361fdd727
93bbe46e371c44f284f4487aa854a903,13cda6e8f2d948eeb5508288a172e76f,56272326c7e94e419ea8c69fb634f610,39e2b00e1cbd471488cf56f31d2cec7f,1ad0cf33e96243888d5f970195a75586,0c9c05f86aa042abbdd66d2b2d05d374,b425f33c33ad4be89a12da266d131a86,2c65a898314b42e6b2e93dca66fd15c2,4a6eba10a02a4ecdbb6b25e8651c3789,5760084aabef4d8095b2d21902151f64,c66c6f1449d44728a2ef72de53dd6d5e
cd3c7eb34f6f4d45bcd3a71dd304f187,13cda6e8f2d948eeb5508288a172e76f,4a6eba10a02a4ecdbb6b25e8651c3789,39e2b00e1cbd471488cf56f31d2cec7f,1ad0cf33e96243888d5f970195a75586,b3a022950e444682a113cec5a0537f6a,8228c9eb29a542ba98c8b9b854eadaa4,2c65a898314b42e6b2e93dca66fd15c2,bb5c7d03a54647d08b8c62deeb803271,37ae696e40dd42ebb4738722daa3c523,be70e49b76c24527b4fddfb6b78b6d8d
c900c56e641f49749087f609b8ab6f4b,20297482a5014732a843c9fdafba548e,1ad0cf33e96243888d5f970195a75586,00e9d4081c2f45d1a818bfeab099863a,1f9cd7f2b7a14e2f8d490a104a56edcd,14ca42308d3141fba50b774042144343,98b2022b2cb84af09ee8b789db928b13,fadf133e0e684a24ac79b5fa9515bac2,2b039224b54142d185a406b31fe01de2,7e8a4a43e2f84dbb88e41cb24b3fe79f,7d6122daabe442ffb5e57ece1882e714
f747d567755a4d7a83b918fcff6e4b5c,1419b2c686f44896a0ae2a43e93b5402,3aa003c1e31b476e999c3a808a1d5dc6,eeb3b60f34af40de850e065b475d8180,65e30dd62cfa4dccb9ea4d908a9d6fab,7326afe68eb64b63993b3dae022c645d,3e59b61eb70146308db2308b988b54cf,98fbdf945d0c4206a48a4f7260e56017,7bbe3c76bcc04d73969f920d43fcc67d,2f0401170d104b47b0a8f087f69dee88,e8927e14983a43da900edd926dd35adb
b52c282983934e3699bf0c6b64dc8d7c,1419b2c686f44896a0ae2a43e93b5402,3aa003c1e31b476e999c3a808a1d5dc6,65e30dd62cfa4dccb9ea4d908a9d6fab,eeb3b60f34af40de850e065b475d8180,98fbdf945d0c4206a48a4f7260e56017,3e59b61eb70146308db2308b988b54cf,a4af9472683c4df0a86f9400c99c2b61,2f0401170d104b47b0a8f087f69dee88,7326afe68eb64b63993b3dae022c645d,d716ea165223433a8d49b93e96989482
cb43fab6f1b147acbb71f39df054f667,3b37a4c34b6e4ca89a04da864e141422,77c8b175ca9d411b8d28d1ed0dc40304,f6507bae2aaa4785842167f8320428b3,7199f2fe77824236a392e1f00a5bdfc3,d5ecdd142b544edca1b16ee83a9cf908,08ecf89bc10942a4bd894482f6fcdfa7,ff276acede2f4c14876ef47257758ae8,cf290994a83e4909aec30077477b9d04,d445ccdb4cda497e9f0343a3298022d2,3aaea7fa41fd43cdb88f8ef59062c5df
c0ca3c37cd574f37a90afbcab9554fb9,3c72832689d8406996e80893b719b974,0a2c24dead204be9ae36be358e1223f9,77c8b175ca9d411b8d28d1ed0dc40304,7199f2fe77824236a392e1f00a5bdfc3,08ecf89bc10942a4bd894482f6fcdfa7,f6507bae2aaa4785842167f8320428b3,ff276acede2f4c14876ef47257758ae8,0e28ed072d6c444aa6f02e64955b44c6,b6c493a3666c4db193e86c79faf099ab,cffbff4deb374fcf850c679899c6e3f8
0520b04de7b946fb84e99b6ae1269a1f,3c72832689d8406996e80893b719b974,0a2c24dead204be9ae36be358e1223f9,77c8b175ca9d411b8d28d1ed0dc40304,08ecf89bc10942a4bd894482f6fcdfa7,7199f2fe77824236a392e1f00a5bdfc3,f6507bae2aaa4785842167f8320428b3,ff276acede2f4c14876ef47257758ae8,0e28ed072d6c444aa6f02e64955b44c6,77d8e01a914d4f4a8b87d407e0d741aa,d445ccdb4cda497e9f0343a3298022d2
c7dcc094c48b40fd94db148562b6f0e9,77c8b175ca9d411b8d28d1ed0dc40304,3b37a4c34b6e4ca89a04da864e141422,7199f2fe77824236a392e1f00a5bdfc3,f6507bae2aaa4785842167f8320428b3,08ecf89bc10942a4bd894482f6fcdfa7,ff276acede2f4c14876ef47257758ae8,d5ecdd142b544edca1b16ee83a9cf908,d445ccdb4cda497e9f0343a3298022d2,3aaea7fa41fd43cdb88f8ef59062c5df,77d8e01a914d4f4a8b87d407e0d741aa
ddd81e0cf0bf473caeae21db037c05f3,243dbbcdc67c42bfa6f32c47477adf6d,f65b6fb5b40a49d1896de7a115469d40,434551fdf9e443ed91679a9557ae6fd5,bbdf9065122d499d9d8f80ad3e0ef6f3,4254f6eaaed746bea797c3522036fc12,baf841bad27c456c9de7227555ea3ef8,86179aff3df24ff59b11e9a34974a3f4,3cb231e1167e45f9bf5771a4e0074092,6732de8994744decbb3306c74aaa7882,71c1a8479b194efca65b44fb7f327afb
c7a7fb2ef38346cab2c63eb4b30f835b,476ce3ffff564a5aa985808e7d2cab17,8c674a7b65e24114a45dd3c861a7ccfc,b6c493a3666c4db193e86c79faf099ab,434551fdf9e443ed91679a9557ae6fd5,66f4c650b7ca48f1bc27f9daff8d312a,ee7c00877ae64dac87123a3d75251530,eeca68825e2a4bbdaa5ae962998fc33b,3cb231e1167e45f9bf5771a4e0074092,64e74af099b0485f8b6e71ac73aa2cb8,6252aa87531748e5bac5f6c65fc87e14
53bb342b2fbb403cbc5546f80ef1cf70,243dbbcdc67c42bfa6f32c47477adf6d,f65b6fb5b40a49d1896de7a115469d40,434551fdf9e443ed91679a9557ae6fd5,bbdf9065122d499d9d8f80ad3e0ef6f3,baf841bad27c456c9de7227555ea3ef8,3cb231e1167e45f9bf5771a4e0074092,f5bcc6f48ed2447581b401d453039866,4254f6eaaed746bea797c3522036fc12,984058b7165d4c6385bec3c94afa9fb2,78d0265d47df4f4cb7153da919763730
320e73d1bf40458380ad0ac60af40a94,476ce3ffff564a5aa985808e7d2cab17,8c674a7b65e24114a45dd3c861a7ccfc,b6c493a3666c4db193e86c79faf099ab,434551fdf9e443ed91679a9557ae6fd5,ee7c00877ae64dac87123a3d75251530,66f4c650b7ca48f1bc27f9daff8d312a,3cb231e1167e45f9bf5771a4e0074092,eeca68825e2a4bbdaa5ae962998fc33b,6252aa87531748e5bac5f6c65fc87e14,ef8c056ecb524439a48c881089537951
4a790fe3c73f4c1f9565d50067722fbf,0cdb0f32850f4585a16de4886462bbe0,6ea31a945d494834a3d243f1f90af02a,403835bbf2f1447188bcc78e062b0028,f335a944a27a4504a82ecf70c2d4a5e4,4e22dc65beb7450b9260cf27e50919e4,6bde760ad5d4485db9889b1bdc074005,e06d08ff594a4acbac12edf579743fcf,7584980704ae4617bb27ca162cc9c5db,d0e41bf891254ba0872f1641139f84f6,ec4820b018a04967a457a9c032a51dc6
b374c835abb74519904d89a6f4367ea2,076e2669c305401fb3afcfafdd6c79c7,5fc200cab89346658c9c91cce27e85fe,db620271348d404a9a0b978d96c63f29,ba8d0208e32e42969bd4349cf24f6ed1,403835bbf2f1447188bcc78e062b0028,cd6ce920d00e4d17a6cf04f9f7e550b7,cffbff4deb374fcf850c679899c6e3f8,6bde760ad5d4485db9889b1bdc074005,3c72832689d8406996e80893b719b974,f7f600880b064920ab59b907d26aedc6
358dc33d74d3427697ddadedc1d2a83e,076e2669c305401fb3afcfafdd6c79c7,d0e41bf891254ba0872f1641139f84f6,cd6ce920d00e4d17a6cf04f9f7e550b7,ba8d0208e32e42969bd4349cf24f6ed1,7d6122daabe442ffb5e57ece1882e714,4d5cbe57c3094d01843e4f950a280b50,0c889c151e094b948c13b0275e660a9c,6bde760ad5d4485db9889b1bdc074005,57bcda73abab44ee930b20cdaee9d24b,0b57f893483647c3aed811775a4c4c04
1840d3d379eb48cc97d68a3c7ece76a0,04d24d1cf42b4f7787d8d300cbad6d50,74de04f31db94a99b757685c91779412,dd36cc0867b94d55a43b82c1c9a0e95c,94ed54abfdc74b04b0dcb19c278e66f4,4c36aafaf38f4e9e9e09991737196fe1,8af25c7ae8e14435a6e27a5671968f50,cdd73e0289aa4e2b87cd14e6ff5bd75e,91f0da6d71574ababd8e868bddec9310,9500823cb050427696343b1ea5cf8881,3e59b61eb70146308db2308b988b54cf
11c35b811aae4a88b9417172320999bb,ef511457ee7c490c8e10eccf6e18fef6,dd36cc0867b94d55a43b82c1c9a0e95c,04d24d1cf42b4f7787d8d300cbad6d50,cdd73e0289aa4e2b87cd14e6ff5bd75e,2d43cf91509846e29ab4febd7781919f,4c36aafaf38f4e9e9e09991737196fe1,0a61f52258f643b6a6436a1ec234e197,54e9bbd0093947a3bda5fef48ef7493d,da88fa5efc674368b593444ca950dff9,be9e713988ba4bbba869885cad419259
6dbd11275bf1493ca16a6492ba2f511c,04d24d1cf42b4f7787d8d300cbad6d50,74de04f31db94a99b757685c91779412,dd36cc0867b94d55a43b82c1c9a0e95c,94ed54abfdc74b04b0dcb19c278e66f4,4c36aafaf38f4e9e9e09991737196fe1,cdd73e0289aa4e2b87cd14e6ff5bd75e,8af25c7ae8e14435a6e27a5671968f50,91f0da6d71574ababd8e868bddec9310,3766b26b53874893ae48693880e1942c,5455e62f52ae4e03b2a5d0e8b9899506
26f693acd01d492bae2384f853a7924a,ef511457ee7c490c8e10eccf6e18fef6,dd36cc0867b94d55a43b82c1c9a0e95c,04d24d1cf42b4f7787d8d300cbad6d50,cdd73e0289aa4e2b87cd14e6ff5bd75e,2d43cf91509846e29ab4febd7781919f,0a61f52258f643b6a6436a1ec234e197,4c36aafaf38f4e9e9e09991737196fe1,be9e713988ba4bbba869885cad419259,5c644b51b1394a7b8fa0a9a6275c422d,54e9bbd0093947a3bda5fef48ef7493d
9ec6567a98fa4b3bb0c40f6580f8688e,3aaea7fa41fd43cdb88f8ef59062c5df,f6507bae2aaa4785842167f8320428b3,ff276acede2f4c14876ef47257758ae8,0a2c24dead204be9ae36be358e1223f9,77c8b175ca9d411b8d28d1ed0dc40304,77d8e01a914d4f4a8b87d407e0d741aa,08ecf89bc10942a4bd894482f6fcdfa7,c66c6f1449d44728a2ef72de53dd6d5e,3b37a4c34b6e4ca89a04da864e141422,06b7dd1b701544ac80dd7ca54ed707cf
d16732c065604317b9457f0f53b9e356,ff276acede2f4c14876ef47257758ae8,7199f2fe77824236a392e1f00a5bdfc3,f6507bae2aaa4785842167f8320428b3,77d8e01a914d4f4a8b87d407e0d741aa,44b3bc5953364d72a53edcf9fc4f1fed,0a2c24dead204be9ae36be358e1223f9,c66c6f1449d44728a2ef72de53dd6d5e,b40d3c588ad647ff85e397a6bc5f9d8b,77c8b175ca9d411b8d28d1ed0dc40304,99a52c93a3304ec18dab9206f98f2a8b
805041534e3944d4bf48b927f4e971e1,3aaea7fa41fd43cdb88f8ef59062c5df,7199f2fe77824236a392e1f00a5bdfc3,f6507bae2aaa4785842167f8320428b3,c66c6f1449d44728a2ef72de53dd6d5e,0a2c24dead204be9ae36be358e1223f9,77c8b175ca9d411b8d28d1ed0dc40304,77d8e01a914d4f4a8b87d407e0d741aa,3b37a4c34b6e4ca89a04da864e141422,eb21a4e2b7bd43efbdf0c365415e7fef,e79ae27b52fa4d54aa37735fd275c66e
f25d93d4fff845dbba58d34a9ba4da56,3aaea7fa41fd43cdb88f8ef59062c5df,f6507bae2aaa4785842167f8320428b3,ff276acede2f4c14876ef47257758ae8,0a2c24dead204be9ae36be358e1223f9,77c8b175ca9d411b8d28d1ed0dc40304,77d8e01a914d4f4a8b87d407e0d741aa,08ecf89bc10942a4bd894482f6fcdfa7,c66c6f1449d44728a2ef72de53dd6d5e,3b37a4c34b6e4ca89a04da864e141422,d445ccdb4cda497e9f0343a3298022d2
ae2ef12666344157a4a58eb1012bea10,f3fddb55448a46778b5d807642cceb71,878e5c41be5c477e9f660ca361fdd727,cb550e5ff4694fe9a19eaa6588cef250,6b4676aba2a746b3ab778315afc8ee82,8746ae2ca7514699b629b4d9b5fe95a7,24c55bb5cd694770ba895c7401da2ba5,a0408a6462b24cf18e50a8616359d5ad,71d4b4036e594d7399506e6fd9b88063,4c36aafaf38f4e9e9e09991737196fe1,cffbff4deb374fcf850c679899c6e3f8
c007e0935fe7472a9ef764a15c2bae1a,f3fddb55448a46778b5d807642cceb71,878e5c41be5c477e9f660ca361fdd727,cb550e5ff4694fe9a19eaa6588cef250,6b4676aba2a746b3ab778315afc8ee82,8746ae2ca7514699b629b4d9b5fe95a7,71d4b4036e594d7399506e6fd9b88063,24c55bb5cd694770ba895c7401da2ba5,a0408a6462b24cf18e50a8616359d5ad,70aa10580bfe4069bdaa5721ae2d29db,408ae6a767874fc782467ec2f054ad15
ca758fdcdecf418c8193105975e32b5a,7ef653f7e5f64e1b8bba73b9518b87b7,878e5c41be5c477e9f660ca361fdd727,cb550e5ff4694fe9a19eaa6588cef250,6b4676aba2a746b3ab778315afc8ee82,c3502ff31ce6459a96164c934f297562,dd77b570036f40de9fdf49011bb9e2d8,f92d16d3a970487094292439c3e00923,a0408a6462b24cf18e50a8616359d5ad,71d4b4036e594d7399506e6fd9b88063,3bd43a42811048e3b7a7d9740bdb1971
62d4e090de42404b884cdf0aeea36d2d,3c72832689d8406996e80893b719b974,b33a0f5b564a4942b04046ab7a8e2aae,0a2c24dead204be9ae36be358e1223f9,66f4c650b7ca48f1bc27f9daff8d312a,5455e62f52ae4e03b2a5d0e8b9899506,31a2675a2e944a1ab3b810cfb92ebd34,039a871609044cb1b69f70c082fe61d8,bc607fd6000b43108e49b3d05688fe90,75efe5ddef364f49865d9bb283492b48,00fb3a55134242769182c520d55681a2
4a90414f82f14268928f92849227e3e4,243dbbcdc67c42bfa6f32c47477adf6d,bbdf9065122d499d9d8f80ad3e0ef6f3,f65b6fb5b40a49d1896de7a115469d40,0daf8d5687b54d158f7f752884c42334,3cb231e1167e45f9bf5771a4e0074092,434551fdf9e443ed91679a9557ae6fd5,2939ef012c5c4a1b94b49df9469dfb3c,7359a1cc20d54f96aeea121d7247b88d,0971af4212484a958eb0f60f93d1dfe0,c65af18670ea437c8986884645b3afe9
8b1b59a271e64b7d92225d1479ab0fa0,243dbbcdc67c42bfa6f32c47477adf6d,bbdf9065122d499d9d8f80ad3e0ef6f3,f65b6fb5b40a49d1896de7a115469d40,0daf8d5687b54d158f7f752884c42334,3cb231e1167e45f9bf5771a4e0074092,434551fdf9e443ed91679a9557ae6fd5,7359a1cc20d54f96aeea121d7247b88d,39a08a87897f47d3bdbbdc5ed8c9cd7f,716a15d66b63424a8068da89e75733b4,f4b7e6e902e344859cb041126b69ce3c
31555c3dbb51459eb52da0ce111a5382,3c72832689d8406996e80893b719b974,b33a0f5b564a4942b04046ab7a8e2aae,66f4c650b7ca48f1bc27f9daff8d312a,0a2c24dead204be9ae36be358e1223f9,5455e62f52ae4e03b2a5d0e8b9899506,75efe5ddef364f49865d9bb283492b48,00fb3a55134242769182c520d55681a2,bc607fd6000b43108e49b3d05688fe90,039a871609044cb1b69f70c082fe61d8,31a2675a2e944a1ab3b810cfb92ebd34
bb7eb4ba9b5943b6a61ff124ef6239b4,33e2a95109e647cbb4ba2687631b169a,2acbd3ec289a47f7b4108896ec632585,36472797459c462e910846109fa624fc,08ecf89bc10942a4bd894482f6fcdfa7,d445ccdb4cda497e9f0343a3298022d2,a5365055a36a4ec1bf5b0ce2ef949a35,f6507bae2aaa4785842167f8320428b3,64d9091426f9461c97c98a5428856bcf,de1102228a324428989533278cd482f6,1d93c07de74c482ebf0a76ec564c3252
e1d35002bf604e59a1a055673b110d7b,de1102228a324428989533278cd482f6,77d8e01a914d4f4a8b87d407e0d741aa,06b7dd1b701544ac80dd7ca54ed707cf,0e28ed072d6c444aa6f02e64955b44c6,08ecf89bc10942a4bd894482f6fcdfa7,d445ccdb4cda497e9f0343a3298022d2,7070715ef90743da8691dd4ad134eb0c,77c8b175ca9d411b8d28d1ed0dc40304,384b14b18c3c43b1a4dc1aa2f661e076,f6507bae2aaa4785842167f8320428b3
409ee169523c45b0935d17521c001655,77d8e01a914d4f4a8b87d407e0d741aa,08ecf89bc10942a4bd894482f6fcdfa7,de1102228a324428989533278cd482f6,d445ccdb4cda497e9f0343a3298022d2,0e28ed072d6c444aa6f02e64955b44c6,06b7dd1b701544ac80dd7ca54ed707cf,7070715ef90743da8691dd4ad134eb0c,77c8b175ca9d411b8d28d1ed0dc40304,384b14b18c3c43b1a4dc1aa2f661e076,f6507bae2aaa4785842167f8320428b3
3c0da2e0535d4efab77b6201db1866d3,f2ef424352f14dda92691047ee9f15fa,7326afe68eb64b63993b3dae022c645d,19b81e71e7f04ebcbfade9daa899ed3d,b3209c60460a437294e2b30a9e9d3f53,c1d504dfeded4b8bb3c07777b7c7abde,7ab9086baf99475d8c93862a7dd36344,3c0f3b44c0844df49b5898406fe9195a,f4474150010f4021a4620372062f3797,e834bfbd30b247e899f0dc029ab9f072,1ad0cf33e96243888d5f970195a75586
1693abbd511b40648b18f87e485be585,19b81e71e7f04ebcbfade9daa899ed3d,01bbbf1caa554d94b5decb69cc1add41,5760084aabef4d8095b2d21902151f64,b3209c60460a437294e2b30a9e9d3f53,0f785440b29548e1a1968868262fd42e,c1d504dfeded4b8bb3c07777b7c7abde,7326afe68eb64b63993b3dae022c645d,f2ef424352f14dda92691047ee9f15fa,724a3f6551e74ad585bdeac9a75fd639,babbeca1f6a244a2a11ea77a3855e70f
220c7fef1fe54586b4f4c4ac80924512,f2ef424352f14dda92691047ee9f15fa,5760084aabef4d8095b2d21902151f64,19b81e71e7f04ebcbfade9daa899ed3d,30c71719aed84c07ae21d0eff0deed72,8889c114b071429cbe2418f5b0f2024b,3c0f3b44c0844df49b5898406fe9195a,ff171f0b29974f78b0e81fee30abdd38,e429a2e164a24919a12edcc8d4ea8f09,033f1514c78b49dd82148b94f6bcbeba,01ffceddb5b34406a08bb982b424b3cf
995e4d102a3b41e3b4c81d2e30253554,5760084aabef4d8095b2d21902151f64,7326afe68eb64b63993b3dae022c645d,19b81e71e7f04ebcbfade9daa899ed3d,30c71719aed84c07ae21d0eff0deed72,8889c114b071429cbe2418f5b0f2024b,0c9c05f86aa042abbdd66d2b2d05d374,599feb1e512c43ad8c0a1845922acf78,ff171f0b29974f78b0e81fee30abdd38,01ffceddb5b34406a08bb982b424b3cf,ed4449952a9e45339b76fc5f123cb917
32b2409ee0304c6f8c633cf2838fc107,0a61f52258f643b6a6436a1ec234e197,df7ea50171af48df81584ab7e8107d15,e4fcd30261804b089efa940359057ba2,dd36cc0867b94d55a43b82c1c9a0e95c,6fc7a2cf0684475a82f6ff9be2c8e850,4385ac4645b34f3c8a44c4676ebcd8be,11e1e3cdfe214385a2c24d0f957dde9b,ca1a2a6308834baba3140b5ce8f81320,8dfbb6a204a0441492c35baca6190969,3e6a4b65a1004c08a6f3f570cf986c2f
38393c2659214de8b744a8747b3060da,d9b70c4ed8bb4fc5957ecebf102528ee,75efe5ddef364f49865d9bb283492b48,86f59bd78b424260b0cf356f2f9ae734,cdd73e0289aa4e2b87cd14e6ff5bd75e,74de04f31db94a99b757685c91779412,de72d25d08da4b03ac6f6411ce30e07c,ca1a2a6308834baba3140b5ce8f81320,d0b6e9c1cc5341faba9e03c17767bc2e,6fc7a2cf0684475a82f6ff9be2c8e850,04d24d1cf42b4f7787d8d300cbad6d50
b1fb22cca72c471fbf933b076b3ba471,d9b70c4ed8bb4fc5957ecebf102528ee,75efe5ddef364f49865d9bb283492b48,74de04f31db94a99b757685c91779412,cdd73e0289aa4e2b87cd14e6ff5bd75e,86f59bd78b424260b0cf356f2f9ae734,de72d25d08da4b03ac6f6411ce30e07c,a2612682d9854a30a7684c91c8619ec9,5c644b51b1394a7b8fa0a9a6275c422d,d0b6e9c1cc5341faba9e03c17767bc2e,ca1a2a6308834baba3140b5ce8f81320
c425735cc2d645f89ae700274561ff76,0bd1cce9370a461089e25393086800a8,c756409435634fc48c643a64e73c93ce,1ad0cf33e96243888d5f970195a75586,b9228fdb5f0c413d81cffb51829d95c6,6f57d1175ad243edada61643d01fcd54,7ec1584e9a5b49eab9ef249143d9bb86,df5ca61304074da1bec8f536ab50baf3,225818abe99e45a0bf5b0b3ec30db76b,56272326c7e94e419ea8c69fb634f610,6dc5832f0ac04df2bd99c6415b3ecf09
d37fad90466d41fb99cc1281af258b44,d9ac372330a4446886fa19bac0d19877,2c65a898314b42e6b2e93dca66fd15c2,c24e3823376b436c8eb46eaeebbc7718,f59a3ee5387440d981754b6595e8664c,da9cfbdf124143b78bec89393dd5287a,0bd1cce9370a461089e25393086800a8,fadf133e0e684a24ac79b5fa9515bac2,bb5c7d03a54647d08b8c62deeb803271,eff24b01b2f5428baa4c3fef6cb40d41,3b7d56c26da14b3a9b1cd52b5b35891b
8f59b2636caf43f29362aad398734e84,0bd1cce9370a461089e25393086800a8,1ad0cf33e96243888d5f970195a75586,c756409435634fc48c643a64e73c93ce,6f57d1175ad243edada61643d01fcd54,b9228fdb5f0c413d81cffb51829d95c6,7ec1584e9a5b49eab9ef249143d9bb86,df5ca61304074da1bec8f536ab50baf3,56272326c7e94e419ea8c69fb634f610,225818abe99e45a0bf5b0b3ec30db76b,6dc5832f0ac04df2bd99c6415b3ecf09
92e239ee1c9942eda10a987e5a192aad,d9ac372330a4446886fa19bac0d19877,56272326c7e94e419ea8c69fb634f610,eff24b01b2f5428baa4c3fef6cb40d41,3f1c2bb09c4e4400b6ba19542fafce18,2c65a898314b42e6b2e93dca66fd15c2,6f57d1175ad243edada61643d01fcd54,0bd1cce9370a461089e25393086800a8,b77d8b7bb0114c379139d280a9210e83,7ec1584e9a5b49eab9ef249143d9bb86,9ffa09a2b9bd4da0ba98fc537ca68802
6ca76ef7aa7d4121a75374b29ba7d263,d9ac372330a4446886fa19bac0d19877,2c65a898314b42e6b2e93dca66fd15c2,c24e3823376b436c8eb46eaeebbc7718,f59a3ee5387440d981754b6595e8664c,da9cfbdf124143b78bec89393dd5287a,0bd1cce9370a461089e25393086800a8,fadf133e0e684a24ac79b5fa9515bac2,cb32ec9a538a4c0f8462771946ced93b,9ffa09a2b9bd4da0ba98fc537ca68802,bb5c7d03a54647d08b8c62deeb803271
2cdba5196ffe4c8797018ef98b7a52c4,e2e0c8c96aff4c00896ac6986bbb20c2,570f08ce2a1a47978eab16bf7ad16a68,1ade4365590a4ac7865100d8c791e340,7bbe3c76bcc04d73969f920d43fcc67d,04d24d1cf42b4f7787d8d300cbad6d50,19098957d8c24cab95daa30c2baefd8f,022e16490d1949b9ab2fc1de5a837031,39e2b00e1cbd471488cf56f31d2cec7f,50a2129b83404b94889a01f4688ebafd,59f62d35b1ad451397b700b3dad25448
8e69932dfcf247039202e839e2e4ad92,1aef014473b84ef9a0f799114fe516c9,ef60b54aa4b5490890da32d0bb8c9cbf,cf293392122347a180cf2126f4589acb,5455e62f52ae4e03b2a5d0e8b9899506,d9ac372330a4446886fa19bac0d19877,44f41e6e6faa4facb0bb9a72205229f8,5c09482fc8dc45bdbf7919f00dd540e0,250d411ae270441085be3501b7b55d86,938147b72e9540da8513910871e0830a,0accd1d0138b49049d437c0d9b1c23c3
c876e09aeff84624b8a01d61b99fed1f,e2e0c8c96aff4c00896ac6986bbb20c2,570f08ce2a1a47978eab16bf7ad16a68,7bbe3c76bcc04d73969f920d43fcc67d,1ade4365590a4ac7865100d8c791e340,04d24d1cf42b4f7787d8d300cbad6d50,50a2129b83404b94889a01f4688ebafd,da88fa5efc674368b593444ca950dff9,59f62d35b1ad451397b700b3dad25448,39e2b00e1cbd471488cf56f31d2cec7f,19098957d8c24cab95daa30c2baefd8f
660e576505194cfbb8e673b09a078b98,1aef014473b84ef9a0f799114fe516c9,ef60b54aa4b5490890da32d0bb8c9cbf,5455e62f52ae4e03b2a5d0e8b9899506,249c2d8d8d2345c6990b3c4d94385b5a,d9ac372330a4446886fa19bac0d19877,5c09482fc8dc45bdbf7919f00dd540e0,0accd1d0138b49049d437c0d9b1c23c3,250d411ae270441085be3501b7b55d86,85d4175b563d48e5bc6a991b23662f24,9d09e3cd382c4d0ea0f6f50261e3e4c8
795efbe9c2fe4b3dbc173c89167f9163,211ef3181e524685866fb8574d9bf456,67dd23cfd20f46dc82acc82c108a1dc6,ac5a760b45c146ec840193371cfb2d30,b2992fe473124dd0b895cf81f59f6db6,9aca522158f443fd8a9caaec38ae5e2c,59e4dcf2794943b18fb902a6eb475ff8,105ad424733e4cffa7c474b51e3980aa,5760084aabef4d8095b2d21902151f64,7f23e27e5652406784fdc2dea3918125,7d0190486da540718e4dc4ca4bd1f573
2be3682989f94c34b19ee0da04571f91,211ef3181e524685866fb8574d9bf456,67dd23cfd20f46dc82acc82c108a1dc6,b2992fe473124dd0b895cf81f59f6db6,ac5a760b45c146ec840193371cfb2d30,7f23e27e5652406784fdc2dea3918125,9aca522158f443fd8a9caaec38ae5e2c,105ad424733e4cffa7c474b51e3980aa,59e4dcf2794943b18fb902a6eb475ff8,e429a2e164a24919a12edcc8d4ea8f09,7d0190486da540718e4dc4ca4bd1f573
68215d17cd25495b93f219bc1621c8aa,6c51b4f57ba0415f994756e944b11cee,bc13c2b0221744a29a8ddf56aa015df9,f37d285ad0de42f0b1546d0d1acfb221,34b736136487439389c10cc6bd4e9f4e,cb75c6ef71cb4991805920f2894e0e96,23a16d69ffe848d593a4808907d8aa98,e511c40ca6324803b5021e47b4e777f8,23199e1859544647893a97ea365c5c83,f69bf682935e47e1b4c72d237becd13a,db2466dc7da64ac5a2a21c20ace67856
701794a02e204afbbbd3a8689e7eb5f0,6c51b4f57ba0415f994756e944b11cee,bc13c2b0221744a29a8ddf56aa015df9,f37d285ad0de42f0b1546d0d1acfb221,34b736136487439389c10cc6bd4e9f4e,cb75c6ef71cb4991805920f2894e0e96,23a16d69ffe848d593a4808907d8aa98,e511c40ca6324803b5021e47b4e777f8,23199e1859544647893a97ea365c5c83,44156e6482884acaaee1938e04d8b6ff,f69bf682935e47e1b4c72d237becd13a
fc791f8358f54a66be0e95f809bc8e2d,7aceed0dbea645b091207f4a53d879f2,db13ed5446be46269dff3de3c1bf2660,1099cb6f4fac4eb8a1fb6db50e18296b,17b5eb6fab65476f827dd355b4a20a55,095ac293b64a4a58b1b3d3f71453a267,6fbdacd3d8814ea2a13e81ee1ec128f2,65e52d14d4d64d4fbad3de6ad319e745,530b37164090408dbab4e6da51111b8a,c84deec0ecf843c39f52d4cb8e7300f8,5cfb876eeb4f410aa1282cc279f0e546
24729e6784174289859f89243ee3228c,1099cb6f4fac4eb8a1fb6db50e18296b,84581d81d46d44bc99ffb8f871646a7a,7aceed0dbea645b091207f4a53d879f2,8987ceafff324f9599b842542e37eddd,17b5eb6fab65476f827dd355b4a20a55,baf841bad27c456c9de7227555ea3ef8,9db7d32d79024ba6a73c55fde6f55968,0568345606fa4a2c84ed4ea6c74639ee,133bfbe9a7c741fcb638ecf1b0088213,00e9d4081c2f45d1a818bfeab099863a
ca6805db708f46198fe4e47abb975231,17b5eb6fab65476f827dd355b4a20a55,7aceed0dbea645b091207f4a53d879f2,1099cb6f4fac4eb8a1fb6db50e18296b,db13ed5446be46269dff3de3c1bf2660,095ac293b64a4a58b1b3d3f71453a267,530b37164090408dbab4e6da51111b8a,724a3f6551e74ad585bdeac9a75fd639,a4af9472683c4df0a86f9400c99c2b61,f6507bae2aaa4785842167f8320428b3,3ec67e948e15423fac23fdd38a7d4cca
98ab5e0cc5f8413e993869c9729b464d,17b5eb6fab65476f827dd355b4a20a55,7aceed0dbea645b091207f4a53d879f2,db13ed5446be46269dff3de3c1bf2660,1099cb6f4fac4eb8a1fb6db50e18296b,530b37164090408dbab4e6da51111b8a,f5bcc6f48ed2447581b401d453039866,f532294d68604bc2aa9ad8804a8c6d5f,095ac293b64a4a58b1b3d3f71453a267,a4af9472683c4df0a86f9400c99c2b61,a94cb58f1ca8456b96e39b5b1ebfb7ea
6cd0e8707bc64b2a808ed3479ee223ab,597aab8bb15240f89fd1b24a8e38258d,6af17cec494c4373a95865d270a29171,097c30a7f39a4a3abf6da2ca80cad3a5,36ee1613abf245cdbe93fef69b5f981f,236c362d8b664c93b41882c119df9706,47eb17da319d440aa52da8008c26327a,88f796c14d184ecfaa5b0109161db259,1a842f077119475794cc2de48e154374,00e9d4081c2f45d1a818bfeab099863a,b83013f4c5524232814efa0f8651867f
dbec5198890f4c209fd8ef08d73c40ce,acbf8eae7e064c11bab7adf66f216990,6af17cec494c4373a95865d270a29171,097c30a7f39a4a3abf6da2ca80cad3a5,36ee1613abf245cdbe93fef69b5f981f,236c362d8b664c93b41882c119df9706,47eb17da319d440aa52da8008c26327a,1a842f077119475794cc2de48e154374,bb5c7d03a54647d08b8c62deeb803271,88f796c14d184ecfaa5b0109161db259,74644c8cc17449cf89379868e7b21398
ee7c4fd5b21848a380cf4e90f9f5cdca,597aab8bb15240f89fd1b24a8e38258d,6af17cec494c4373a95865d270a29171,097c30a7f39a4a3abf6da2ca80cad3a5,36ee1613abf245cdbe93fef69b5f981f,236c362d8b664c93b41882c119df9706,88f796c14d184ecfaa5b0109161db259,1a842f077119475794cc2de48e154374,47eb17da319d440aa52da8008c26327a,bb5c7d03a54647d08b8c62deeb803271,f59a3ee5387440d981754b6595e8664c
b0a8fa5a4b474306b97fd69abcdc245f,597aab8bb15240f89fd1b24a8e38258d,acbf8eae7e064c11bab7adf66f216990,097c30a7f39a4a3abf6da2ca80cad3a5,36ee1613abf245cdbe93fef69b5f981f,bb5c7d03a54647d08b8c62deeb803271,1a842f077119475794cc2de48e154374,88f796c14d184ecfaa5b0109161db259,236c362d8b664c93b41882c119df9706,47eb17da319d440aa52da8008c26327a,0228b1e9e3244da3a727930123ba7bda
2c22ed57d17c4aa097b37805a50b9294,0842a796c09b4089933a4f27e4e5e3bc,31a2675a2e944a1ab3b810cfb92ebd34,4c293487c809486585d65ed10b2cb1e4,67984873125e4a0f9562179c906d1b0f,d0b6e9c1cc5341faba9e03c17767bc2e,09f4970dfe684b809bc0959fb62f41bf,86f59bd78b424260b0cf356f2f9ae734,673aee19895b4d339ada93213d8874ac,b9228fdb5f0c413d81cffb51829d95c6,2fcf4a04d3654ffb9a5c1dfa3799e4f0
ee0bdf8b7e3142509f97816c8fae19bd,86f59bd78b424260b0cf356f2f9ae734,d0b6e9c1cc5341faba9e03c17767bc2e,31a2675a2e944a1ab3b810cfb92ebd34,67984873125e4a0f9562179c906d1b0f,b7f5c165ea2242709a2fb71f3a3f1bcb,4c293487c809486585d65ed10b2cb1e4,0842a796c09b4089933a4f27e4e5e3bc,673aee19895b4d339ada93213d8874ac,2c82919b038847fabbf5d13ca5ac55a7,e59dba65749140f4a1bdaf2695de2fc6
a0b880f475f147f08f11e0a27dc48fde,7ab9086baf99475d8c93862a7dd36344,342aaa81ed004635bbf9cbc2592cd7b6,3e6a4b65a1004c08a6f3f570cf986c2f,701ac1447f5a414e81156a56c3593a31,599feb1e512c43ad8c0a1845922acf78,98b2022b2cb84af09ee8b789db928b13,7bbe3c76bcc04d73969f920d43fcc67d,f5d09519cf7647f8a107cd8fadd322e5,da88fa5efc674368b593444ca950dff9,57bcda73abab44ee930b20cdaee9d24b
fad484e776d145428e5c2ae92aec4908,7ab9086baf99475d8c93862a7dd36344,2b039224b54142d185a406b31fe01de2,701ac1447f5a414e81156a56c3593a31,3e6a4b65a1004c08a6f3f570cf986c2f,f5d09519cf7647f8a107cd8fadd322e5,bc607fd6000b43108e49b3d05688fe90,cd764fbfae774d068af7549c648a02c9,f879b316413f45d2b64bb25e3f45a667,ce4fdd5499f8498793c11e586f7da70c,511fe9c8b20b4fda94969745238c9474
f2b99340a8304f42a058a44fd793927c,7ab9086baf99475d8c93862a7dd36344,342aaa81ed004635bbf9cbc2592cd7b6,701ac1447f5a414e81156a56c3593a31,3e6a4b65a1004c08a6f3f570cf986c2f,7bbe3c76bcc04d73969f920d43fcc67d,98b2022b2cb84af09ee8b789db928b13,f5d09519cf7647f8a107cd8fadd322e5,599feb1e512c43ad8c0a1845922acf78,df0c94234d9d4890b5b4b95c441b3e9a,0c9c05f86aa042abbdd66d2b2d05d374
9ad1273ff93d4e9fb7ade33dd8e0ed98,7ab9086baf99475d8c93862a7dd36344,2b039224b54142d185a406b31fe01de2,701ac1447f5a414e81156a56c3593a31,3e6a4b65a1004c08a6f3f570cf986c2f,f5d09519cf7647f8a107cd8fadd322e5,ce4fdd5499f8498793c11e586f7da70c,3c0f3b44c0844df49b5898406fe9195a,f37d285ad0de42f0b1546d0d1acfb221,cd764fbfae774d068af7549c648a02c9,bc607fd6000b43108e49b3d05688fe90
50cb33eef1b94f6c82103b39c1b98881,236c362d8b664c93b41882c119df9706,47eb17da319d440aa52da8008c26327a,acbf8eae7e064c11bab7adf66f216990,597aab8bb15240f89fd1b24a8e38258d,6af17cec494c4373a95865d270a29171,097c30a7f39a4a3abf6da2ca80cad3a5,52ee59901f3b4de884d7a6720538aed6,c4e79c8992e54866b0c6f26c55b1a774,c5486d5e31084ee797da0ebdacb17abc,4e7ee74be72a461fa02fa61bee62bdcc
7990224cfabd448689a4ce3026d9fe41,36ee1613abf245cdbe93fef69b5f981f,236c362d8b664c93b41882c119df9706,597aab8bb15240f89fd1b24a8e38258d,acbf8eae7e064c11bab7adf66f216990,4e7ee74be72a461fa02fa61bee62bdcc,6af17cec494c4373a95865d270a29171,c5486d5e31084ee797da0ebdacb17abc,3bd43a42811048e3b7a7d9740bdb1971,097c30a7f39a4a3abf6da2ca80cad3a5,f676e16c6a134bd5a7bbeee4590adcfe
fde89e1ecf8840fdbb45c55139eec70f,36ee1613abf245cdbe93fef69b5f981f,236c362d8b664c93b41882c119df9706,597aab8bb15240f89fd1b24a8e38258d,acbf8eae7e064c11bab7adf66f216990,4e7ee74be72a461fa02fa61bee62bdcc,6af17cec494c4373a95865d270a29171,c5486d5e31084ee797da0ebdacb17abc,3bd43a42811048e3b7a7d9740bdb1971,f676e16c6a134bd5a7bbeee4590adcfe,31f80e4c87164e2893375ec7e73b372e
7141972968b840058e50af9c047f1975,236c362d8b664c93b41882c119df9706,47eb17da319d440aa52da8008c26327a,acbf8eae7e064c11bab7adf66f216990,597aab8bb15240f89fd1b24a8e38258d,6af17cec494c4373a95865d270a29171,097c30a7f39a4a3abf6da2ca80cad3a5,c5486d5e31084ee797da0ebdacb17abc,1004b33e3126472faa78e1929ed974e6,9ffa09a2b9bd4da0ba98fc537ca68802,9aca522158f443fd8a9caaec38ae5e2c
978ff949184e4cfcaa6168bf5ec8b635,8dfd98bb97584157b207e1f4be471a8e,e8c8742459dc48a49080bf0e5b3fdee0,7627d5e28ba74cbeaf9225e88a7a44cc,27a67d3e76814297aebf64e03d14c336,403835bbf2f1447188bcc78e062b0028,52f20bd7eb50430c95f0916727880a1b,8b4e9e3d234e4eec99a7651e246bbfa3,2f0401170d104b47b0a8f087f69dee88,0433768f874042a5b2d2e37ad9deae13,cffbff4deb374fcf850c679899c6e3f8
e8d5f4039a4c41ca879ab577cb031ff6,ca5add3cbf044a95a5bec88a5841ce98,e8c8742459dc48a49080bf0e5b3fdee0,27a67d3e76814297aebf64e03d14c336,b3f8b4bec0164d0e81997b4f5a277e8f,c2a665cec90e46db8d2a74389beb4649,52f20bd7eb50430c95f0916727880a1b,9d09e3cd382c4d0ea0f6f50261e3e4c8,c36ef11228124c438ed3256c9822b03d,f1c9c5051bdd4a11a064260bbb9d6d7b,c3502ff31ce6459a96164c934f297562
652ddece31c14123bb00ca0f797d5627,c3502ff31ce6459a96164c934f297562,0c889c151e094b948c13b0275e660a9c,13e659415ac84c7a81fc769111d43417,dd77b570036f40de9fdf49011bb9e2d8,7ef653f7e5f64e1b8bba73b9518b87b7,cb550e5ff4694fe9a19eaa6588cef250,6b4676aba2a746b3ab778315afc8ee82,cae139b6e4914ce7b0ef1e68b8b857eb,878e5c41be5c477e9f660ca361fdd727,d0e41bf891254ba0872f1641139f84f6
35b575c8f0a94d4691d7fa9a39e399be,8dfd98bb97584157b207e1f4be471a8e,7627d5e28ba74cbeaf9225e88a7a44cc,e8c8742459dc48a49080bf0e5b3fdee0,27a67d3e76814297aebf64e03d14c336,521004289ebc4e6da6623381d40a5e73,403835bbf2f1447188bcc78e062b0028,f6507bae2aaa4785842167f8320428b3,cffbff4deb374fcf850c679899c6e3f8,54e9bbd0093947a3bda5fef48ef7493d,75efe5ddef364f49865d9bb283492b48
9137d9f3709b476a856868040dd81177,dbf0926f9f344f1d88b114660db4d2eb,6f8d80f8673144dfa7a4e09190442ab3,e735729c80d84f76a6133c065d5380f8,99a52c93a3304ec18dab9206f98f2a8b,1232f20e710b448e8c0538b9e84dab1c,5e44915237fc4445b54b037e1c4e29a4,051d304b7139431fb3bff19b4e75aff7,3827ad869b3740278b98db4e65c40e0c,30c71719aed84c07ae21d0eff0deed72,a35d7304347a4f81b1ccfb086956921c
19e0f2444bd641bb81c4b9604f3c5b79,dbf0926f9f344f1d88b114660db4d2eb,6f8d80f8673144dfa7a4e09190442ab3,051d304b7139431fb3bff19b4e75aff7,0433768f874042a5b2d2e37ad9deae13,e735729c80d84f76a6133c065d5380f8,d716ea165223433a8d49b93e96989482,5e44915237fc4445b54b037e1c4e29a4,6fc7a2cf0684475a82f6ff9be2c8e850,ca1a2a6308834baba3140b5ce8f81320,65e30dd62cfa4dccb9ea4d908a9d6fab
f8922388774b4a008a6c8d856099d30f,eabdd2813a954f9aa01f0eb8212ee387,50a2129b83404b94889a01f4688ebafd,5e44915237fc4445b54b037e1c4e29a4,0eb119aabc884795a4768c6d3e677ea1,be8953cc364d46cebbcc2c2da2c348ab,7584980704ae4617bb27ca162cc9c5db,d0e41bf891254ba0872f1641139f84f6,5fc200cab89346658c9c91cce27e85fe,f6507bae2aaa4785842167f8320428b3,0cdb0f32850f4585a16de4886462bbe0
d6305586e401475b931a4998caeab35e,5fc200cab89346658c9c91cce27e85fe,50a2129b83404b94889a01f4688ebafd,0eb119aabc884795a4768c6d3e677ea1,5e44915237fc4445b54b037e1c4e29a4,eabdd2813a954f9aa01f0eb8212ee387,d0e41bf891254ba0872f1641139f84f6,1419b2c686f44896a0ae2a43e93b5402,076e2669c305401fb3afcfafdd6c79c7,6252aa87531748e5bac5f6c65fc87e14,be8953cc364d46cebbcc2c2da2c348ab
b1b3c914d57442e687d0d798f678582d,0e8487b2e6a2439b9e6623a1e2e5e19d,48c31b1e2ce94de8968fab433813fa91,f4b7e6e902e344859cb041126b69ce3c,9677dd2a3aae457a8079087ce4177e14,ae3f42d57b3046a3821026173286a43e,4385ac4645b34f3c8a44c4676ebcd8be,ba8d0208e32e42969bd4349cf24f6ed1,796eade2ee4f466781d9f6669db43e48,f532294d68604bc2aa9ad8804a8c6d5f,6ae72ad649c54129b992d321f8f29122
1e71c6d2af1b4a24867e8235df8f68be,3f28365e18244eb28cc7d23de8895956,c235728f290a44d6a5fc2e14111ae02e,415641aa43724ed9bc4710302b77edc3,f1eecad10a61421eb16b1be7435d9c19,74bd120b8f714d03bc9dd1a703fe4d7f,4385ac4645b34f3c8a44c4676ebcd8be,e1c63000ace94c1d9381d82389fe6afd,ae3f42d57b3046a3821026173286a43e,1232f20e710b448e8c0538b9e84dab1c,716a15d66b63424a8068da89e75733b4
10a5c96cf3974eb4a43ee1190f555041,3f28365e18244eb28cc7d23de8895956,c235728f290a44d6a5fc2e14111ae02e,415641aa43724ed9bc4710302b77edc3,f1eecad10a61421eb16b1be7435d9c19,74bd120b8f714d03bc9dd1a703fe4d7f,ae3f42d57b3046a3821026173286a43e,1232f20e710b448e8c0538b9e84dab1c,4385ac4645b34f3c8a44c4676ebcd8be,e1c63000ace94c1d9381d82389fe6afd,716a15d66b63424a8068da89e75733b4
e06807ddbe0f47fbb2131d40df566c5d,0e8487b2e6a2439b9e6623a1e2e5e19d,48c31b1e2ce94de8968fab433813fa91,f4b7e6e902e344859cb041126b69ce3c,9677dd2a3aae457a8079087ce4177e14,ae3f42d57b3046a3821026173286a43e,4385ac4645b34f3c8a44c4676ebcd8be,664da77d25e74df693eaad44a5e7617f,03df72bcf3504272a27f4bbaea89118a,ba8d0208e32e42969bd4349cf24f6ed1,f532294d68604bc2aa9ad8804a8c6d5f
f191bbfff07e4252b111e35c94ed290e,40a95697730046dcbb0d7ba1fe2109a6,384f94503bcd4f4c863056ad69f45b43,25afb6f7e9314af09008644bca5955b9,14f4db886cca4104877ac7d1d7a64133,e88ce4cd350f43398a5c0ab8629cee72,04fa591263664fb0a6868552ebd3590b,a35fecee62a9432da0c413f65e895e8c,e2e0c8c96aff4c00896ac6986bbb20c2,0eb119aabc884795a4768c6d3e677ea1,7bbe3c76bcc04d73969f920d43fcc67d
3933d083cd9e45fdb173f91329f16538,40a95697730046dcbb0d7ba1fe2109a6,384f94503bcd4f4c863056ad69f45b43,25afb6f7e9314af09008644bca5955b9,14f4db886cca4104877ac7d1d7a64133,e88ce4cd350f43398a5c0ab8629cee72,04fa591263664fb0a6868552ebd3590b,a35fecee62a9432da0c413f65e895e8c,e2e0c8c96aff4c00896ac6986bbb20c2,0eb119aabc884795a4768c6d3e677ea1,7bbe3c76bcc04d73969f920d43fcc67d
643c0eec1efd4728b8264ce4fed0d3d8,8350ea8cd6514c2c8d7b625abe7e895b,3827ad869b3740278b98db4e65c40e0c,b585a2970e9f421da236241f603883f2,7627d5e28ba74cbeaf9225e88a7a44cc,17b5eb6fab65476f827dd355b4a20a55,c36ef11228124c438ed3256c9822b03d,b01fd4d037a84a7aa777e1fc345c73c5,7326afe68eb64b63993b3dae022c645d,8987ceafff324f9599b842542e37eddd,199647bd1328406c83c5a875154f97d9
effe6696627f429091a6dd53f02eefb5,384f94503bcd4f4c863056ad69f45b43,cc78a6c92dfe4af49c2bd93f15e4f870,40a95697730046dcbb0d7ba1fe2109a6,22d9d5ad33e947fd857c5c4a8b7dfae1,384b14b18c3c43b1a4dc1aa2f661e076,25afb6f7e9314af09008644bca5955b9,04fa591263664fb0a6868552ebd3590b,74644c8cc17449cf89379868e7b21398,c66c6f1449d44728a2ef72de53dd6d5e,bb5c7d03a54647d08b8c62deeb803271
8fb15d3cacbd407bb226320c3829b9d1,8350ea8cd6514c2c8d7b625abe7e895b,3ec67e948e15423fac23fdd38a7d4cca,7627d5e28ba74cbeaf9225e88a7a44cc,b585a2970e9f421da236241f603883f2,d43b0f94627d45918e18a80be127aa2c,26869cc099c44c4a86f6043476ab4890,c36ef11228124c438ed3256c9822b03d,7e190e3c05d74e6b9f103e39142c1684,dbb3fe11ad004895b302a84e7c066fcc,249c2d8d8d2345c6990b3c4d94385b5a
9c535651e4904df1a59b82bd2baf303f,40f040fd5c824c8e8e710af1fdf70b5f,10b152bdafe94db8a93f7c374226a071,009be1c3430743ff9b054bdfcd6228d6,27fe100af7884932a33bf30f10dacc55,beccee3a988f48c1ad207e2380766fa4,18ab15fbf00f42f7a410ec75f7592bea,ec5fe0d3a2a2426ea4e49a5c0ad44e04,d60986f4025d443ea58adba0e3d224a1,b83013f4c5524232814efa0f8651867f,de1102228a324428989533278cd482f6
aa2f3a01706344a289a355c547d3ba1f,40f040fd5c824c8e8e710af1fdf70b5f,10b152bdafe94db8a93f7c374226a071,009be1c3430743ff9b054bdfcd6228d6,27fe100af7884932a33bf30f10dacc55,beccee3a988f48c1ad207e2380766fa4,18ab15fbf00f42f7a410ec75f7592bea,ec5fe0d3a2a2426ea4e49a5c0ad44e04,d60986f4025d443ea58adba0e3d224a1,b83013f4c5524232814efa0f8651867f,de1102228a324428989533278cd482f6
67c8a3a3a76f47dca5dffc57df701923,aaab880f032a4e00904cf50566164044,10b152bdafe94db8a93f7c374226a071,27fe100af7884932a33bf30f10dacc55,009be1c3430743ff9b054bdfcd6228d6,beccee3a988f48c1ad207e2380766fa4,b83013f4c5524232814efa0f8651867f,18ab15fbf00f42f7a410ec75f7592bea,ec5fe0d3a2a2426ea4e49a5c0ad44e04,d60986f4025d443ea58adba0e3d224a1,898eabaaa1a047e18aecbb1c5a8decbf
517a4c8e0e5e4627b780d2ab38493bcc,c2b49382e2f34b1c90013236a5fbaef0,d53fa54d5536463ab0d87648dfc5fd78,174581fc299840e18e827432c0cce4dc,75801225047a4c019100660c13f1e0f1,5e0a2bc284cf4002914ae4e6aaef41e8,3e923b6e3ceb4901b77c9a18729546eb,268f8ec9f2734029a8e75857db56ccb3,78d0265d47df4f4cb7153da919763730,91f9f8576e5142a49926bd623b0bc19c,7d5c0a2bfccf4255a43d9bd0f84a6d3a
80e36297d12e404b9094dc65f4ffd3d4,11e1e3cdfe214385a2c24d0f957dde9b,db2466dc7da64ac5a2a21c20ace67856,8a464aa9e2ee45d0abc7ae6181cd1bda,d9b70c4ed8bb4fc5957ecebf102528ee,af648fa7ac6c4c50a246de470329cd83,d7c9dafddaf547159d366dacf7b68a7e,de72d25d08da4b03ac6f6411ce30e07c,0a61f52258f643b6a6436a1ec234e197,3e6a4b65a1004c08a6f3f570cf986c2f,afac6ae28fac41dabae96696990c5555
b5f4062f90b440998365198d9656fe97,5b588e34588940788a22036b775ecc2f,11e1e3cdfe214385a2c24d0f957dde9b,db2466dc7da64ac5a2a21c20ace67856,d9b70c4ed8bb4fc5957ecebf102528ee,0a61f52258f643b6a6436a1ec234e197,d7c9dafddaf547159d366dacf7b68a7e,8a464aa9e2ee45d0abc7ae6181cd1bda,af648fa7ac6c4c50a246de470329cd83,3e6a4b65a1004c08a6f3f570cf986c2f,8dfbb6a204a0441492c35baca6190969
0471ac805c4b456db243f0805797f2dc,e0d8aee46b1d4d998858cd05027251b6,2d812431f07c44f1a56a71c72766e0b0,7ee65b33f8f44852ada468b1fed83433,cb2505b30d8a4dc086c353cf94424b6d,0568345606fa4a2c84ed4ea6c74639ee,250d411ae270441085be3501b7b55d86,06a5f0cec6ce4170a02dad0ad4c55b1c,db0c3a952e454b90aa4a68feb6a50e87,cdd73e0289aa4e2b87cd14e6ff5bd75e,50a2129b83404b94889a01f4688ebafd
72d5e8cd4b71425f86534cb71655d3a0,e0d8aee46b1d4d998858cd05027251b6,2d812431f07c44f1a56a71c72766e0b0,7ee65b33f8f44852ada468b1fed83433,19098957d8c24cab95daa30c2baefd8f,cb2505b30d8a4dc086c353cf94424b6d,0568345606fa4a2c84ed4ea6c74639ee,06a5f0cec6ce4170a02dad0ad4c55b1c,a4af9472683c4df0a86f9400c99c2b61,250d411ae270441085be3501b7b55d86,1e376f9d0945477983c8d851e4b2cf5e
7c6759369d574b4cadfde359fe6eb481,595e438d2b394bb3a3259f47efd37ae8,2d812431f07c44f1a56a71c72766e0b0,7ee65b33f8f44852ada468b1fed83433,24c55bb5cd694770ba895c7401da2ba5,50a2129b83404b94889a01f4688ebafd,65e52d14d4d64d4fbad3de6ad319e745,d2bcc978e7aa49908919d9fc40138b27,97959d02a64f4a3fbbebe7cbece6c012,98fbdf945d0c4206a48a4f7260e56017,b64cef9df31c4e92a7b7ecd42f74f396
bba1dbc4ebc4401eb489ace7cdfe3d62,595e438d2b394bb3a3259f47efd37ae8,2d812431f07c44f1a56a71c72766e0b0,7ee65b33f8f44852ada468b1fed83433,24c55bb5cd694770ba895c7401da2ba5,06a5f0cec6ce4170a02dad0ad4c55b1c,65e52d14d4d64d4fbad3de6ad319e745,50a2129b83404b94889a01f4688ebafd,cdd73e0289aa4e2b87cd14e6ff5bd75e,77cecb221149474896d9b2eb848bf150,6252aa87531748e5bac5f6c65fc87e14
fb8a64be87ed4691b554bac222e157ab,6ae72ad649c54129b992d321f8f29122,6bedb2d6ace34e18811b7f1206b2d1b0,02641488de414b72b63f62b40200b101,0f52f676197e4d4e92dec0a7bc4c4f7d,503d2f067a8a4f5798b1c64b07ab0bc5,99dbf0cd0c6343ffbcf97f04efc4143c,2639b6540bda414f8a9baa3b5cdb612a,a5d5fb459a1844088e93ae557ab34afe,636c21e19a5845e1b8d69a5fca928030,f3fddb55448a46778b5d807642cceb71
af9351fd1bff4f5bb9e89603c818f703,6ae72ad649c54129b992d321f8f29122,6bedb2d6ace34e18811b7f1206b2d1b0,0c889c151e094b948c13b0275e660a9c,02641488de414b72b63f62b40200b101,c3502ff31ce6459a96164c934f297562,3b37a4c34b6e4ca89a04da864e141422,f6507bae2aaa4785842167f8320428b3,b83013f4c5524232814efa0f8651867f,9452a2f21f7d4feeb2605d9b6647fc13,ec5fe0d3a2a2426ea4e49a5c0ad44e04
9a2ba0ba753c40439a29734968bde279,6ae72ad649c54129b992d321f8f29122,6bedb2d6ace34e18811b7f1206b2d1b0,0c889c151e094b948c13b0275e660a9c,c3502ff31ce6459a96164c934f297562,02641488de414b72b63f62b40200b101,3b37a4c34b6e4ca89a04da864e141422,b83013f4c5524232814efa0f8651867f,7ef653f7e5f64e1b8bba73b9518b87b7,13e659415ac84c7a81fc769111d43417,f6507bae2aaa4785842167f8320428b3
b92407443bc54ed2805842ca07219659,6ae72ad649c54129b992d321f8f29122,6bedb2d6ace34e18811b7f1206b2d1b0,02641488de414b72b63f62b40200b101,0f52f676197e4d4e92dec0a7bc4c4f7d,503d2f067a8a4f5798b1c64b07ab0bc5,99dbf0cd0c6343ffbcf97f04efc4143c,2639b6540bda414f8a9baa3b5cdb612a,a5d5fb459a1844088e93ae557ab34afe,636c21e19a5845e1b8d69a5fca928030,30c71719aed84c07ae21d0eff0deed72
79f37cf5db664eceb1acbe56e59fdba2,b9228fdb5f0c413d81cffb51829d95c6,df5ca61304074da1bec8f536ab50baf3,fadf133e0e684a24ac79b5fa9515bac2,225818abe99e45a0bf5b0b3ec30db76b,0bd1cce9370a461089e25393086800a8,9677dd2a3aae457a8079087ce4177e14,74bd120b8f714d03bc9dd1a703fe4d7f,ca1a2a6308834baba3140b5ce8f81320,1ad0cf33e96243888d5f970195a75586,f439b5616ba24b7f82eccfa095a0eff8
8d3b90a569d64372a82d9a26b511d43b,df5ca61304074da1bec8f536ab50baf3,c756409435634fc48c643a64e73c93ce,225818abe99e45a0bf5b0b3ec30db76b,7ec1584e9a5b49eab9ef249143d9bb86,fadf133e0e684a24ac79b5fa9515bac2,6f57d1175ad243edada61643d01fcd54,f439b5616ba24b7f82eccfa095a0eff8,ec07b4e88bea4086a5eafed96d81edb5,cc243eebbb2b44a581745865a60c423a,9677dd2a3aae457a8079087ce4177e14
9203f26b661c4f00976012cebd86ad3e,df5ca61304074da1bec8f536ab50baf3,c756409435634fc48c643a64e73c93ce,225818abe99e45a0bf5b0b3ec30db76b,7ec1584e9a5b49eab9ef249143d9bb86,fadf133e0e684a24ac79b5fa9515bac2,6f57d1175ad243edada61643d01fcd54,f439b5616ba24b7f82eccfa095a0eff8,ec07b4e88bea4086a5eafed96d81edb5,cc243eebbb2b44a581745865a60c423a,1027a336232c4454a9c4ae450a562788
bbfbeffe205f44cd8c5bd867f70dc0cf,b9228fdb5f0c413d81cffb51829d95c6,df5ca61304074da1bec8f536ab50baf3,fadf133e0e684a24ac79b5fa9515bac2,225818abe99e45a0bf5b0b3ec30db76b,0bd1cce9370a461089e25393086800a8,9677dd2a3aae457a8079087ce4177e14,1ad0cf33e96243888d5f970195a75586,74bd120b8f714d03bc9dd1a703fe4d7f,f439b5616ba24b7f82eccfa095a0eff8,ce4fdd5499f8498793c11e586f7da70c
24b76ac90a84462d903374be9d0b2c6f,dcfb738ebbc24f09bb680fe3a52b702e,71c1a8479b194efca65b44fb7f327afb,21019944fc2c4838a682a6dcdc62c4ef,98fbdf945d0c4206a48a4f7260e56017,af532d6e5090478ba520505d5f9107f2,dd9e8283197b473d8ffd502561bdaaec,105ad424733e4cffa7c474b51e3980aa,f92d16d3a970487094292439c3e00923,b33a0f5b564a4942b04046ab7a8e2aae,97959d02a64f4a3fbbebe7cbece6c012
eeabc5200c23495e9decc640bc81697b,dcfb738ebbc24f09bb680fe3a52b702e,71c1a8479b194efca65b44fb7f327afb,21019944fc2c4838a682a6dcdc62c4ef,98fbdf945d0c4206a48a4f7260e56017,af532d6e5090478ba520505d5f9107f2,dd9e8283197b473d8ffd502561bdaaec,105ad424733e4cffa7c474b51e3980aa,c1def54262224e23acf67a9870725ce5,f92d16d3a970487094292439c3e00923,2d812431f07c44f1a56a71c72766e0b0
f7df9ff1967f4b5aad8cb6deb163fa95,e86a0aae846a4e44bf967ab4972c977c,af532d6e5090478ba520505d5f9107f2,1e376f9d0945477983c8d851e4b2cf5e,f31e9fdffaa642ed98e91b07a30f3a8c,2d812431f07c44f1a56a71c72766e0b0,7ee65b33f8f44852ada468b1fed83433,7d6cdff8c9ac434196df803628fe9f62,b33a0f5b564a4942b04046ab7a8e2aae,cdd73e0289aa4e2b87cd14e6ff5bd75e,57430214baf045cb92fa3b3b70a4ca3f
aa188e907acd4beab124f5f8ad0694d1,e86a0aae846a4e44bf967ab4972c977c,af532d6e5090478ba520505d5f9107f2,1e376f9d0945477983c8d851e4b2cf5e,f31e9fdffaa642ed98e91b07a30f3a8c,7ee65b33f8f44852ada468b1fed83433,2d812431f07c44f1a56a71c72766e0b0,b33a0f5b564a4942b04046ab7a8e2aae,7d6cdff8c9ac434196df803628fe9f62,57430214baf045cb92fa3b3b70a4ca3f,cdd73e0289aa4e2b87cd14e6ff5bd75e
dcab7d1f66534e95aab82c2040294de9,ac5a760b45c146ec840193371cfb2d30,9bf3b77eb9874f5f9e006a9cff111ea9,ee89670285c74e27aa174dadf39fbca7,b2992fe473124dd0b895cf81f59f6db6,211ef3181e524685866fb8574d9bf456,67dd23cfd20f46dc82acc82c108a1dc6,c66c6f1449d44728a2ef72de53dd6d5e,0568345606fa4a2c84ed4ea6c74639ee,655a618282cd4fa39a26f0967c033f4b,1aaf8edc37ea412b85e3d1b5c5317051
432081bba65f4c408b3f3783b0d361dc,ac5a760b45c146ec840193371cfb2d30,9bf3b77eb9874f5f9e006a9cff111ea9,ee89670285c74e27aa174dadf39fbca7,b2992fe473124dd0b895cf81f59f6db6,211ef3181e524685866fb8574d9bf456,c66c6f1449d44728a2ef72de53dd6d5e,1ad0cf33e96243888d5f970195a75586,07958f43551e459eb30638b632e3cd64,0568345606fa4a2c84ed4ea6c74639ee,77cecb221149474896d9b2eb848bf150
c385a042fa734b73b1bcbec2e14a9dd0,ac5a760b45c146ec840193371cfb2d30,ee89670285c74e27aa174dadf39fbca7,36ac84a73ad34261ad45cf569edb60af,8dfe01febd46475ab5aef97033716ce1,7c1126d46a934db6b951d1e98feae327,b0d2e6c4b2384950b3696c4414870282,ffe2740eee8c49b39b2ce41f9983bcb4,e79ae27b52fa4d54aa37735fd275c66e,0092d1d820c64646b8bee9fd14f77acf,c66c6f1449d44728a2ef72de53dd6d5e
0b33aed54f7445caadc031f47ad62603,ac5a760b45c146ec840193371cfb2d30,ee89670285c74e27aa174dadf39fbca7,36ac84a73ad34261ad45cf569edb60af,b0d2e6c4b2384950b3696c4414870282,ffe2740eee8c49b39b2ce41f9983bcb4,dcfb738ebbc24f09bb680fe3a52b702e,e1c63000ace94c1d9381d82389fe6afd,e79ae27b52fa4d54aa37735fd275c66e,7e190e3c05d74e6b9f103e39142c1684,c66c6f1449d44728a2ef72de53dd6d5e
8954e57cd5544eba8d9fec1e8cc5ea3c,9dd98c9126c44642a20711729f2e731e,7d5c0a2bfccf4255a43d9bd0f84a6d3a,b8da01ceddcb45a491a288ddbc658e90,2c3599a1611644f4908562f8fb8870d3,6fc7a2cf0684475a82f6ff9be2c8e850,191b01e1728e4583a8ead5a86db27370,5f481b07f9734f518a14853831233b78,9460474d89704a68aaa6ccb62310ae3d,a9d82bb43410405ca21b44a5e82e22b6,a0b4d283f12a407286dbeaa3a4d128a5
285ed58a8d154d748bba60ef4ef0123d,1578afd6ce694d46ab6e24f965f51fd6,36ac84a73ad34261ad45cf569edb60af,7d5c0a2bfccf4255a43d9bd0f84a6d3a,3c0f3b44c0844df49b5898406fe9195a,b8da01ceddcb45a491a288ddbc658e90,ac5a760b45c146ec840193371cfb2d30,67dd23cfd20f46dc82acc82c108a1dc6,211ef3181e524685866fb8574d9bf456,e4fcd30261804b089efa940359057ba2,b2992fe473124dd0b895cf81f59f6db6
9a11a8c9bd5f451c8babd3c4dde3d9ba,b69c17a10a55494d8caa56c33e8f4a56,bc13c2b0221744a29a8ddf56aa015df9,89e983dca0a34b768e17b3871b9cea1e,b40d3c588ad647ff85e397a6bc5f9d8b,d2bcc978e7aa49908919d9fc40138b27,0d0973762130427eaa2ce9a7a34517db,19593c97fef0474dbe6051e28338f1e9,ad42c467d0fe43dbb328073f9a16bc4d,1393dac7d34b4c34b1a8091a5bea3663,0bd1cce9370a461089e25393086800a8
68931fb463ea43e2b4aaebfa95817d2c,bc13c2b0221744a29a8ddf56aa015df9,0d0973762130427eaa2ce9a7a34517db,b69c17a10a55494d8caa56c33e8f4a56,89e983dca0a34b768e17b3871b9cea1e,b40d3c588ad647ff85e397a6bc5f9d8b,d2bcc978e7aa49908919d9fc40138b27,ad42c467d0fe43dbb328073f9a16bc4d,6f57d1175ad243edada61643d01fcd54,19593c97fef0474dbe6051e28338f1e9,250d411ae270441085be3501b7b55d86
ee38dd3bcc4543afa6668b1cb7f04db9,93dc50abd35349f7923100dca2f41002,250d411ae270441085be3501b7b55d86,9909a671f7414c19b2727e7d4d4dcf1b,1578afd6ce694d46ab6e24f965f51fd6,1aef014473b84ef9a0f799114fe516c9,36ac84a73ad34261ad45cf569edb60af,e4fcd30261804b089efa940359057ba2,9dd98c9126c44642a20711729f2e731e,30578712823948b086e3781343982938,a0b4d283f12a407286dbeaa3a4d128a5
0c11c50aaac54a2c8cc725ff6073ce3c,4e7ee74be72a461fa02fa61bee62bdcc,45e440d874a54bb591862ff441114cd3,cc78a6c92dfe4af49c2bd93f15e4f870,df7ea50171af48df81584ab7e8107d15,2ece45504eff42469c104dc2a2d03caf,7e17bbd109dc486c8f0a76f913782180,7879fa4d4db046a2a8d195311b6e5789,7f23e27e5652406784fdc2dea3918125,31a2675a2e944a1ab3b810cfb92ebd34,b01fd4d037a84a7aa777e1fc345c73c5
b092fbf434e14ff3911418a406a68bd4,4e7ee74be72a461fa02fa61bee62bdcc,45e440d874a54bb591862ff441114cd3,cc78a6c92dfe4af49c2bd93f15e4f870,31a2675a2e944a1ab3b810cfb92ebd34,df7ea50171af48df81584ab7e8107d15,2ece45504eff42469c104dc2a2d03caf,f676e16c6a134bd5a7bbeee4590adcfe,b01fd4d037a84a7aa777e1fc345c73c5,fadf133e0e684a24ac79b5fa9515bac2,36472797459c462e910846109fa624fc
76d9f443399e491c9b01f4bb0f487d6c,5c09482fc8dc45bdbf7919f00dd540e0,ca544e6629b14e8fab5f7cb40d1ac88e,bb84a4cf60c84a8d8e23276b1863d293,24c55bb5cd694770ba895c7401da2ba5,a4af9472683c4df0a86f9400c99c2b61,f464960d2dbc43c0970c60600bd7f1cd,50aa0f56e00d4c23ac78b3e63bc0f0e1,65e30dd62cfa4dccb9ea4d908a9d6fab,b90d74e80c37486eaee89b6fbab13671,2d43cf91509846e29ab4febd7781919f
1479ab485d6f4065a6b3679d81d7e6a8,5c09482fc8dc45bdbf7919f00dd540e0,ca544e6629b14e8fab5f7cb40d1ac88e,a4af9472683c4df0a86f9400c99c2b61,bb84a4cf60c84a8d8e23276b1863d293,b90d74e80c37486eaee89b6fbab13671,66cba49431224a3788f914d6a80165e1,24c55bb5cd694770ba895c7401da2ba5,f464960d2dbc43c0970c60600bd7f1cd,2d43cf91509846e29ab4febd7781919f,503d2f067a8a4f5798b1c64b07ab0bc5
ff9cb85ab2634f23a327ccaa9cf1e87f,d33407004b9e433a9d4147cfe6584d36,5be48a6bc26044f2a2e4e9b6a223c319,69ac8397e9624bfd8aee237b9f9ea3b5,af532d6e5090478ba520505d5f9107f2,b3a022950e444682a113cec5a0537f6a,ad054da7e1704a53931a341173f0605f,98b2022b2cb84af09ee8b789db928b13,c4b9d7a8d5d342459d2282589b3af293,999a2b52a5004ee984e587d5a1327b23,7ee65b33f8f44852ada468b1fed83433
041fe9a0e0e3466eaee94e0c5058d4dd,f1eecad10a61421eb16b1be7435d9c19,afaf2edba0ee4d58860a5a04e4aabc5c,c235728f290a44d6a5fc2e14111ae02e,250d411ae270441085be3501b7b55d86,c84deec0ecf843c39f52d4cb8e7300f8,0ecfdd96e0054841883acba75e83b232,7862a63720b34104abf5bfa44bc8178d,e7aaa514f6f64a258a640ea341aa1a18,77cecb221149474896d9b2eb848bf150,e834bfbd30b247e899f0dc029ab9f072
63ce6205810547c2adaa5dc2398e9bf7,ad054da7e1704a53931a341173f0605f,48c31b1e2ce94de8968fab433813fa91,b23a9c50eada4286a4f7ce8668b92db1,66690895454847fea5a000202fbfab2e,cae139b6e4914ce7b0ef1e68b8b857eb,643fbbdd6b764ba9904a4ee67a86b9fd,250d411ae270441085be3501b7b55d86,5537ddec608a4ec586ea068fa27547ca,04537eabb0434eb2804d1220770b85a0,230b9ef63ea240e9b61a18f41473f942
701bc8401f56437f823f5613549de41d,fbfaa119f55a477984e42d80498f54d3,30578712823948b086e3781343982938,9d09e3cd382c4d0ea0f6f50261e3e4c8,3138244ae91040948d5bd6772e4075ea,de6ac628a786435f9925c8cc1d707d6b,75efe5ddef364f49865d9bb283492b48,19593c97fef0474dbe6051e28338f1e9,99a52c93a3304ec18dab9206f98f2a8b,8dfe01febd46475ab5aef97033716ce1,f9fe93fae6084350b81964d354e2130f
f9d2d9f3c3fb4720ba92d227f72aeef0,19a124c6dad14a4fa7864463b081009c,c65af18670ea437c8986884645b3afe9,1027a336232c4454a9c4ae450a562788,1232f20e710b448e8c0538b9e84dab1c,29fb30a75c57451a85f310aa6423a662,6f57d1175ad243edada61643d01fcd54,70558882c04e46bd99d15e9786468418,b3209c60460a437294e2b30a9e9d3f53,ef60b54aa4b5490890da32d0bb8c9cbf,73f684f538ea452cbb4fbecc2e8126a4
127069977daa41d78cd4642f658c4171,fbfaa119f55a477984e42d80498f54d3,75efe5ddef364f49865d9bb283492b48,3138244ae91040948d5bd6772e4075ea,52ee59901f3b4de884d7a6720538aed6,25109e3a7df549e5b380aae716d71366,19a124c6dad14a4fa7864463b081009c,57430214baf045cb92fa3b3b70a4ca3f,d476be2399b7424a88d242b771c32041,3356a8a8c6ee4f30bc2b028e360d4471,db620271348d404a9a0b978d96c63f29
11d8ba0cbe2c48568a2d0196a1573e16,19a124c6dad14a4fa7864463b081009c,c65af18670ea437c8986884645b3afe9,1027a336232c4454a9c4ae450a562788,70558882c04e46bd99d15e9786468418,8d595c7da42545c88052e7b213b6c97c,6f57d1175ad243edada61643d01fcd54,1232f20e710b448e8c0538b9e84dab1c,b3209c60460a437294e2b30a9e9d3f53,ef60b54aa4b5490890da32d0bb8c9cbf,29fb30a75c57451a85f310aa6423a662
e1b3f03ec240460c895264f738a709ec,e4fcd30261804b089efa940359057ba2,0433768f874042a5b2d2e37ad9deae13,ca1a2a6308834baba3140b5ce8f81320,a0b4d283f12a407286dbeaa3a4d128a5,a35d7304347a4f81b1ccfb086956921c,1578afd6ce694d46ab6e24f965f51fd6,9dd98c9126c44642a20711729f2e731e,b44645c11ece4326a45f50fdc5d45dcf,b8da01ceddcb45a491a288ddbc658e90,8a464aa9e2ee45d0abc7ae6181cd1bda
e8ef2c2c7af746118efa2021eab8a25a,93dc50abd35349f7923100dca2f41002,c4b9d7a8d5d342459d2282589b3af293,9909a671f7414c19b2727e7d4d4dcf1b,250d411ae270441085be3501b7b55d86,2ea3b46262e649f79900258cd90cce31,6fc7a2cf0684475a82f6ff9be2c8e850,db0c3a952e454b90aa4a68feb6a50e87,0092d1d820c64646b8bee9fd14f77acf,a0b4d283f12a407286dbeaa3a4d128a5,1aaf8edc37ea412b85e3d1b5c5317051
eeb2317fd71541c38fd867e246a9ff44,93dc50abd35349f7923100dca2f41002,c4b9d7a8d5d342459d2282589b3af293,9909a671f7414c19b2727e7d4d4dcf1b,250d411ae270441085be3501b7b55d86,1aef014473b84ef9a0f799114fe516c9,3d3e8565d2f84e0cad5ae622f2909765,8fdee0611965465eb45387b8c39f4136,1578afd6ce694d46ab6e24f965f51fd6,1aaf8edc37ea412b85e3d1b5c5317051,31a2675a2e944a1ab3b810cfb92ebd34
842dd9ced22a40a896de94a19a1d2d4c,e4fcd30261804b089efa940359057ba2,0433768f874042a5b2d2e37ad9deae13,a0b4d283f12a407286dbeaa3a4d128a5,ca1a2a6308834baba3140b5ce8f81320,a35d7304347a4f81b1ccfb086956921c,9dd98c9126c44642a20711729f2e731e,1578afd6ce694d46ab6e24f965f51fd6,3e6a4b65a1004c08a6f3f570cf986c2f,b44645c11ece4326a45f50fdc5d45dcf,c24e3823376b436c8eb46eaeebbc7718
eb6b0705f8744b46a462efa41f20a89a,8ad1f345ca194b29bde0a924f27b2de5,116f6c1f0cb54312986a0a729508a33e,1c6bbf19b3d2498696a5baf0f53a0f18,8c5f38853679436ba434b6a696e43168,b2b22c673e554db39c8acdbe42687a6d,716a15d66b63424a8068da89e75733b4,b01fd4d037a84a7aa777e1fc345c73c5,a8904adcdd21495f890bc614bfdbf86f,4230775a9d51448396cacb9061f0e5f9,887e323cc38f4cf8adc5970617f1c286
482dd5c933c94587b3946517c235aea3,af648fa7ac6c4c50a246de470329cd83,b01fd4d037a84a7aa777e1fc345c73c5,1da8cc33bb474411ae16db0233210125,f8856799293e49feab6368e794eb8b00,afac6ae28fac41dabae96696990c5555,ee337b5c1ef3431e9c120250bfec4cac,632cc2bc04034dd4848855fe6497262d,761a3a01495143f0a86beac4234cae3a,bb6ecabbce1b43d997d00d7acdc95193,716a15d66b63424a8068da89e75733b4
714cfd813314481cb74ce1598ae2d695,af648fa7ac6c4c50a246de470329cd83,b01fd4d037a84a7aa777e1fc345c73c5,1da8cc33bb474411ae16db0233210125,f8856799293e49feab6368e794eb8b00,afac6ae28fac41dabae96696990c5555,ee337b5c1ef3431e9c120250bfec4cac,716a15d66b63424a8068da89e75733b4,761a3a01495143f0a86beac4234cae3a,50aa0f56e00d4c23ac78b3e63bc0f0e1,a8904adcdd21495f890bc614bfdbf86f
1905289530434d1ea5a686725d2aa4a7,7070715ef90743da8691dd4ad134eb0c,f6507bae2aaa4785842167f8320428b3,0a2c24dead204be9ae36be358e1223f9,afaf2edba0ee4d58860a5a04e4aabc5c,de1102228a324428989533278cd482f6,08ecf89bc10942a4bd894482f6fcdfa7,44b3bc5953364d72a53edcf9fc4f1fed,27fe100af7884932a33bf30f10dacc55,d2bcc978e7aa49908919d9fc40138b27,d445ccdb4cda497e9f0343a3298022d2
c939d86a19284f6485029452c1dd5906,7070715ef90743da8691dd4ad134eb0c,f6507bae2aaa4785842167f8320428b3,afaf2edba0ee4d58860a5a04e4aabc5c,0a2c24dead204be9ae36be358e1223f9,de1102228a324428989533278cd482f6,44b3bc5953364d72a53edcf9fc4f1fed,d2bcc978e7aa49908919d9fc40138b27,66690895454847fea5a000202fbfab2e,27fe100af7884932a33bf30f10dacc55,08ecf89bc10942a4bd894482f6fcdfa7
14683a06fc90460097ce4e4db0e55f16,afaf2edba0ee4d58860a5a04e4aabc5c,66690895454847fea5a000202fbfab2e,3aaea7fa41fd43cdb88f8ef59062c5df,0ecfdd96e0054841883acba75e83b232,04537eabb0434eb2804d1220770b85a0,7199f2fe77824236a392e1f00a5bdfc3,e834bfbd30b247e899f0dc029ab9f072,e3854d75221c4e38879a6106bb5c1941,200f7fc78e4c403982f61b2894e50bad,dcfb738ebbc24f09bb680fe3a52b702e
ba76e2fc0cc240a293e65f918ef3f29b,afaf2edba0ee4d58860a5a04e4aabc5c,66690895454847fea5a000202fbfab2e,dcfb738ebbc24f09bb680fe3a52b702e,0ecfdd96e0054841883acba75e83b232,04537eabb0434eb2804d1220770b85a0,3aaea7fa41fd43cdb88f8ef59062c5df,e3854d75221c4e38879a6106bb5c1941,7d6cdff8c9ac434196df803628fe9f62,ad054da7e1704a53931a341173f0605f,200f7fc78e4c403982f61b2894e50bad
56178bece80e4c44a6a45d630a70742c,bce599075dfd4fac8dd78626106e3071,1f9cd7f2b7a14e2f8d490a104a56edcd,7f0a68d19d2e4850846ffc08c47ed87d,b33a0f5b564a4942b04046ab7a8e2aae,7d6122daabe442ffb5e57ece1882e714,31a2675a2e944a1ab3b810cfb92ebd34,74644c8cc17449cf89379868e7b21398,09f4970dfe684b809bc0959fb62f41bf,4a6eba10a02a4ecdbb6b25e8651c3789,cb2e893276894906976593c3edcb3a5f
60ae797aa8bb4341829f83d0b771ab36,bce599075dfd4fac8dd78626106e3071,1f9cd7f2b7a14e2f8d490a104a56edcd,b33a0f5b564a4942b04046ab7a8e2aae,7f0a68d19d2e4850846ffc08c47ed87d,7d6122daabe442ffb5e57ece1882e714,31a2675a2e944a1ab3b810cfb92ebd34,74644c8cc17449cf89379868e7b21398,5fc200cab89346658c9c91cce27e85fe,09f4970dfe684b809bc0959fb62f41bf,2d812431f07c44f1a56a71c72766e0b0
539bac7dd76e434db2fec777565e0d2e,e4fcd30261804b089efa940359057ba2,41047823f2cb4194ba1e0709443c719a,6fc7a2cf0684475a82f6ff9be2c8e850,90b560de76b149c09c7cd6efb3f12cfd,2939ef012c5c4a1b94b49df9469dfb3c,c24e3823376b436c8eb46eaeebbc7718,ca1a2a6308834baba3140b5ce8f81320,a0b4d283f12a407286dbeaa3a4d128a5,f5a9583711fc4ff4a46e85c24886b234,408ae6a767874fc782467ec2f054ad15
5305b4e53d154b1890d851d40a749099,41047823f2cb4194ba1e0709443c719a,90b560de76b149c09c7cd6efb3f12cfd,c24e3823376b436c8eb46eaeebbc7718,2939ef012c5c4a1b94b49df9469dfb3c,0568345606fa4a2c84ed4ea6c74639ee,f5a9583711fc4ff4a46e85c24886b234,e4fcd30261804b089efa940359057ba2,21019944fc2c4838a682a6dcdc62c4ef,408ae6a767874fc782467ec2f054ad15,f65b6fb5b40a49d1896de7a115469d40
a7570f9b55c24fb0bac3c9e4edf6d60e,90b560de76b149c09c7cd6efb3f12cfd,e43d8e7bc32f406b9a692e2604f5b45a,c24e3823376b436c8eb46eaeebbc7718,fa190e42ce5a47c99bcaa76138dbc615,ee7c00877ae64dac87123a3d75251530,f65b6fb5b40a49d1896de7a115469d40,0568345606fa4a2c84ed4ea6c74639ee,66f4c650b7ca48f1bc27f9daff8d312a,b834c0b0c10b471b87ad3f11468de619,d87e5facd03b45f9829e8a1cd0fe0190
5ad1f88ed9ed488dafbdf8181733f084,41047823f2cb4194ba1e0709443c719a,90b560de76b149c09c7cd6efb3f12cfd,e43d8e7bc32f406b9a692e2604f5b45a,c24e3823376b436c8eb46eaeebbc7718,fa190e42ce5a47c99bcaa76138dbc615,ee7c00877ae64dac87123a3d75251530,f65b6fb5b40a49d1896de7a115469d40,0568345606fa4a2c84ed4ea6c74639ee,d87e5facd03b45f9829e8a1cd0fe0190,0e28ed072d6c444aa6f02e64955b44c6
0e302f85dcbe44f1bc67317ce56268d8,7960902edf4b47d686f704441aa56b0e,b3a022950e444682a113cec5a0537f6a,d75a52d716984f318f976bbfc7bee787,04537eabb0434eb2804d1220770b85a0,e834bfbd30b247e899f0dc029ab9f072,98b2022b2cb84af09ee8b789db928b13,215f3d275db14601a0383885cbaad86e,99830b8da7c24f909914f7bb167f3ea6,e3854d75221c4e38879a6106bb5c1941,97959d02a64f4a3fbbebe7cbece6c012
392705089c6b4b8cbcde900d0fff9622,7960902edf4b47d686f704441aa56b0e,b3a022950e444682a113cec5a0537f6a,d75a52d716984f318f976bbfc7bee787,04537eabb0434eb2804d1220770b85a0,e834bfbd30b247e899f0dc029ab9f072,98b2022b2cb84af09ee8b789db928b13,99830b8da7c24f909914f7bb167f3ea6,215f3d275db14601a0383885cbaad86e,97959d02a64f4a3fbbebe7cbece6c012,63eab812f3254cccb9631b09725aec3d
3d450234080f488aa71b15f195d1b4f1,35d06fce2df446569702778e2250bd82,f4474150010f4021a4620372062f3797,7960902edf4b47d686f704441aa56b0e,215f3d275db14601a0383885cbaad86e,570f08ce2a1a47978eab16bf7ad16a68,04537eabb0434eb2804d1220770b85a0,98b2022b2cb84af09ee8b789db928b13,e834bfbd30b247e899f0dc029ab9f072,7070715ef90743da8691dd4ad134eb0c,8228c9eb29a542ba98c8b9b854eadaa4
7adb641772574f79bca7f5c97071108e,8ebbcf8e4e6f400ba1839e9d75806274,07d869789eda4445a1ecfe59c331db0d,4285b02dc9164cb9bae36b0566bb42f0,9a500a20b1ff4694acc31339a8d1349e,761a3a01495143f0a86beac4234cae3a,d716ea165223433a8d49b93e96989482,d37bf09399d848df9a4d880fb097239c,d87bd2402bef4672be17b62cec113ba8,86179aff3df24ff59b11e9a34974a3f4,f464960d2dbc43c0970c60600bd7f1cd
470a0e2305e5411f992154553c12bfcd,00614d60b3544ba790dfd23dd53992e0,8ebbcf8e4e6f400ba1839e9d75806274,d37bf09399d848df9a4d880fb097239c,86179aff3df24ff59b11e9a34974a3f4,68aefc97056440af874039a28497cf98,9a500a20b1ff4694acc31339a8d1349e,b6da55bea1244cf0a753b258420946b2,93bf0b86be094f68a9d308ca5ecfb4e3,b01fd4d037a84a7aa777e1fc345c73c5,4285b02dc9164cb9bae36b0566bb42f0
f82f3fa0a3af48208d53dbf813b19b11,8ebbcf8e4e6f400ba1839e9d75806274,07d869789eda4445a1ecfe59c331db0d,4285b02dc9164cb9bae36b0566bb42f0,9a500a20b1ff4694acc31339a8d1349e,761a3a01495143f0a86beac4234cae3a,d37bf09399d848df9a4d880fb097239c,d716ea165223433a8d49b93e96989482,d87bd2402bef4672be17b62cec113ba8,86179aff3df24ff59b11e9a34974a3f4,f464960d2dbc43c0970c60600bd7f1cd
cbd2d2ff355d4f0399b9fc51697c9fd7,00614d60b3544ba790dfd23dd53992e0,07d869789eda4445a1ecfe59c331db0d,d716ea165223433a8d49b93e96989482,d87bd2402bef4672be17b62cec113ba8,f464960d2dbc43c0970c60600bd7f1cd,4285b02dc9164cb9bae36b0566bb42f0,9a500a20b1ff4694acc31339a8d1349e,b585a2970e9f421da236241f603883f2,8350ea8cd6514c2c8d7b625abe7e895b,86179aff3df24ff59b11e9a34974a3f4
355a18bf4bbe449086bfbd70b9b66961,00614d60b3544ba790dfd23dd53992e0,8ebbcf8e4e6f400ba1839e9d75806274,d37bf09399d848df9a4d880fb097239c,86179aff3df24ff59b11e9a34974a3f4,68aefc97056440af874039a28497cf98,9a500a20b1ff4694acc31339a8d1349e,b6da55bea1244cf0a753b258420946b2,93bf0b86be094f68a9d308ca5ecfb4e3,4285b02dc9164cb9bae36b0566bb42f0,b01fd4d037a84a7aa777e1fc345c73c5
8801a0c028fe4b9b9621b539d7950e08,133bfbe9a7c741fcb638ecf1b0088213,77c8b175ca9d411b8d28d1ed0dc40304,051d304b7139431fb3bff19b4e75aff7,4c67cc7a1ccc496db132636e3f4853a2,b2b22c673e554db39c8acdbe42687a6d,0e28ed072d6c444aa6f02e64955b44c6,08ecf89bc10942a4bd894482f6fcdfa7,9ffa09a2b9bd4da0ba98fc537ca68802,f59a3ee5387440d981754b6595e8664c,88f796c14d184ecfaa5b0109161db259
ce2ca433804e44b4be720751273b782a,133bfbe9a7c741fcb638ecf1b0088213,c4e79c8992e54866b0c6f26c55b1a774,93bf0b86be094f68a9d308ca5ecfb4e3,b2b22c673e554db39c8acdbe42687a6d,1c6bbf19b3d2498696a5baf0f53a0f18,022e16490d1949b9ab2fc1de5a837031,5e199f7727cc4910ad88dbd81ed1ec82,afac6ae28fac41dabae96696990c5555,88f796c14d184ecfaa5b0109161db259,9ffa09a2b9bd4da0ba98fc537ca68802
4ea609e9602a4aaa8629b2aa624b0175,133bfbe9a7c741fcb638ecf1b0088213,4c8476482736459881e2a3b0509ee103,022e16490d1949b9ab2fc1de5a837031,7c061d36393540b49e20d98086bdb5bd,9ffa09a2b9bd4da0ba98fc537ca68802,1004b33e3126472faa78e1929ed974e6,b2b22c673e554db39c8acdbe42687a6d,1c6bbf19b3d2498696a5baf0f53a0f18,9aca522158f443fd8a9caaec38ae5e2c,88f796c14d184ecfaa5b0109161db259
cfb9a2cee2044f5e9cab9a1ec0394c33,133bfbe9a7c741fcb638ecf1b0088213,4c8476482736459881e2a3b0509ee103,022e16490d1949b9ab2fc1de5a837031,7c061d36393540b49e20d98086bdb5bd,9ffa09a2b9bd4da0ba98fc537ca68802,1004b33e3126472faa78e1929ed974e6,9aca522158f443fd8a9caaec38ae5e2c,b2b22c673e554db39c8acdbe42687a6d,50aa0f56e00d4c23ac78b3e63bc0f0e1,1c6bbf19b3d2498696a5baf0f53a0f18
91753f317b7d415d93dfbb79291ce529,2c3599a1611644f4908562f8fb8870d3,5f481b07f9734f518a14853831233b78,1578afd6ce694d46ab6e24f965f51fd6,e4fcd30261804b089efa940359057ba2,9dd98c9126c44642a20711729f2e731e,d65e3a3657ae455e954b6d7221afc84c,9460474d89704a68aaa6ccb62310ae3d,e511c40ca6324803b5021e47b4e777f8,a0408a6462b24cf18e50a8616359d5ad,8889c114b071429cbe2418f5b0f2024b
0f94a6fec9304d4991a954ceb031f5ae,8a9dc60359ba49cd8ac170cfb4ac3913,b0d2e6c4b2384950b3696c4414870282,9fd4c00672d84215b3e21812aef3d6ac,b8da01ceddcb45a491a288ddbc658e90,5f481b07f9734f518a14853831233b78,2c3599a1611644f4908562f8fb8870d3,1578afd6ce694d46ab6e24f965f51fd6,2f0401170d104b47b0a8f087f69dee88,9dd98c9126c44642a20711729f2e731e,570f08ce2a1a47978eab16bf7ad16a68
15a8c430cba44785961873a3dd5bc77f,8a9dc60359ba49cd8ac170cfb4ac3913,b0d2e6c4b2384950b3696c4414870282,9fd4c00672d84215b3e21812aef3d6ac,b8da01ceddcb45a491a288ddbc658e90,5f481b07f9734f518a14853831233b78,2c3599a1611644f4908562f8fb8870d3,1578afd6ce694d46ab6e24f965f51fd6,632cc2bc04034dd4848855fe6497262d,99a52c93a3304ec18dab9206f98f2a8b,2f0401170d104b47b0a8f087f69dee88
fd824af093e04ae187700d37404ce512,2c3599a1611644f4908562f8fb8870d3,5f481b07f9734f518a14853831233b78,1578afd6ce694d46ab6e24f965f51fd6,e4fcd30261804b089efa940359057ba2,d65e3a3657ae455e954b6d7221afc84c,9dd98c9126c44642a20711729f2e731e,9460474d89704a68aaa6ccb62310ae3d,7d5c0a2bfccf4255a43d9bd0f84a6d3a,ad42c467d0fe43dbb328073f9a16bc4d,9948a890ef25479e834f70944cb42eae
c9d75d71736c41ca808c70e38aff6b5a,85d4175b563d48e5bc6a991b23662f24,da88fa5efc674368b593444ca950dff9,6ae72ad649c54129b992d321f8f29122,ad42c467d0fe43dbb328073f9a16bc4d,2d43cf91509846e29ab4febd7781919f,9500823cb050427696343b1ea5cf8881,94ed54abfdc74b04b0dcb19c278e66f4,6b4676aba2a746b3ab778315afc8ee82,65e30dd62cfa4dccb9ea4d908a9d6fab,84ff5144597241bba5cbd3d0b21d220d
743f1b2f252548d7910b99d0870f6c67,85d4175b563d48e5bc6a991b23662f24,94ed54abfdc74b04b0dcb19c278e66f4,6ae72ad649c54129b992d321f8f29122,00e9d4081c2f45d1a818bfeab099863a,9db7d32d79024ba6a73c55fde6f55968,2d43cf91509846e29ab4febd7781919f,74de04f31db94a99b757685c91779412,57bcda73abab44ee930b20cdaee9d24b,878e5c41be5c477e9f660ca361fdd727,6fc7a2cf0684475a82f6ff9be2c8e850
27bcdf10465e4c54869c9ceb59013b81,1ad0cf33e96243888d5f970195a75586,0bd1cce9370a461089e25393086800a8,fadf133e0e684a24ac79b5fa9515bac2,66cba49431224a3788f914d6a80165e1,6bde760ad5d4485db9889b1bdc074005,f59a3ee5387440d981754b6595e8664c,dd36cc0867b94d55a43b82c1c9a0e95c,2c65a898314b42e6b2e93dca66fd15c2,be70e49b76c24527b4fddfb6b78b6d8d,f464960d2dbc43c0970c60600bd7f1cd
52cd37fed829421d91356a3fb87f1ae3,85d4175b563d48e5bc6a991b23662f24,94ed54abfdc74b04b0dcb19c278e66f4,6ae72ad649c54129b992d321f8f29122,9db7d32d79024ba6a73c55fde6f55968,00e9d4081c2f45d1a818bfeab099863a,2d43cf91509846e29ab4febd7781919f,57bcda73abab44ee930b20cdaee9d24b,b0236c76ae244fd8aacbea7da10e55ca,e9428816b054499298745b742f128f65,74de04f31db94a99b757685c91779412
f3cba92d050b4d8e9432cb0cc14c3d63,1ad0cf33e96243888d5f970195a75586,0bd1cce9370a461089e25393086800a8,fadf133e0e684a24ac79b5fa9515bac2,66cba49431224a3788f914d6a80165e1,f59a3ee5387440d981754b6595e8664c,6bde760ad5d4485db9889b1bdc074005,dd36cc0867b94d55a43b82c1c9a0e95c,2c65a898314b42e6b2e93dca66fd15c2,be70e49b76c24527b4fddfb6b78b6d8d,f464960d2dbc43c0970c60600bd7f1cd
e0ffc5f5610740569aedc8c74ed17c47,3c1b91a23b694da1973dbc5f75f2f3ed,cf293392122347a180cf2126f4589acb,13e659415ac84c7a81fc769111d43417,23a16d69ffe848d593a4808907d8aa98,1393dac7d34b4c34b1a8091a5bea3663,3675c688960a4f3b9f82c4ccf4049e93,fadf133e0e684a24ac79b5fa9515bac2,225818abe99e45a0bf5b0b3ec30db76b,8dfe01febd46475ab5aef97033716ce1,7ab9086baf99475d8c93862a7dd36344
fd29df6e377f40b981cba18434381065,3c1b91a23b694da1973dbc5f75f2f3ed,cf293392122347a180cf2126f4589acb,13e659415ac84c7a81fc769111d43417,23a16d69ffe848d593a4808907d8aa98,1393dac7d34b4c34b1a8091a5bea3663,3675c688960a4f3b9f82c4ccf4049e93,30578712823948b086e3781343982938,e79ae27b52fa4d54aa37735fd275c66e,c3502ff31ce6459a96164c934f297562,225818abe99e45a0bf5b0b3ec30db76b
f5ff08722abb413e9e24fa4eee6d5b60,cf293392122347a180cf2126f4589acb,5abf57d57d84440e94d0d2e2ffb37575,13e659415ac84c7a81fc769111d43417,c3502ff31ce6459a96164c934f297562,f2ef424352f14dda92691047ee9f15fa,7ab9086baf99475d8c93862a7dd36344,f5bcc6f48ed2447581b401d453039866,0c889c151e094b948c13b0275e660a9c,b9228fdb5f0c413d81cffb51829d95c6,342aaa81ed004635bbf9cbc2592cd7b6
574036f38fb84293ae0fbe592c3c6f3a,3c1b91a23b694da1973dbc5f75f2f3ed,5abf57d57d84440e94d0d2e2ffb37575,e79ae27b52fa4d54aa37735fd275c66e,225818abe99e45a0bf5b0b3ec30db76b,3675c688960a4f3b9f82c4ccf4049e93,1004b33e3126472faa78e1929ed974e6,cb75c6ef71cb4991805920f2894e0e96,64fc9fe3c8d5424ebc005e5cf4a608db,ba8d0208e32e42969bd4349cf24f6ed1,9ffa09a2b9bd4da0ba98fc537ca68802
35f36e3994484147bfac89ac7f1ef8ef,3c1b91a23b694da1973dbc5f75f2f3ed,5abf57d57d84440e94d0d2e2ffb37575,e79ae27b52fa4d54aa37735fd275c66e,cb75c6ef71cb4991805920f2894e0e96,3675c688960a4f3b9f82c4ccf4049e93,225818abe99e45a0bf5b0b3ec30db76b,64fc9fe3c8d5424ebc005e5cf4a608db,ba8d0208e32e42969bd4349cf24f6ed1,1004b33e3126472faa78e1929ed974e6,56272326c7e94e419ea8c69fb634f610
84ef3ef2feb84347bac472fb9e9d5906,77cecb221149474896d9b2eb848bf150,e7aaa514f6f64a258a640ea341aa1a18,07958f43551e459eb30638b632e3cd64,039f8e63b273472d8f1d99d9a5de5cf5,66690895454847fea5a000202fbfab2e,7862a63720b34104abf5bfa44bc8178d,afaf2edba0ee4d58860a5a04e4aabc5c,ad054da7e1704a53931a341173f0605f,4d0a737f396d4a95808085bd1306746c,48240083d13148bd84ddee8c7f9fcd22
398defcf45ad43ed8e2633186eaa33ba,f676e16c6a134bd5a7bbeee4590adcfe,764b8280445d4023aecaa53cf7758932,11e1e3cdfe214385a2c24d0f957dde9b,4e7ee74be72a461fa02fa61bee62bdcc,3e923b6e3ceb4901b77c9a18729546eb,d7c9dafddaf547159d366dacf7b68a7e,570f08ce2a1a47978eab16bf7ad16a68,2939ef012c5c4a1b94b49df9469dfb3c,9452a2f21f7d4feeb2605d9b6647fc13,5e0a2bc284cf4002914ae4e6aaef41e8
ea57953406604eb083a4fecc3606c662,b5f237fefb38465bb6a068c9cf75ba31,db13ed5446be46269dff3de3c1bf2660,016e634d566b49c199d07357aae9bf33,35d06fce2df446569702778e2250bd82,910827a15eac4e4b9005d8e46ad71f6e,f4474150010f4021a4620372062f3797,b3a022950e444682a113cec5a0537f6a,1099cb6f4fac4eb8a1fb6db50e18296b,476ce3ffff564a5aa985808e7d2cab17,3cb231e1167e45f9bf5771a4e0074092
6d7cfa2d06f64b22aeffa8b5f5294bdb,f676e16c6a134bd5a7bbeee4590adcfe,764b8280445d4023aecaa53cf7758932,11e1e3cdfe214385a2c24d0f957dde9b,4e7ee74be72a461fa02fa61bee62bdcc,d7c9dafddaf547159d366dacf7b68a7e,3e923b6e3ceb4901b77c9a18729546eb,570f08ce2a1a47978eab16bf7ad16a68,2939ef012c5c4a1b94b49df9469dfb3c,44156e6482884acaaee1938e04d8b6ff,e903085a3f944ad2a41c37306b4e6ab4
b81d6cfb08b3460182252d604820144b,b5f237fefb38465bb6a068c9cf75ba31,35d06fce2df446569702778e2250bd82,910827a15eac4e4b9005d8e46ad71f6e,f4474150010f4021a4620372062f3797,016e634d566b49c199d07357aae9bf33,b3a022950e444682a113cec5a0537f6a,db13ed5446be46269dff3de3c1bf2660,a865b8d581b44104afe7c8508e3486f5,98b2022b2cb84af09ee8b789db928b13,3cb231e1167e45f9bf5771a4e0074092
d9348c713e8144f791dd2fc990a3cbb6,1aef014473b84ef9a0f799114fe516c9,4422777ed51142a99aacf05f446cfea1,250d411ae270441085be3501b7b55d86,9d09e3cd382c4d0ea0f6f50261e3e4c8,938147b72e9540da8513910871e0830a,033f1514c78b49dd82148b94f6bcbeba,191b01e1728e4583a8ead5a86db27370,c74557a980e2428a9ffcc245278df692,8d595c7da42545c88052e7b213b6c97c,dcfb738ebbc24f09bb680fe3a52b702e
961885b72b8b4073afa543195a48050c,1aef014473b84ef9a0f799114fe516c9,30578712823948b086e3781343982938,191b01e1728e4583a8ead5a86db27370,033f1514c78b49dd82148b94f6bcbeba,eee7f32249c5452ea36c8ed3a3540010,99830b8da7c24f909914f7bb167f3ea6,dcfb738ebbc24f09bb680fe3a52b702e,ad054da7e1704a53931a341173f0605f,d87e5facd03b45f9829e8a1cd0fe0190,9d09e3cd382c4d0ea0f6f50261e3e4c8
06e690975e524b9089b8d4f9317a1558,1aef014473b84ef9a0f799114fe516c9,30578712823948b086e3781343982938,033f1514c78b49dd82148b94f6bcbeba,191b01e1728e4583a8ead5a86db27370,f1eecad10a61421eb16b1be7435d9c19,99830b8da7c24f909914f7bb167f3ea6,ad054da7e1704a53931a341173f0605f,9d09e3cd382c4d0ea0f6f50261e3e4c8,e0ff5d4ae0ec4871a49041d550cdcaa9,444fa28d9ed54c82a522699041eae592
a5bc160edec74fb7a50b0debceb4ff1d,30578712823948b086e3781343982938,250d411ae270441085be3501b7b55d86,de6ac628a786435f9925c8cc1d707d6b,9d09e3cd382c4d0ea0f6f50261e3e4c8,2471f23cb9b64d35a72deed09c9c8975,db0c3a952e454b90aa4a68feb6a50e87,99830b8da7c24f909914f7bb167f3ea6,033f1514c78b49dd82148b94f6bcbeba,ffc5805e29a74be0a55b40318aa321d7,d87e5facd03b45f9829e8a1cd0fe0190
77a31fe5e10e44c38270d85e569068f5,1aef014473b84ef9a0f799114fe516c9,4422777ed51142a99aacf05f446cfea1,250d411ae270441085be3501b7b55d86,9d09e3cd382c4d0ea0f6f50261e3e4c8,938147b72e9540da8513910871e0830a,8d595c7da42545c88052e7b213b6c97c,033f1514c78b49dd82148b94f6bcbeba,191b01e1728e4583a8ead5a86db27370,35c5a560ecdc4d6a9d20f057ed1fa0e6,f439b5616ba24b7f82eccfa095a0eff8
a508b4ed8aa64d2c8930b9e0f5588144,00e9d4081c2f45d1a818bfeab099863a,1099cb6f4fac4eb8a1fb6db50e18296b,14ca42308d3141fba50b774042144343,da88fa5efc674368b593444ca950dff9,db13ed5446be46269dff3de3c1bf2660,88f796c14d184ecfaa5b0109161db259,7aceed0dbea645b091207f4a53d879f2,1a842f077119475794cc2de48e154374,133bfbe9a7c741fcb638ecf1b0088213,84581d81d46d44bc99ffb8f871646a7a
58f407c23b424ad7858fe02688d1f729,9db7d32d79024ba6a73c55fde6f55968,14ca42308d3141fba50b774042144343,13cda6e8f2d948eeb5508288a172e76f,88f796c14d184ecfaa5b0109161db259,da88fa5efc674368b593444ca950dff9,1a842f077119475794cc2de48e154374,3bd43a42811048e3b7a7d9740bdb1971,b52468fc0af2435f9ba91939f72bbf6a,db13ed5446be46269dff3de3c1bf2660,acbf8eae7e064c11bab7adf66f216990
6a195a5109304e06ae0423987650f0e5,00e9d4081c2f45d1a818bfeab099863a,14ca42308d3141fba50b774042144343,db13ed5446be46269dff3de3c1bf2660,da88fa5efc674368b593444ca950dff9,1099cb6f4fac4eb8a1fb6db50e18296b,88f796c14d184ecfaa5b0109161db259,1a842f077119475794cc2de48e154374,7aceed0dbea645b091207f4a53d879f2,84581d81d46d44bc99ffb8f871646a7a,133bfbe9a7c741fcb638ecf1b0088213
df7a3b9a04ad4297aadb288feabf0c50,dbf0926f9f344f1d88b114660db4d2eb,e735729c80d84f76a6133c065d5380f8,e5a3c8867e44498d9182e8be934e0fce,5363ae1c905d4879a63259de4954702e,33b5e2ae5ebe4f548bac3a00ab0a59eb,5cf392f15360460bae6a6b0182bb99b9,75bf181ea5dc490e95d364a5f5c7af1d,295d0d40791245ff838c73a2aa27d065,636c21e19a5845e1b8d69a5fca928030,cf7476d6c96b4dcdb6f025b9291eb62b
684ba7bd1eae483282be0c8c9c114514,33b5e2ae5ebe4f548bac3a00ab0a59eb,3fce01bbc56d49d39f61cba3d17648f2,6c79712e67b54dd0a11d426a91207939,295d0d40791245ff838c73a2aa27d065,0b57f893483647c3aed811775a4c4c04,2c8eafa0ff26437a862dc2224ab57073,5363ae1c905d4879a63259de4954702e,35c5a560ecdc4d6a9d20f057ed1fa0e6,ba8d0208e32e42969bd4349cf24f6ed1,4d5cbe57c3094d01843e4f950a280b50
4eda37aa22e54fa2afd5c4d98019ce29,dbf0926f9f344f1d88b114660db4d2eb,e5a3c8867e44498d9182e8be934e0fce,e735729c80d84f76a6133c065d5380f8,4e4495962a9b4864882397042f1a2b3e,33b5e2ae5ebe4f548bac3a00ab0a59eb,5363ae1c905d4879a63259de4954702e,75bf181ea5dc490e95d364a5f5c7af1d,cf7476d6c96b4dcdb6f025b9291eb62b,0b57f893483647c3aed811775a4c4c04,6c51b4f57ba0415f994756e944b11cee
3fc9d39c9efc4790b7a0864f44c1e28d,3fce01bbc56d49d39f61cba3d17648f2,33b5e2ae5ebe4f548bac3a00ab0a59eb,6c79712e67b54dd0a11d426a91207939,295d0d40791245ff838c73a2aa27d065,2c8eafa0ff26437a862dc2224ab57073,0b57f893483647c3aed811775a4c4c04,5363ae1c905d4879a63259de4954702e,ba8d0208e32e42969bd4349cf24f6ed1,4d5cbe57c3094d01843e4f950a280b50,da14e9dc2c3d4963b725de8102de5028
492e1ce165734c99ae0c8142231d6cd8,b702b2b61ce048c6bf5af3c4dca18b1a,d75a52d716984f318f976bbfc7bee787,3d3e8565d2f84e0cad5ae622f2909765,b3a022950e444682a113cec5a0537f6a,e4fcd30261804b089efa940359057ba2,f4474150010f4021a4620372062f3797,e8f18e4bdf054390a1768978dca8e430,215f3d275db14601a0383885cbaad86e,c1def54262224e23acf67a9870725ce5,6fc7a2cf0684475a82f6ff9be2c8e850
62d16233117346a88248d0c84e37c7d4,b702b2b61ce048c6bf5af3c4dca18b1a,3d3e8565d2f84e0cad5ae622f2909765,d75a52d716984f318f976bbfc7bee787,e4fcd30261804b089efa940359057ba2,b44645c11ece4326a45f50fdc5d45dcf,e8f18e4bdf054390a1768978dca8e430,b3a022950e444682a113cec5a0537f6a,6fc7a2cf0684475a82f6ff9be2c8e850,de72d25d08da4b03ac6f6411ce30e07c,f4474150010f4021a4620372062f3797
fc5f6e0b9c084686b8bcffe1870bb6af,cb75c6ef71cb4991805920f2894e0e96,6400e3f6a14c492ba399bd414faca075,dee9eddb2eac41bfaf36d3279d43674a,23199e1859544647893a97ea365c5c83,7d0190486da540718e4dc4ca4bd1f573,7fe9e665bf41491c9788941aa2894a10,08ecf89bc10942a4bd894482f6fcdfa7,13e659415ac84c7a81fc769111d43417,215f3d275db14601a0383885cbaad86e,e3854d75221c4e38879a6106bb5c1941
9544710dc3234bb3a65179dae0115a8c,f6061b71031b4ddb9384f86c103690a4,cb75c6ef71cb4991805920f2894e0e96,dee9eddb2eac41bfaf36d3279d43674a,6400e3f6a14c492ba399bd414faca075,aedd476072b345e9be46ebd7260e93a6,03df72bcf3504272a27f4bbaea89118a,664da77d25e74df693eaad44a5e7617f,48240083d13148bd84ddee8c7f9fcd22,7d0190486da540718e4dc4ca4bd1f573,23199e1859544647893a97ea365c5c83
d88623101f5740e3bbbb1be949c2c917,23a16d69ffe848d593a4808907d8aa98,34b736136487439389c10cc6bd4e9f4e,5537ddec608a4ec586ea068fa27547ca,7d0190486da540718e4dc4ca4bd1f573,72a7e2ce22d045efbdbbab9c68f5d026,3c1b91a23b694da1973dbc5f75f2f3ed,f6061b71031b4ddb9384f86c103690a4,e0ff5d4ae0ec4871a49041d550cdcaa9,9094e936e13641cc9bfcc7dc1408d86e,df0c94234d9d4890b5b4b95c441b3e9a
3d4bd2285a9441ceb15abaf963002c03,23a16d69ffe848d593a4808907d8aa98,72a7e2ce22d045efbdbbab9c68f5d026,34b736136487439389c10cc6bd4e9f4e,5537ddec608a4ec586ea068fa27547ca,7d0190486da540718e4dc4ca4bd1f573,7d3d751215194e649a03457226f599d7,9094e936e13641cc9bfcc7dc1408d86e,24c55bb5cd694770ba895c7401da2ba5,e3854d75221c4e38879a6106bb5c1941,f37d285ad0de42f0b1546d0d1acfb221
fb083ec69f5f42f2881407d2176b5d39,db620271348d404a9a0b978d96c63f29,0c889c151e094b948c13b0275e660a9c,5537ddec608a4ec586ea068fa27547ca,403835bbf2f1447188bcc78e062b0028,cd6ce920d00e4d17a6cf04f9f7e550b7,00fb3a55134242769182c520d55681a2,4230775a9d51448396cacb9061f0e5f9,de6ac628a786435f9925c8cc1d707d6b,b90d74e80c37486eaee89b6fbab13671,a9573f188204436090fb4a5240e4eccd
94fac016e63749c8a8f0fdf1fc1a90b5,db620271348d404a9a0b978d96c63f29,0c889c151e094b948c13b0275e660a9c,403835bbf2f1447188bcc78e062b0028,5537ddec608a4ec586ea068fa27547ca,00fb3a55134242769182c520d55681a2,4230775a9d51448396cacb9061f0e5f9,cd6ce920d00e4d17a6cf04f9f7e550b7,a9573f188204436090fb4a5240e4eccd,b90d74e80c37486eaee89b6fbab13671,de6ac628a786435f9925c8cc1d707d6b
a4f2a13bd2b54360a921c8ef7366e535,aa082284f9894b5aa210c179d59999b1,0c889c151e094b948c13b0275e660a9c,3cb231e1167e45f9bf5771a4e0074092,d0e41bf891254ba0872f1641139f84f6,0cdb0f32850f4585a16de4886462bbe0,6b7b5d28293d4a5a8075f7f7dd231ddb,2ece45504eff42469c104dc2a2d03caf,0b57f893483647c3aed811775a4c4c04,0e8487b2e6a2439b9e6623a1e2e5e19d,daed5458403e49e3aea72f4bcc6dd224
89206a8894c247c8bd87fad37967ca98,aa082284f9894b5aa210c179d59999b1,0c889c151e094b948c13b0275e660a9c,3cb231e1167e45f9bf5771a4e0074092,d0e41bf891254ba0872f1641139f84f6,0cdb0f32850f4585a16de4886462bbe0,2ece45504eff42469c104dc2a2d03caf,6b7b5d28293d4a5a8075f7f7dd231ddb,0e8487b2e6a2439b9e6623a1e2e5e19d,0b57f893483647c3aed811775a4c4c04,c3502ff31ce6459a96164c934f297562
4d36c5e5c20443bbab4b51e580bafc21,31f80e4c87164e2893375ec7e73b372e,511fe9c8b20b4fda94969745238c9474,563043f180e54e238ad4876974e5db4c,6fc7a2cf0684475a82f6ff9be2c8e850,f676e16c6a134bd5a7bbeee4590adcfe,174581fc299840e18e827432c0cce4dc,e8c8742459dc48a49080bf0e5b3fdee0,52f20bd7eb50430c95f0916727880a1b,de72d25d08da4b03ac6f6411ce30e07c,3766b26b53874893ae48693880e1942c
517675a3a64847439ecd5791a240af4c,e8c8742459dc48a49080bf0e5b3fdee0,27a67d3e76814297aebf64e03d14c336,c2a665cec90e46db8d2a74389beb4649,b3f8b4bec0164d0e81997b4f5a277e8f,b85d652ba8d244f8ab9e941966094f28,664da77d25e74df693eaad44a5e7617f,b44645c11ece4326a45f50fdc5d45dcf,530b37164090408dbab4e6da51111b8a,7c1126d46a934db6b951d1e98feae327,f5bcc6f48ed2447581b401d453039866
b4a18167b9e44a69bbb49ee2a8709fbe,e8c8742459dc48a49080bf0e5b3fdee0,27a67d3e76814297aebf64e03d14c336,c2a665cec90e46db8d2a74389beb4649,b3f8b4bec0164d0e81997b4f5a277e8f,b85d652ba8d244f8ab9e941966094f28,664da77d25e74df693eaad44a5e7617f,530b37164090408dbab4e6da51111b8a,ca5add3cbf044a95a5bec88a5841ce98,4a3d4daed4b24a1898551f0fd1ba44f1,b44645c11ece4326a45f50fdc5d45dcf
173054bdb88d476dbd153c55b7fabd01,31f80e4c87164e2893375ec7e73b372e,511fe9c8b20b4fda94969745238c9474,6fc7a2cf0684475a82f6ff9be2c8e850,563043f180e54e238ad4876974e5db4c,52f20bd7eb50430c95f0916727880a1b,f676e16c6a134bd5a7bbeee4590adcfe,e8c8742459dc48a49080bf0e5b3fdee0,174581fc299840e18e827432c0cce4dc,570f08ce2a1a47978eab16bf7ad16a68,c2b49382e2f34b1c90013236a5fbaef0
6676c08920d74d74b3b5e31d76d402b2,f32f4607b4714e378831f924c5e6084d,3e4a54908dde405294869e30a92a7623,0842a796c09b4089933a4f27e4e5e3bc,0568345606fa4a2c84ed4ea6c74639ee,78d0265d47df4f4cb7153da919763730,7dd5e88dfdd24cafab2c765939757354,eeca68825e2a4bbdaa5ae962998fc33b,5cfb876eeb4f410aa1282cc279f0e546,b585a2970e9f421da236241f603883f2,cdd73e0289aa4e2b87cd14e6ff5bd75e
0df5d9aef12b4019955ea3f2f0b2adab,249c2d8d8d2345c6990b3c4d94385b5a,3e4a54908dde405294869e30a92a7623,7dd5e88dfdd24cafab2c765939757354,78d0265d47df4f4cb7153da919763730,7fe9e665bf41491c9788941aa2894a10,0568345606fa4a2c84ed4ea6c74639ee,e96fae6d607246b18b8494aabe521036,29088685e31a4d86b60b514e98117361,88353d1136d24836816b073de62e5f50,f37d285ad0de42f0b1546d0d1acfb221
9e0acd98c27a49b196d2c555deba2f0e,249c2d8d8d2345c6990b3c4d94385b5a,3e4a54908dde405294869e30a92a7623,7dd5e88dfdd24cafab2c765939757354,78d0265d47df4f4cb7153da919763730,7fe9e665bf41491c9788941aa2894a10,e96fae6d607246b18b8494aabe521036,6fbdacd3d8814ea2a13e81ee1ec128f2,f37d285ad0de42f0b1546d0d1acfb221,0568345606fa4a2c84ed4ea6c74639ee,88353d1136d24836816b073de62e5f50
54c5b5744a704151830ff16cf8883786,c5486d5e31084ee797da0ebdacb17abc,f32f4607b4714e378831f924c5e6084d,0cc5015848a044b59fa4b290813f859c,8b4e9e3d234e4eec99a7651e246bbfa3,3e4a54908dde405294869e30a92a7623,45f4192f485a49d9a75219ae4d0c41ee,2c8eafa0ff26437a862dc2224ab57073,be9e713988ba4bbba869885cad419259,7aceed0dbea645b091207f4a53d879f2,be70e49b76c24527b4fddfb6b78b6d8d
b9de30f0928f4adbbd9e64f944ab0805,403835bbf2f1447188bcc78e062b0028,e06d08ff594a4acbac12edf579743fcf,4e22dc65beb7450b9260cf27e50919e4,ec4820b018a04967a457a9c032a51dc6,dbb3fe11ad004895b302a84e7c066fcc,be8953cc364d46cebbcc2c2da2c348ab,7584980704ae4617bb27ca162cc9c5db,eabdd2813a954f9aa01f0eb8212ee387,6f8d80f8673144dfa7a4e09190442ab3,6bde760ad5d4485db9889b1bdc074005
1700d60558f04c2581e0c6ecac9ca03f,f335a944a27a4504a82ecf70c2d4a5e4,0cdb0f32850f4585a16de4886462bbe0,be8953cc364d46cebbcc2c2da2c348ab,dbb3fe11ad004895b302a84e7c066fcc,6f8d80f8673144dfa7a4e09190442ab3,ec4820b018a04967a457a9c032a51dc6,4e22dc65beb7450b9260cf27e50919e4,7584980704ae4617bb27ca162cc9c5db,5e44915237fc4445b54b037e1c4e29a4,6ea31a945d494834a3d243f1f90af02a
f8ebc027345b4689839fa22c303c1bbc,f335a944a27a4504a82ecf70c2d4a5e4,0cdb0f32850f4585a16de4886462bbe0,be8953cc364d46cebbcc2c2da2c348ab,dbb3fe11ad004895b302a84e7c066fcc,ec4820b018a04967a457a9c032a51dc6,6f8d80f8673144dfa7a4e09190442ab3,4e22dc65beb7450b9260cf27e50919e4,7584980704ae4617bb27ca162cc9c5db,5e44915237fc4445b54b037e1c4e29a4,6ea31a945d494834a3d243f1f90af02a
a815375295944d72bbd877ca7675981a,403835bbf2f1447188bcc78e062b0028,e06d08ff594a4acbac12edf579743fcf,4e22dc65beb7450b9260cf27e50919e4,ec4820b018a04967a457a9c032a51dc6,dbb3fe11ad004895b302a84e7c066fcc,7584980704ae4617bb27ca162cc9c5db,be8953cc364d46cebbcc2c2da2c348ab,eabdd2813a954f9aa01f0eb8212ee387,6f8d80f8673144dfa7a4e09190442ab3,6bde760ad5d4485db9889b1bdc074005
a5eb956f41154b2fa05333dc5f91564d,cf7476d6c96b4dcdb6f025b9291eb62b,7226603f024c45c6a6e44b00e52e8aad,636c21e19a5845e1b8d69a5fca928030,514537782f6549c488a1b932939b4128,0568345606fa4a2c84ed4ea6c74639ee,f12e9e5805534d719f829332d1ea5d29,0f52f676197e4d4e92dec0a7bc4c4f7d,2639b6540bda414f8a9baa3b5cdb612a,0842a796c09b4089933a4f27e4e5e3bc,3fce01bbc56d49d39f61cba3d17648f2
32ca729048eb46ea82cfabc322b2f07f,e5a3c8867e44498d9182e8be934e0fce,7226603f024c45c6a6e44b00e52e8aad,4926607aafe749538c930e108275547e,514537782f6549c488a1b932939b4128,29fb30a75c57451a85f310aa6423a662,636c21e19a5845e1b8d69a5fca928030,6ae72ad649c54129b992d321f8f29122,7f5b658239034d35b7f4cf1c63cb388c,0f52f676197e4d4e92dec0a7bc4c4f7d,0e8487b2e6a2439b9e6623a1e2e5e19d
4b03b491a7324ddea5bf28db91e66254,e5a3c8867e44498d9182e8be934e0fce,7226603f024c45c6a6e44b00e52e8aad,4926607aafe749538c930e108275547e,514537782f6549c488a1b932939b4128,29fb30a75c57451a85f310aa6423a662,636c21e19a5845e1b8d69a5fca928030,6ae72ad649c54129b992d321f8f29122,7f5b658239034d35b7f4cf1c63cb388c,0f52f676197e4d4e92dec0a7bc4c4f7d,3fce01bbc56d49d39f61cba3d17648f2
6ee636f0481140ed9b0077791aba92b0,cf7476d6c96b4dcdb6f025b9291eb62b,7226603f024c45c6a6e44b00e52e8aad,636c21e19a5845e1b8d69a5fca928030,514537782f6549c488a1b932939b4128,0568345606fa4a2c84ed4ea6c74639ee,f12e9e5805534d719f829332d1ea5d29,0f52f676197e4d4e92dec0a7bc4c4f7d,2639b6540bda414f8a9baa3b5cdb612a,3fce01bbc56d49d39f61cba3d17648f2,0842a796c09b4089933a4f27e4e5e3bc
9e69ec4a3364489c92dd79eb57e83d54,5be48a6bc26044f2a2e4e9b6a223c319,69ac8397e9624bfd8aee237b9f9ea3b5,a5365055a36a4ec1bf5b0ce2ef949a35,1578afd6ce694d46ab6e24f965f51fd6,19b81e71e7f04ebcbfade9daa899ed3d,36472797459c462e910846109fa624fc,4e7ee74be72a461fa02fa61bee62bdcc,b8da01ceddcb45a491a288ddbc658e90,dcfb738ebbc24f09bb680fe3a52b702e,b3209c60460a437294e2b30a9e9d3f53
e3d8f037fbe5491eba85d08b7dc5cab4,5be48a6bc26044f2a2e4e9b6a223c319,69ac8397e9624bfd8aee237b9f9ea3b5,a5365055a36a4ec1bf5b0ce2ef949a35,1578afd6ce694d46ab6e24f965f51fd6,7326afe68eb64b63993b3dae022c645d,b3209c60460a437294e2b30a9e9d3f53,19b81e71e7f04ebcbfade9daa899ed3d,b8da01ceddcb45a491a288ddbc658e90,b52468fc0af2435f9ba91939f72bbf6a,6f57d1175ad243edada61643d01fcd54
2e92d21d8386472cb7ae95c21ba476ec,b8da01ceddcb45a491a288ddbc658e90,d65e3a3657ae455e954b6d7221afc84c,2c3599a1611644f4908562f8fb8870d3,6ae72ad649c54129b992d321f8f29122,0bd1cce9370a461089e25393086800a8,1578afd6ce694d46ab6e24f965f51fd6,45f4192f485a49d9a75219ae4d0c41ee,a9d82bb43410405ca21b44a5e82e22b6,f59a3ee5387440d981754b6595e8664c,ad42c467d0fe43dbb328073f9a16bc4d
d0e2f6816e1d46c4896a92a770a52d13,b8da01ceddcb45a491a288ddbc658e90,d65e3a3657ae455e954b6d7221afc84c,2c3599a1611644f4908562f8fb8870d3,1578afd6ce694d46ab6e24f965f51fd6,a9d82bb43410405ca21b44a5e82e22b6,1e376f9d0945477983c8d851e4b2cf5e,c5486d5e31084ee797da0ebdacb17abc,f59a3ee5387440d981754b6595e8664c,6ae72ad649c54129b992d321f8f29122,7d5c0a2bfccf4255a43d9bd0f84a6d3a
9db1e0ae9d1e4b078283f3e4fce188a9,54e9bbd0093947a3bda5fef48ef7493d,f532294d68604bc2aa9ad8804a8c6d5f,ef511457ee7c490c8e10eccf6e18fef6,7ef653f7e5f64e1b8bba73b9518b87b7,59f62d35b1ad451397b700b3dad25448,57bcda73abab44ee930b20cdaee9d24b,cb550e5ff4694fe9a19eaa6588cef250,8746ae2ca7514699b629b4d9b5fe95a7,98fbdf945d0c4206a48a4f7260e56017,878e5c41be5c477e9f660ca361fdd727
b3e9c337e43d4153aebe5720e9cd3974,54e9bbd0093947a3bda5fef48ef7493d,ef511457ee7c490c8e10eccf6e18fef6,f532294d68604bc2aa9ad8804a8c6d5f,59f62d35b1ad451397b700b3dad25448,cb550e5ff4694fe9a19eaa6588cef250,e7ee85dd47ca43eeb2fdcd70b802f0ec,57bcda73abab44ee930b20cdaee9d24b,8746ae2ca7514699b629b4d9b5fe95a7,7ef653f7e5f64e1b8bba73b9518b87b7,70aa10580bfe4069bdaa5721ae2d29db
6826037354894b81a24d3dc9a4983acb,4c36aafaf38f4e9e9e09991737196fe1,8746ae2ca7514699b629b4d9b5fe95a7,a0408a6462b24cf18e50a8616359d5ad,3766b26b53874893ae48693880e1942c,70aa10580bfe4069bdaa5721ae2d29db,408ae6a767874fc782467ec2f054ad15,7d3d751215194e649a03457226f599d7,0accd1d0138b49049d437c0d9b1c23c3,cb550e5ff4694fe9a19eaa6588cef250,a4af9472683c4df0a86f9400c99c2b61
dc99c006397e40808ab1f016fa44006f,7d6122daabe442ffb5e57ece1882e714,1f9cd7f2b7a14e2f8d490a104a56edcd,b00b2395b49949508fade89bb3eac98b,2939ef012c5c4a1b94b49df9469dfb3c,1b827db6f6cf4ecb850928c2f9e41de2,e4ee90d625d44a6d9adc138390eef0f8,4c67cc7a1ccc496db132636e3f4853a2,74644c8cc17449cf89379868e7b21398,e22e1ad3c1fc4493bcb7c9b923566ff7,7f5b658239034d35b7f4cf1c63cb388c
4993ef4ea7ef4074bc9bfda10fc761b9,1f9cd7f2b7a14e2f8d490a104a56edcd,b626eb67c2e14afeae2846bb150976f3,b00b2395b49949508fade89bb3eac98b,5fc200cab89346658c9c91cce27e85fe,2939ef012c5c4a1b94b49df9469dfb3c,076e2669c305401fb3afcfafdd6c79c7,1b827db6f6cf4ecb850928c2f9e41de2,74644c8cc17449cf89379868e7b21398,35d06fce2df446569702778e2250bd82,13cda6e8f2d948eeb5508288a172e76f
c7eab26c996245a3ab077b730a658580,7d6122daabe442ffb5e57ece1882e714,b626eb67c2e14afeae2846bb150976f3,1b827db6f6cf4ecb850928c2f9e41de2,076e2669c305401fb3afcfafdd6c79c7,bce599075dfd4fac8dd78626106e3071,b00b2395b49949508fade89bb3eac98b,d0e41bf891254ba0872f1641139f84f6,74644c8cc17449cf89379868e7b21398,7f0a68d19d2e4850846ffc08c47ed87d,2939ef012c5c4a1b94b49df9469dfb3c
b675a73977ed4edbbe06ed1ed956190f,7d6122daabe442ffb5e57ece1882e714,1f9cd7f2b7a14e2f8d490a104a56edcd,b00b2395b49949508fade89bb3eac98b,1b827db6f6cf4ecb850928c2f9e41de2,7f5b658239034d35b7f4cf1c63cb388c,74644c8cc17449cf89379868e7b21398,4c67cc7a1ccc496db132636e3f4853a2,e5a3c8867e44498d9182e8be934e0fce,898eabaaa1a047e18aecbb1c5a8decbf,e22e1ad3c1fc4493bcb7c9b923566ff7
cebedb652e6442cfb5750e4bbec52862,7d6122daabe442ffb5e57ece1882e714,b626eb67c2e14afeae2846bb150976f3,1b827db6f6cf4ecb850928c2f9e41de2,076e2669c305401fb3afcfafdd6c79c7,bce599075dfd4fac8dd78626106e3071,b00b2395b49949508fade89bb3eac98b,2939ef012c5c4a1b94b49df9469dfb3c,d0e41bf891254ba0872f1641139f84f6,74644c8cc17449cf89379868e7b21398,5c644b51b1394a7b8fa0a9a6275c422d
085ac28270ca429689a32df3a4583773,75801225047a4c019100660c13f1e0f1,98b2022b2cb84af09ee8b789db928b13,033f1514c78b49dd82148b94f6bcbeba,35d06fce2df446569702778e2250bd82,5760084aabef4d8095b2d21902151f64,19b81e71e7f04ebcbfade9daa899ed3d,c4b9d7a8d5d342459d2282589b3af293,afaf2edba0ee4d58860a5a04e4aabc5c,b8da01ceddcb45a491a288ddbc658e90,91f0da6d71574ababd8e868bddec9310
e03daa7cd69147cf9ffcfe59b6f1ff74,75801225047a4c019100660c13f1e0f1,98b2022b2cb84af09ee8b789db928b13,033f1514c78b49dd82148b94f6bcbeba,35d06fce2df446569702778e2250bd82,5760084aabef4d8095b2d21902151f64,19b81e71e7f04ebcbfade9daa899ed3d,b8da01ceddcb45a491a288ddbc658e90,04537eabb0434eb2804d1220770b85a0,c4b9d7a8d5d342459d2282589b3af293,afaf2edba0ee4d58860a5a04e4aabc5c
7076a0387a924dc1b928b55750f64916,e429a2e164a24919a12edcc8d4ea8f09,c74557a980e2428a9ffcc245278df692,d9b97376c5e44d8786f861a5788af644,3e923b6e3ceb4901b77c9a18729546eb,8889c114b071429cbe2418f5b0f2024b,98b2022b2cb84af09ee8b789db928b13,9d09e3cd382c4d0ea0f6f50261e3e4c8,d37bf09399d848df9a4d880fb097239c,61d2391e8bc548b6bfa08f1ef2a0c47a,d658e3a743af41899183fecff6b2628d
0da0ce17055e4ce4aad17bba3493ecf3,93dc50abd35349f7923100dca2f41002,eee7f32249c5452ea36c8ed3a3540010,5e2f1a45f7174f1aa39a194179985876,e1c63000ace94c1d9381d82389fe6afd,e53dd6188816429ab915de6f9649a026,e429a2e164a24919a12edcc8d4ea8f09,48c31b1e2ce94de8968fab433813fa91,afaf2edba0ee4d58860a5a04e4aabc5c,ad054da7e1704a53931a341173f0605f,191b01e1728e4583a8ead5a86db27370
a1de5e13c3de409baec25b9625277294,7f0a68d19d2e4850846ffc08c47ed87d,bce599075dfd4fac8dd78626106e3071,dcfb738ebbc24f09bb680fe3a52b702e,1b827db6f6cf4ecb850928c2f9e41de2,cf290994a83e4909aec30077477b9d04,5455e62f52ae4e03b2a5d0e8b9899506,af532d6e5090478ba520505d5f9107f2,ca1a2a6308834baba3140b5ce8f81320,1aef014473b84ef9a0f799114fe516c9,31a2675a2e944a1ab3b810cfb92ebd34
59d5b8a0cae447e3aa9d4441af278166,b33a0f5b564a4942b04046ab7a8e2aae,bce599075dfd4fac8dd78626106e3071,75efe5ddef364f49865d9bb283492b48,5455e62f52ae4e03b2a5d0e8b9899506,1b827db6f6cf4ecb850928c2f9e41de2,039a871609044cb1b69f70c082fe61d8,dcfb738ebbc24f09bb680fe3a52b702e,35c5a560ecdc4d6a9d20f057ed1fa0e6,32aaca2a732f4272b237374d3cdeec90,3c72832689d8406996e80893b719b974
0c4b7eb545d746869c5419772a6e4392,7f0a68d19d2e4850846ffc08c47ed87d,bce599075dfd4fac8dd78626106e3071,dcfb738ebbc24f09bb680fe3a52b702e,1b827db6f6cf4ecb850928c2f9e41de2,cf290994a83e4909aec30077477b9d04,5455e62f52ae4e03b2a5d0e8b9899506,af532d6e5090478ba520505d5f9107f2,31a2675a2e944a1ab3b810cfb92ebd34,f31e9fdffaa642ed98e91b07a30f3a8c,9500823cb050427696343b1ea5cf8881
ee5f151fd75d45ea92a20e50b7471a5b,b33a0f5b564a4942b04046ab7a8e2aae,bce599075dfd4fac8dd78626106e3071,75efe5ddef364f49865d9bb283492b48,1b827db6f6cf4ecb850928c2f9e41de2,5455e62f52ae4e03b2a5d0e8b9899506,039a871609044cb1b69f70c082fe61d8,dcfb738ebbc24f09bb680fe3a52b702e,32aaca2a732f4272b237374d3cdeec90,9500823cb050427696343b1ea5cf8881,35c5a560ecdc4d6a9d20f057ed1fa0e6
2a1dd0d4a81843bea554bae66ecf0521,1da8cc33bb474411ae16db0233210125,f8856799293e49feab6368e794eb8b00,af648fa7ac6c4c50a246de470329cd83,632cc2bc04034dd4848855fe6497262d,b85d652ba8d244f8ab9e941966094f28,b01fd4d037a84a7aa777e1fc345c73c5,4926607aafe749538c930e108275547e,f69bf682935e47e1b4c72d237becd13a,ba8d0208e32e42969bd4349cf24f6ed1,de6ac628a786435f9925c8cc1d707d6b
eccd7d9de8ca4ef5b452f90014314ff9,1da8cc33bb474411ae16db0233210125,af648fa7ac6c4c50a246de470329cd83,f8856799293e49feab6368e794eb8b00,8ebbcf8e4e6f400ba1839e9d75806274,b85d652ba8d244f8ab9e941966094f28,4926607aafe749538c930e108275547e,e4e12f4711fd41e39075e26cc274df45,ba8d0208e32e42969bd4349cf24f6ed1,de6ac628a786435f9925c8cc1d707d6b,b01fd4d037a84a7aa777e1fc345c73c5
53690105d8d9451da2c18448738ecbc1,13aca0959cc948cabeee0d7255f55a65,d87bd2402bef4672be17b62cec113ba8,6c6de17135be4f8c9423be633eaefcd4,d716ea165223433a8d49b93e96989482,f464960d2dbc43c0970c60600bd7f1cd,91f9f8576e5142a49926bd623b0bc19c,dcfb738ebbc24f09bb680fe3a52b702e,7ee65b33f8f44852ada468b1fed83433,503d2f067a8a4f5798b1c64b07ab0bc5,8af25c7ae8e14435a6e27a5671968f50
904b4babc35a4e22bf243f52a41e9034,47eb17da319d440aa52da8008c26327a,1393dac7d34b4c34b1a8091a5bea3663,75efe5ddef364f49865d9bb283492b48,5605fa1188974644937bbf92fec50e21,ca1a2a6308834baba3140b5ce8f81320,df7ea50171af48df81584ab7e8107d15,b69c17a10a55494d8caa56c33e8f4a56,7199f2fe77824236a392e1f00a5bdfc3,0d0973762130427eaa2ce9a7a34517db,9094e936e13641cc9bfcc7dc1408d86e
4ec8d6459f8e4b49af04fd8199016f22,b69c17a10a55494d8caa56c33e8f4a56,fb8c2b83e46441c2aaa7c81d3642e2da,7f23e27e5652406784fdc2dea3918125,75efe5ddef364f49865d9bb283492b48,c78547bdc2e64ac8935559f7de2efd41,b85d652ba8d244f8ab9e941966094f28,45e440d874a54bb591862ff441114cd3,73f684f538ea452cbb4fbecc2e8126a4,f59a3ee5387440d981754b6595e8664c,e43d8e7bc32f406b9a692e2604f5b45a
c50dedd60aba419c9533edaeaa3946ce,b69c17a10a55494d8caa56c33e8f4a56,fb8c2b83e46441c2aaa7c81d3642e2da,7f23e27e5652406784fdc2dea3918125,c78547bdc2e64ac8935559f7de2efd41,75efe5ddef364f49865d9bb283492b48,e43d8e7bc32f406b9a692e2604f5b45a,3675c688960a4f3b9f82c4ccf4049e93,d2bcc978e7aa49908919d9fc40138b27,45e440d874a54bb591862ff441114cd3,b85d652ba8d244f8ab9e941966094f28
e4692df5d1fc4cccbb1af7348c9844e7,1393dac7d34b4c34b1a8091a5bea3663,ca1a2a6308834baba3140b5ce8f81320,75efe5ddef364f49865d9bb283492b48,b69c17a10a55494d8caa56c33e8f4a56,df7ea50171af48df81584ab7e8107d15,52f20bd7eb50430c95f0916727880a1b,0d0973762130427eaa2ce9a7a34517db,1ad0cf33e96243888d5f970195a75586,47eb17da319d440aa52da8008c26327a,6bedb2d6ace34e18811b7f1206b2d1b0
0acc73aefb2c4bd4ac88e33303c8f082,19593c97fef0474dbe6051e28338f1e9,de6ac628a786435f9925c8cc1d707d6b,99a52c93a3304ec18dab9206f98f2a8b,ffc5805e29a74be0a55b40318aa321d7,643fbbdd6b764ba9904a4ee67a86b9fd,89e983dca0a34b768e17b3871b9cea1e,b40d3c588ad647ff85e397a6bc5f9d8b,e511c40ca6324803b5021e47b4e777f8,bc13c2b0221744a29a8ddf56aa015df9,d756970269e9443fb9bbf645a96aa84e
c3b65a8844a544c6a4819d750555f39c,19593c97fef0474dbe6051e28338f1e9,de6ac628a786435f9925c8cc1d707d6b,99a52c93a3304ec18dab9206f98f2a8b,ffc5805e29a74be0a55b40318aa321d7,89e983dca0a34b768e17b3871b9cea1e,b40d3c588ad647ff85e397a6bc5f9d8b,643fbbdd6b764ba9904a4ee67a86b9fd,e511c40ca6324803b5021e47b4e777f8,ad42c467d0fe43dbb328073f9a16bc4d,bc13c2b0221744a29a8ddf56aa015df9
3ec39a285da042a1bb003186e6c26bdc,8d595c7da42545c88052e7b213b6c97c,4422777ed51142a99aacf05f446cfea1,99a52c93a3304ec18dab9206f98f2a8b,dee9eddb2eac41bfaf36d3279d43674a,f5a9583711fc4ff4a46e85c24886b234,643fbbdd6b764ba9904a4ee67a86b9fd,e511c40ca6324803b5021e47b4e777f8,1aef014473b84ef9a0f799114fe516c9,89e983dca0a34b768e17b3871b9cea1e,cc243eebbb2b44a581745865a60c423a
7abfc7f5744b4188b357bacc5c42c49e,8d595c7da42545c88052e7b213b6c97c,4422777ed51142a99aacf05f446cfea1,1aef014473b84ef9a0f799114fe516c9,99a52c93a3304ec18dab9206f98f2a8b,89e983dca0a34b768e17b3871b9cea1e,f5a9583711fc4ff4a46e85c24886b234,3cb231e1167e45f9bf5771a4e0074092,e511c40ca6324803b5021e47b4e777f8,cc243eebbb2b44a581745865a60c423a,8f0e477fc779414e9b47995c0b25a87d
9405bc1ec9c249e080970a1f105edabe,599feb1e512c43ad8c0a1845922acf78,df0c94234d9d4890b5b4b95c441b3e9a,79721c9bb6a54ecdb3d0a0f4011762c1,57bcda73abab44ee930b20cdaee9d24b,78d0265d47df4f4cb7153da919763730,55c0b899937042c98162389b209aca7f,9094e936e13641cc9bfcc7dc1408d86e,7dd5e88dfdd24cafab2c765939757354,30f654c6e69e48888f9f42dd95ab3c77,f69855cdf66d4f6887ecfd0ddb9014b5
1fe6a337c9114514b3e8dd154c2bda5b,ed4449952a9e45339b76fc5f123cb917,df0c94234d9d4890b5b4b95c441b3e9a,79721c9bb6a54ecdb3d0a0f4011762c1,5605fa1188974644937bbf92fec50e21,0accd1d0138b49049d437c0d9b1c23c3,55c0b899937042c98162389b209aca7f,e7ee85dd47ca43eeb2fdcd70b802f0ec,e511c40ca6324803b5021e47b4e777f8,7dd5e88dfdd24cafab2c765939757354,8a9dc60359ba49cd8ac170cfb4ac3913
31557bdb4eee40258e47e89e445b788a,599feb1e512c43ad8c0a1845922acf78,df0c94234d9d4890b5b4b95c441b3e9a,79721c9bb6a54ecdb3d0a0f4011762c1,57bcda73abab44ee930b20cdaee9d24b,78d0265d47df4f4cb7153da919763730,55c0b899937042c98162389b209aca7f,9094e936e13641cc9bfcc7dc1408d86e,30f654c6e69e48888f9f42dd95ab3c77,7dd5e88dfdd24cafab2c765939757354,f69855cdf66d4f6887ecfd0ddb9014b5
73dbecd0253544b594d72bdfb45f3f7e,ed4449952a9e45339b76fc5f123cb917,df0c94234d9d4890b5b4b95c441b3e9a,79721c9bb6a54ecdb3d0a0f4011762c1,5605fa1188974644937bbf92fec50e21,0accd1d0138b49049d437c0d9b1c23c3,e511c40ca6324803b5021e47b4e777f8,e7ee85dd47ca43eeb2fdcd70b802f0ec,55c0b899937042c98162389b209aca7f,35d06fce2df446569702778e2250bd82,268f8ec9f2734029a8e75857db56ccb3
e6d9f19b6de24f86aa66f9c5fd05e823,99ba4cc9355f4d79a68bc69ac12a716f,230b9ef63ea240e9b61a18f41473f942,5537ddec608a4ec586ea068fa27547ca,a64f6232ee1e4357937008a327a63cf4,93dc50abd35349f7923100dca2f41002,643fbbdd6b764ba9904a4ee67a86b9fd,eff24b01b2f5428baa4c3fef6cb40d41,b23a9c50eada4286a4f7ce8668b92db1,c4b9d7a8d5d342459d2282589b3af293,48c31b1e2ce94de8968fab433813fa91
81cace07bfd24a26846b03e46c6ad161,e1c63000ace94c1d9381d82389fe6afd,a64f6232ee1e4357937008a327a63cf4,230b9ef63ea240e9b61a18f41473f942,0c9c05f86aa042abbdd66d2b2d05d374,5537ddec608a4ec586ea068fa27547ca,1232f20e710b448e8c0538b9e84dab1c,eff24b01b2f5428baa4c3fef6cb40d41,590df34aa41f46e9ad13ffc6a98da3b7,93dc50abd35349f7923100dca2f41002,afaf2edba0ee4d58860a5a04e4aabc5c
90e717813d404c9f925935c7cfaf747d,e1c63000ace94c1d9381d82389fe6afd,a64f6232ee1e4357937008a327a63cf4,230b9ef63ea240e9b61a18f41473f942,0c9c05f86aa042abbdd66d2b2d05d374,5537ddec608a4ec586ea068fa27547ca,1232f20e710b448e8c0538b9e84dab1c,eff24b01b2f5428baa4c3fef6cb40d41,590df34aa41f46e9ad13ffc6a98da3b7,afaf2edba0ee4d58860a5a04e4aabc5c,93dc50abd35349f7923100dca2f41002
e5fa255c55ca4255a1a6ad8c11fe54a0,e1c63000ace94c1d9381d82389fe6afd,0c9c05f86aa042abbdd66d2b2d05d374,99ba4cc9355f4d79a68bc69ac12a716f,5537ddec608a4ec586ea068fa27547ca,1232f20e710b448e8c0538b9e84dab1c,43ee0103cba54b4e9d165717735ca0f6,e4fcd30261804b089efa940359057ba2,a94cb58f1ca8456b96e39b5b1ebfb7ea,13cda6e8f2d948eeb5508288a172e76f,938147b72e9540da8513910871e0830a
e62461979ead477d9cc7f369964f28d9,99ba4cc9355f4d79a68bc69ac12a716f,230b9ef63ea240e9b61a18f41473f942,5537ddec608a4ec586ea068fa27547ca,a64f6232ee1e4357937008a327a63cf4,93dc50abd35349f7923100dca2f41002,643fbbdd6b764ba9904a4ee67a86b9fd,c4b9d7a8d5d342459d2282589b3af293,0e8487b2e6a2439b9e6623a1e2e5e19d,eff24b01b2f5428baa4c3fef6cb40d41,48c31b1e2ce94de8968fab433813fa91
5a783edaf5cc4401bef507ec0bf50b74,01bbbf1caa554d94b5decb69cc1add41,a4af9472683c4df0a86f9400c99c2b61,8683a3ad55d84a78834fabe20cde5269,98fbdf945d0c4206a48a4f7260e56017,4e4495962a9b4864882397042f1a2b3e,384b14b18c3c43b1a4dc1aa2f661e076,514537782f6549c488a1b932939b4128,0f785440b29548e1a1968868262fd42e,8fdee0611965465eb45387b8c39f4136,e96fae6d607246b18b8494aabe521036
07ede7933f83489091e7ac09e75bd135,01bbbf1caa554d94b5decb69cc1add41,a4af9472683c4df0a86f9400c99c2b61,98fbdf945d0c4206a48a4f7260e56017,8683a3ad55d84a78834fabe20cde5269,514537782f6549c488a1b932939b4128,384b14b18c3c43b1a4dc1aa2f661e076,4e4495962a9b4864882397042f1a2b3e,0f785440b29548e1a1968868262fd42e,7fe9e665bf41491c9788941aa2894a10,e96fae6d607246b18b8494aabe521036
e0a1bb27279d4bb8ac27a733753d7c54,5455e62f52ae4e03b2a5d0e8b9899506,3f23eafbd9cc4e209aca631fd6fc9dfd,039a871609044cb1b69f70c082fe61d8,be70e49b76c24527b4fddfb6b78b6d8d,f91157bb8fca4a8e98db33591a76be9a,521004289ebc4e6da6623381d40a5e73,35c5a560ecdc4d6a9d20f057ed1fa0e6,f69855cdf66d4f6887ecfd0ddb9014b5,cb550e5ff4694fe9a19eaa6588cef250,a94cb58f1ca8456b96e39b5b1ebfb7ea
8d21526a81804f01b67fc9c7431368d4,5455e62f52ae4e03b2a5d0e8b9899506,3f23eafbd9cc4e209aca631fd6fc9dfd,039a871609044cb1b69f70c082fe61d8,be70e49b76c24527b4fddfb6b78b6d8d,f91157bb8fca4a8e98db33591a76be9a,521004289ebc4e6da6623381d40a5e73,35c5a560ecdc4d6a9d20f057ed1fa0e6,f69855cdf66d4f6887ecfd0ddb9014b5,cb550e5ff4694fe9a19eaa6588cef250,a94cb58f1ca8456b96e39b5b1ebfb7ea
e099db4616e745afa30336180e470463,be70e49b76c24527b4fddfb6b78b6d8d,5455e62f52ae4e03b2a5d0e8b9899506,9500823cb050427696343b1ea5cf8881,35c5a560ecdc4d6a9d20f057ed1fa0e6,3f23eafbd9cc4e209aca631fd6fc9dfd,f91157bb8fca4a8e98db33591a76be9a,521004289ebc4e6da6623381d40a5e73,ad3d372fbf054ea1ad06cfcb7490df4b,a94cb58f1ca8456b96e39b5b1ebfb7ea,44f41e6e6faa4facb0bb9a72205229f8
4d9da4498edb406687e88c877d40d0b5,b01fd4d037a84a7aa777e1fc345c73c5,afac6ae28fac41dabae96696990c5555,13aca0959cc948cabeee0d7255f55a65,bb6ecabbce1b43d997d00d7acdc95193,ee337b5c1ef3431e9c120250bfec4cac,4230775a9d51448396cacb9061f0e5f9,fc70a4c2c4834e0eba1a14470f563b03,a8904adcdd21495f890bc614bfdbf86f,716a15d66b63424a8068da89e75733b4,d37bf09399d848df9a4d880fb097239c
1878f6ecc3cd4ae098c87cb8f6d6f75f,b01fd4d037a84a7aa777e1fc345c73c5,afac6ae28fac41dabae96696990c5555,13aca0959cc948cabeee0d7255f55a65,bb6ecabbce1b43d997d00d7acdc95193,ee337b5c1ef3431e9c120250bfec4cac,4230775a9d51448396cacb9061f0e5f9,fc70a4c2c4834e0eba1a14470f563b03,a8904adcdd21495f890bc614bfdbf86f,716a15d66b63424a8068da89e75733b4,887e323cc38f4cf8adc5970617f1c286
122f81ffea0d4ee8a8e0e80dabd6753a,af648fa7ac6c4c50a246de470329cd83,bb6ecabbce1b43d997d00d7acdc95193,4230775a9d51448396cacb9061f0e5f9,b01fd4d037a84a7aa777e1fc345c73c5,fc70a4c2c4834e0eba1a14470f563b03,ee337b5c1ef3431e9c120250bfec4cac,13aca0959cc948cabeee0d7255f55a65,d7618b61a65a4bc1a0d0f2cc1bddc448,a8904adcdd21495f890bc614bfdbf86f,716a15d66b63424a8068da89e75733b4
341c198c08bf4223af06fe1151b3d336,af648fa7ac6c4c50a246de470329cd83,bb6ecabbce1b43d997d00d7acdc95193,4230775a9d51448396cacb9061f0e5f9,b01fd4d037a84a7aa777e1fc345c73c5,fc70a4c2c4834e0eba1a14470f563b03,ee337b5c1ef3431e9c120250bfec4cac,13aca0959cc948cabeee0d7255f55a65,d7618b61a65a4bc1a0d0f2cc1bddc448,a8904adcdd21495f890bc614bfdbf86f,716a15d66b63424a8068da89e75733b4
6936423214e640f58de191bcbb19cfc0,db620271348d404a9a0b978d96c63f29,f12e9e5805534d719f829332d1ea5d29,e903085a3f944ad2a41c37306b4e6ab4,2c8eafa0ff26437a862dc2224ab57073,61d2391e8bc548b6bfa08f1ef2a0c47a,0568345606fa4a2c84ed4ea6c74639ee,de72d25d08da4b03ac6f6411ce30e07c,dbf0926f9f344f1d88b114660db4d2eb,9a500a20b1ff4694acc31339a8d1349e,21019944fc2c4838a682a6dcdc62c4ef
c0ca5bae25e84345bcf7f81daaa9a287,db620271348d404a9a0b978d96c63f29,57430214baf045cb92fa3b3b70a4ca3f,75efe5ddef364f49865d9bb283492b48,e903085a3f944ad2a41c37306b4e6ab4,7584980704ae4617bb27ca162cc9c5db,f12e9e5805534d719f829332d1ea5d29,f5a9583711fc4ff4a46e85c24886b234,cd6ce920d00e4d17a6cf04f9f7e550b7,dbf0926f9f344f1d88b114660db4d2eb,4385ac4645b34f3c8a44c4676ebcd8be
ca2cd162b500466a989318642fa8e5e8,051d304b7139431fb3bff19b4e75aff7,dbf0926f9f344f1d88b114660db4d2eb,e06d08ff594a4acbac12edf579743fcf,f9fe93fae6084350b81964d354e2130f,4c67cc7a1ccc496db132636e3f4853a2,f335a944a27a4504a82ecf70c2d4a5e4,403835bbf2f1447188bcc78e062b0028,ec4820b018a04967a457a9c032a51dc6,2c8eafa0ff26437a862dc2224ab57073,dbb3fe11ad004895b302a84e7c066fcc
5eea07beb98f41d89ef2eb45e27d65dc,051d304b7139431fb3bff19b4e75aff7,dbf0926f9f344f1d88b114660db4d2eb,e06d08ff594a4acbac12edf579743fcf,f9fe93fae6084350b81964d354e2130f,4c67cc7a1ccc496db132636e3f4853a2,f335a944a27a4504a82ecf70c2d4a5e4,ec4820b018a04967a457a9c032a51dc6,2c8eafa0ff26437a862dc2224ab57073,403835bbf2f1447188bcc78e062b0028,dbb3fe11ad004895b302a84e7c066fcc
75f3f9e03bd5407ba9a8ed4058d70b42,52ee59901f3b4de884d7a6720538aed6,ff51ca928cd54f4da620c27983e221f8,34b736136487439389c10cc6bd4e9f4e,b90d74e80c37486eaee89b6fbab13671,f37d285ad0de42f0b1546d0d1acfb221,5537ddec608a4ec586ea068fa27547ca,63eab812f3254cccb9631b09725aec3d,6c874292dbcc49ff8bb8bbe5643593a5,e343a998f4df4ac195c84e0fb571a393,8dfe01febd46475ab5aef97033716ce1
134c16196b09479bb303d2505e8029e3,52ee59901f3b4de884d7a6720538aed6,ff51ca928cd54f4da620c27983e221f8,34b736136487439389c10cc6bd4e9f4e,b90d74e80c37486eaee89b6fbab13671,5537ddec608a4ec586ea068fa27547ca,8dfe01febd46475ab5aef97033716ce1,d695b7afdc3841a28a56df578e56afce,e343a998f4df4ac195c84e0fb571a393,99dbf0cd0c6343ffbcf97f04efc4143c,ffc5805e29a74be0a55b40318aa321d7
62f621f26198469bbe4acc3c211ac044,9c69642fab6749848e7ea7f5406a6da4,f69dcaceb6074ddebfe1dc7e5978fcff,ff51ca928cd54f4da620c27983e221f8,daed5458403e49e3aea72f4bcc6dd224,3cb231e1167e45f9bf5771a4e0074092,e343a998f4df4ac195c84e0fb571a393,23199e1859544647893a97ea365c5c83,590df34aa41f46e9ad13ffc6a98da3b7,b83013f4c5524232814efa0f8651867f,bbdf9065122d499d9d8f80ad3e0ef6f3
e9102a403ab3412e96b169e8b54422da,9c69642fab6749848e7ea7f5406a6da4,ff51ca928cd54f4da620c27983e221f8,f69dcaceb6074ddebfe1dc7e5978fcff,daed5458403e49e3aea72f4bcc6dd224,3cb231e1167e45f9bf5771a4e0074092,590df34aa41f46e9ad13ffc6a98da3b7,cb75c6ef71cb4991805920f2894e0e96,23199e1859544647893a97ea365c5c83,e1c63000ace94c1d9381d82389fe6afd,e343a998f4df4ac195c84e0fb571a393
dc99976a66254d64893ce4ea5c1381f9,0092d1d820c64646b8bee9fd14f77acf,2ea3b46262e649f79900258cd90cce31,c750a2994555414790abb3281572bb42,bf789f42ccfc42c5a330a3f6e30ddb83,d476be2399b7424a88d242b771c32041,3356a8a8c6ee4f30bc2b028e360d4471,5a6f4a2f7f6a4b1fa146493472e6d721,ec07b4e88bea4086a5eafed96d81edb5,36ac84a73ad34261ad45cf569edb60af,a0b4d283f12a407286dbeaa3a4d128a5
a837b40016284aef83d53d8096b2f4c1,0092d1d820c64646b8bee9fd14f77acf,b8995466f0eb4e7ba141e23216e8b974,2ea3b46262e649f79900258cd90cce31,bf789f42ccfc42c5a330a3f6e30ddb83,37ae696e40dd42ebb4738722daa3c523,4a6eba10a02a4ecdbb6b25e8651c3789,b90d74e80c37486eaee89b6fbab13671,291130c42a884be2800e026bab5ddf53,50aa0f56e00d4c23ac78b3e63bc0f0e1,14ca42308d3141fba50b774042144343
066e11859105406c8b337a9c79f27900,b8995466f0eb4e7ba141e23216e8b974,0092d1d820c64646b8bee9fd14f77acf,2ea3b46262e649f79900258cd90cce31,bf789f42ccfc42c5a330a3f6e30ddb83,37ae696e40dd42ebb4738722daa3c523,4a6eba10a02a4ecdbb6b25e8651c3789,f879b316413f45d2b64bb25e3f45a667,43ee0103cba54b4e9d165717735ca0f6,590df34aa41f46e9ad13ffc6a98da3b7,14ca42308d3141fba50b774042144343
eacbaee168e04572a043403932038ea4,43ee0103cba54b4e9d165717735ca0f6,e3854d75221c4e38879a6106bb5c1941,e834bfbd30b247e899f0dc029ab9f072,bf789f42ccfc42c5a330a3f6e30ddb83,04537eabb0434eb2804d1220770b85a0,e53dd6188816429ab915de6f9649a026,afaf2edba0ee4d58860a5a04e4aabc5c,71c1a8479b194efca65b44fb7f327afb,7ef653f7e5f64e1b8bba73b9518b87b7,dee9eddb2eac41bfaf36d3279d43674a
87525176aae14b4594b3cc3538652572,d361a9e414fb41c1a605200d9cbba496,e3854d75221c4e38879a6106bb5c1941,e834bfbd30b247e899f0dc029ab9f072,bf789f42ccfc42c5a330a3f6e30ddb83,23a16d69ffe848d593a4808907d8aa98,04537eabb0434eb2804d1220770b85a0,7960902edf4b47d686f704441aa56b0e,34b736136487439389c10cc6bd4e9f4e,afaf2edba0ee4d58860a5a04e4aabc5c,f879b316413f45d2b64bb25e3f45a667
6f4c5ace8efc459ea9630b048d4f0f65,d9096650c434432c871effeca9acd5c6,ba8d0208e32e42969bd4349cf24f6ed1,a055f8188384479a8bad418f7dffd9a5,0b57f893483647c3aed811775a4c4c04,f8e7f9688fd546829da579434180ffee,4d5cbe57c3094d01843e4f950a280b50,cffbff4deb374fcf850c679899c6e3f8,d0e41bf891254ba0872f1641139f84f6,f2cfa68a47ce4a43a0fe1cc7dc860418,f7f600880b064920ab59b907d26aedc6
492fe644141442369b9490599c32871c,2070754bb5dd4a248be9c2a6a1a9d381,f2cfa68a47ce4a43a0fe1cc7dc860418,f9fe93fae6084350b81964d354e2130f,e4fcd30261804b089efa940359057ba2,f8e7f9688fd546829da579434180ffee,599feb1e512c43ad8c0a1845922acf78,34b736136487439389c10cc6bd4e9f4e,a4af9472683c4df0a86f9400c99c2b61,afaf2edba0ee4d58860a5a04e4aabc5c,7d6cdff8c9ac434196df803628fe9f62
c5430389b16b4cef9f052e00355bb0bd,d9096650c434432c871effeca9acd5c6,ba8d0208e32e42969bd4349cf24f6ed1,a055f8188384479a8bad418f7dffd9a5,0b57f893483647c3aed811775a4c4c04,f8e7f9688fd546829da579434180ffee,4d5cbe57c3094d01843e4f950a280b50,cffbff4deb374fcf850c679899c6e3f8,d0e41bf891254ba0872f1641139f84f6,f2cfa68a47ce4a43a0fe1cc7dc860418,f7f600880b064920ab59b907d26aedc6
fe4ef0b1b959405da9233fffe5a1a8ba,baad022010b44fad8d8410869d909fd1,2070754bb5dd4a248be9c2a6a1a9d381,f9fe93fae6084350b81964d354e2130f,f2cfa68a47ce4a43a0fe1cc7dc860418,01ffceddb5b34406a08bb982b424b3cf,f8e7f9688fd546829da579434180ffee,599feb1e512c43ad8c0a1845922acf78,7d6cdff8c9ac434196df803628fe9f62,dcfb738ebbc24f09bb680fe3a52b702e,a4af9472683c4df0a86f9400c99c2b61
8b45a559d8f643aabfc6ce1311e615f6,9daaefe080b34656a0c7a54d2d6a1713,0592b57e490d4206a3f12eb004a0afe0,a0b4d283f12a407286dbeaa3a4d128a5,a70909d3ce0d4235913b5ce6a138dcce,31f80e4c87164e2893375ec7e73b372e,ca0fe2dd97434e2ca7aecc38d4f1fcd9,e4fcd30261804b089efa940359057ba2,8c7c9eaae41a44a3a4ebe39ce167d300,19b81e71e7f04ebcbfade9daa899ed3d,b52468fc0af2435f9ba91939f72bbf6a
923cdbcba1f440f0b8e680f9bbe84bc0,b8da01ceddcb45a491a288ddbc658e90,1578afd6ce694d46ab6e24f965f51fd6,ca0fe2dd97434e2ca7aecc38d4f1fcd9,9460474d89704a68aaa6ccb62310ae3d,d65e3a3657ae455e954b6d7221afc84c,5f481b07f9734f518a14853831233b78,9fd4c00672d84215b3e21812aef3d6ac,9dd98c9126c44642a20711729f2e731e,01930613ce7d4a5f90ccf78d1e92a55d,bc13c2b0221744a29a8ddf56aa015df9
ce803c95614a408cbf9b99166b3a9db0,b8da01ceddcb45a491a288ddbc658e90,1578afd6ce694d46ab6e24f965f51fd6,9460474d89704a68aaa6ccb62310ae3d,ca0fe2dd97434e2ca7aecc38d4f1fcd9,5f481b07f9734f518a14853831233b78,d65e3a3657ae455e954b6d7221afc84c,9948a890ef25479e834f70944cb42eae,01930613ce7d4a5f90ccf78d1e92a55d,9fd4c00672d84215b3e21812aef3d6ac,c66c6f1449d44728a2ef72de53dd6d5e
4a9f5a00cf914c0cb76a4ee585a73675,9daaefe080b34656a0c7a54d2d6a1713,0592b57e490d4206a3f12eb004a0afe0,a0b4d283f12a407286dbeaa3a4d128a5,a70909d3ce0d4235913b5ce6a138dcce,31f80e4c87164e2893375ec7e73b372e,ca0fe2dd97434e2ca7aecc38d4f1fcd9,14ca42308d3141fba50b774042144343,f31e9fdffaa642ed98e91b07a30f3a8c,b52468fc0af2435f9ba91939f72bbf6a,8c7c9eaae41a44a3a4ebe39ce167d300
61251687d2444fe8b74dce9025233ead,230b9ef63ea240e9b61a18f41473f942,99ba4cc9355f4d79a68bc69ac12a716f,a64f6232ee1e4357937008a327a63cf4,5537ddec608a4ec586ea068fa27547ca,7326afe68eb64b63993b3dae022c645d,f2ef424352f14dda92691047ee9f15fa,3c1b91a23b694da1973dbc5f75f2f3ed,f439b5616ba24b7f82eccfa095a0eff8,a9573f188204436090fb4a5240e4eccd,b0d2e6c4b2384950b3696c4414870282
42f90bf7d5ef47d8b2f88399cb0f3a2e,230b9ef63ea240e9b61a18f41473f942,99ba4cc9355f4d79a68bc69ac12a716f,a64f6232ee1e4357937008a327a63cf4,5537ddec608a4ec586ea068fa27547ca,7326afe68eb64b63993b3dae022c645d,b0d2e6c4b2384950b3696c4414870282,a9573f188204436090fb4a5240e4eccd,f2ef424352f14dda92691047ee9f15fa,3c1b91a23b694da1973dbc5f75f2f3ed,1004b33e3126472faa78e1929ed974e6
b3c99c83d4e34424adca9ea35f3016b4,99ba4cc9355f4d79a68bc69ac12a716f,590df34aa41f46e9ad13ffc6a98da3b7,e1c63000ace94c1d9381d82389fe6afd,0c9c05f86aa042abbdd66d2b2d05d374,ce4fdd5499f8498793c11e586f7da70c,f37d285ad0de42f0b1546d0d1acfb221,eff24b01b2f5428baa4c3fef6cb40d41,da61d9bc8f024a4aba18d5c3072b7838,ec07b4e88bea4086a5eafed96d81edb5,5537ddec608a4ec586ea068fa27547ca
cc2355a9c26249c0b3722824339d73f5,99ba4cc9355f4d79a68bc69ac12a716f,590df34aa41f46e9ad13ffc6a98da3b7,e1c63000ace94c1d9381d82389fe6afd,0c9c05f86aa042abbdd66d2b2d05d374,eff24b01b2f5428baa4c3fef6cb40d41,ce4fdd5499f8498793c11e586f7da70c,f37d285ad0de42f0b1546d0d1acfb221,b77d8b7bb0114c379139d280a9210e83,ec07b4e88bea4086a5eafed96d81edb5,da61d9bc8f024a4aba18d5c3072b7838
7e2f96b3e0ce428cb02c7ab9d85a8cca,7f5b658239034d35b7f4cf1c63cb388c,b83013f4c5524232814efa0f8651867f,ec5fe0d3a2a2426ea4e49a5c0ad44e04,27fe100af7884932a33bf30f10dacc55,beccee3a988f48c1ad207e2380766fa4,40f040fd5c824c8e8e710af1fdf70b5f,f6507bae2aaa4785842167f8320428b3,08ecf89bc10942a4bd894482f6fcdfa7,aaab880f032a4e00904cf50566164044,cf7476d6c96b4dcdb6f025b9291eb62b
c1de7b286d874eeab76f13a3c0d2f90f,898eabaaa1a047e18aecbb1c5a8decbf,ec5fe0d3a2a2426ea4e49a5c0ad44e04,b83013f4c5524232814efa0f8651867f,beccee3a988f48c1ad207e2380766fa4,10b152bdafe94db8a93f7c374226a071,27fe100af7884932a33bf30f10dacc55,40f040fd5c824c8e8e710af1fdf70b5f,08ecf89bc10942a4bd894482f6fcdfa7,b0236c76ae244fd8aacbea7da10e55ca,d445ccdb4cda497e9f0343a3298022d2
e61649949748401a9d06187bc97c8b58,898eabaaa1a047e18aecbb1c5a8decbf,ec5fe0d3a2a2426ea4e49a5c0ad44e04,b83013f4c5524232814efa0f8651867f,beccee3a988f48c1ad207e2380766fa4,10b152bdafe94db8a93f7c374226a071,27fe100af7884932a33bf30f10dacc55,d445ccdb4cda497e9f0343a3298022d2,ee337b5c1ef3431e9c120250bfec4cac,716a15d66b63424a8068da89e75733b4,e5a3c8867e44498d9182e8be934e0fce
b81b07771bcd450f9d8eaba7182f30c7,7f5b658239034d35b7f4cf1c63cb388c,b83013f4c5524232814efa0f8651867f,ec5fe0d3a2a2426ea4e49a5c0ad44e04,27fe100af7884932a33bf30f10dacc55,beccee3a988f48c1ad207e2380766fa4,40f040fd5c824c8e8e710af1fdf70b5f,aaab880f032a4e00904cf50566164044,acbf8eae7e064c11bab7adf66f216990,74644c8cc17449cf89379868e7b21398,d445ccdb4cda497e9f0343a3298022d2
10477b255a0f4b31bdc6941e131708f6,444fa28d9ed54c82a522699041eae592,db0c3a952e454b90aa4a68feb6a50e87,9909a671f7414c19b2727e7d4d4dcf1b,2c65a898314b42e6b2e93dca66fd15c2,7d5c0a2bfccf4255a43d9bd0f84a6d3a,d7c9dafddaf547159d366dacf7b68a7e,563043f180e54e238ad4876974e5db4c,6dc5832f0ac04df2bd99c6415b3ecf09,2939ef012c5c4a1b94b49df9469dfb3c,250d411ae270441085be3501b7b55d86
98224d85c5a5408b97fc3f91e37c6172,ec580ac6dd7149fb8a0a5a5d8b0f5b08,db0c3a952e454b90aa4a68feb6a50e87,250d411ae270441085be3501b7b55d86,1aef014473b84ef9a0f799114fe516c9,434551fdf9e443ed91679a9557ae6fd5,033f1514c78b49dd82148b94f6bcbeba,56272326c7e94e419ea8c69fb634f610,0cc5015848a044b59fa4b290813f859c,f532294d68604bc2aa9ad8804a8c6d5f,2c65a898314b42e6b2e93dca66fd15c2
9cde6cf03d36463a9fa125c9a5d8579b,444fa28d9ed54c82a522699041eae592,db0c3a952e454b90aa4a68feb6a50e87,2c65a898314b42e6b2e93dca66fd15c2,1ad0cf33e96243888d5f970195a75586,250d411ae270441085be3501b7b55d86,7862a63720b34104abf5bfa44bc8178d,c235728f290a44d6a5fc2e14111ae02e,56272326c7e94e419ea8c69fb634f610,033f1514c78b49dd82148b94f6bcbeba,31a2675a2e944a1ab3b810cfb92ebd34
97496eac7339419799091685c1a6c966,444fa28d9ed54c82a522699041eae592,ec580ac6dd7149fb8a0a5a5d8b0f5b08,db0c3a952e454b90aa4a68feb6a50e87,8b4e9e3d234e4eec99a7651e246bbfa3,0568345606fa4a2c84ed4ea6c74639ee,0cc5015848a044b59fa4b290813f859c,2939ef012c5c4a1b94b49df9469dfb3c,26e55eb4d910464497d700bfdf5a36ca,0592b57e490d4206a3f12eb004a0afe0,11e1e3cdfe214385a2c24d0f957dde9b
308e1406bba647a6afa6645b35e09bbd,e429a2e164a24919a12edcc8d4ea8f09,75801225047a4c019100660c13f1e0f1,c74557a980e2428a9ffcc245278df692,35d06fce2df446569702778e2250bd82,8889c114b071429cbe2418f5b0f2024b,d658e3a743af41899183fecff6b2628d,57bcda73abab44ee930b20cdaee9d24b,7960902edf4b47d686f704441aa56b0e,2b039224b54142d185a406b31fe01de2,e834bfbd30b247e899f0dc029ab9f072
eaae15d0cec34edcba4d16f18e51feeb,e53dd6188816429ab915de6f9649a026,bc13c2b0221744a29a8ddf56aa015df9,e511c40ca6324803b5021e47b4e777f8,99a52c93a3304ec18dab9206f98f2a8b,7d0190486da540718e4dc4ca4bd1f573,e834bfbd30b247e899f0dc029ab9f072,89e983dca0a34b768e17b3871b9cea1e,5e2f1a45f7174f1aa39a194179985876,04537eabb0434eb2804d1220770b85a0,643fbbdd6b764ba9904a4ee67a86b9fd
2fa2158b5d3142e1a336b9938e7ec3e4,570f08ce2a1a47978eab16bf7ad16a68,e2e0c8c96aff4c00896ac6986bbb20c2,b3a022950e444682a113cec5a0537f6a,1ade4365590a4ac7865100d8c791e340,d75a52d716984f318f976bbfc7bee787,7bbe3c76bcc04d73969f920d43fcc67d,a4af9472683c4df0a86f9400c99c2b61,54e9bbd0093947a3bda5fef48ef7493d,3e59b61eb70146308db2308b988b54cf,27a0d24dc1e14b28a1f18456b29c93f1
b3e94875f12a46d49a18038edf575672,570f08ce2a1a47978eab16bf7ad16a68,b3a022950e444682a113cec5a0537f6a,e2e0c8c96aff4c00896ac6986bbb20c2,1ade4365590a4ac7865100d8c791e340,d75a52d716984f318f976bbfc7bee787,7bbe3c76bcc04d73969f920d43fcc67d,a4af9472683c4df0a86f9400c99c2b61,27a0d24dc1e14b28a1f18456b29c93f1,c1def54262224e23acf67a9870725ce5,fc430b7683934be2aba12468b2409bb8
bb76a200223d446492dbeb01f3dcd83c,211ef3181e524685866fb8574d9bf456,105ad424733e4cffa7c474b51e3980aa,67dd23cfd20f46dc82acc82c108a1dc6,97959d02a64f4a3fbbebe7cbece6c012,d8b3ad3b5c4e474db41a671ab286424f,d2bcc978e7aa49908919d9fc40138b27,b277101390e1465685ef79bf3519f8d7,77cecb221149474896d9b2eb848bf150,655a618282cd4fa39a26f0967c033f4b,e8927e14983a43da900edd926dd35adb
249ef4fd3a32489e875b8ff944f609e3,f65c7f50929f431dbf31b441d87616d0,3c0f3b44c0844df49b5898406fe9195a,211ef3181e524685866fb8574d9bf456,67dd23cfd20f46dc82acc82c108a1dc6,105ad424733e4cffa7c474b51e3980aa,97959d02a64f4a3fbbebe7cbece6c012,36ac84a73ad34261ad45cf569edb60af,d8b3ad3b5c4e474db41a671ab286424f,d2bcc978e7aa49908919d9fc40138b27,b277101390e1465685ef79bf3519f8d7
08a04363ed37468191357b12b4afa016,d445ccdb4cda497e9f0343a3298022d2,0e28ed072d6c444aa6f02e64955b44c6,77c8b175ca9d411b8d28d1ed0dc40304,77d8e01a914d4f4a8b87d407e0d741aa,7070715ef90743da8691dd4ad134eb0c,64d9091426f9461c97c98a5428856bcf,06b7dd1b701544ac80dd7ca54ed707cf,de1102228a324428989533278cd482f6,f6507bae2aaa4785842167f8320428b3,0a2c24dead204be9ae36be358e1223f9
62e089fa066d404daadaf7ab2e75f3c4,08ecf89bc10942a4bd894482f6fcdfa7,0e28ed072d6c444aa6f02e64955b44c6,77c8b175ca9d411b8d28d1ed0dc40304,77d8e01a914d4f4a8b87d407e0d741aa,7070715ef90743da8691dd4ad134eb0c,64d9091426f9461c97c98a5428856bcf,f6507bae2aaa4785842167f8320428b3,06b7dd1b701544ac80dd7ca54ed707cf,de1102228a324428989533278cd482f6,384b14b18c3c43b1a4dc1aa2f661e076
772aba18a7014577b8975d8f66f55383,d75a52d716984f318f976bbfc7bee787,b3a022950e444682a113cec5a0537f6a,84ff5144597241bba5cbd3d0b21d220d,f4474150010f4021a4620372062f3797,23a16d69ffe848d593a4808907d8aa98,de6ac628a786435f9925c8cc1d707d6b,35d06fce2df446569702778e2250bd82,570f08ce2a1a47978eab16bf7ad16a68,8dfe01febd46475ab5aef97033716ce1,c74557a980e2428a9ffcc245278df692
222088ceffe04fd9a94096cfb805d9aa,d75a52d716984f318f976bbfc7bee787,b3a022950e444682a113cec5a0537f6a,84ff5144597241bba5cbd3d0b21d220d,f4474150010f4021a4620372062f3797,23a16d69ffe848d593a4808907d8aa98,35d06fce2df446569702778e2250bd82,570f08ce2a1a47978eab16bf7ad16a68,7960902edf4b47d686f704441aa56b0e,022e16490d1949b9ab2fc1de5a837031,d716ea165223433a8d49b93e96989482
215fa8886dc743ea866c55c92e55275a,97959d02a64f4a3fbbebe7cbece6c012,f65c7f50929f431dbf31b441d87616d0,7fe9e665bf41491c9788941aa2894a10,d25e6f2fc8154dd7816f8f7a41bee12b,21019944fc2c4838a682a6dcdc62c4ef,7d6cdff8c9ac434196df803628fe9f62,3c0f3b44c0844df49b5898406fe9195a,34b736136487439389c10cc6bd4e9f4e,d8b3ad3b5c4e474db41a671ab286424f,e4ee90d625d44a6d9adc138390eef0f8
c15e316f43844831a8809cd85924e3b1,215f3d275db14601a0383885cbaad86e,33e2a95109e647cbb4ba2687631b169a,d75a52d716984f318f976bbfc7bee787,f4474150010f4021a4620372062f3797,016e634d566b49c199d07357aae9bf33,5abf57d57d84440e94d0d2e2ffb37575,e3854d75221c4e38879a6106bb5c1941,21eb9f06dd834a108d816efdf3aca8dc,7960902edf4b47d686f704441aa56b0e,245212a659504b9b9cdbaf1ab1d040ff
fb89d31587634cee9cf443d998d56245,97959d02a64f4a3fbbebe7cbece6c012,f65c7f50929f431dbf31b441d87616d0,7fe9e665bf41491c9788941aa2894a10,21019944fc2c4838a682a6dcdc62c4ef,d25e6f2fc8154dd7816f8f7a41bee12b,7d6cdff8c9ac434196df803628fe9f62,3c0f3b44c0844df49b5898406fe9195a,3766b26b53874893ae48693880e1942c,e4ee90d625d44a6d9adc138390eef0f8,f4474150010f4021a4620372062f3797
a9c15421f19d4bfca5a2210dbafbd327,7bbe3c76bcc04d73969f920d43fcc67d,88353d1136d24836816b073de62e5f50,4a7fa5a1bafe4b6995e2920444ac07c4,e2e0c8c96aff4c00896ac6986bbb20c2,e88ce4cd350f43398a5c0ab8629cee72,65e52d14d4d64d4fbad3de6ad319e745,26b18153216b48d793b75598ddb54d77,3e59b61eb70146308db2308b988b54cf,6fbdacd3d8814ea2a13e81ee1ec128f2,50a2129b83404b94889a01f4688ebafd
405c71393da6481db0f9c471e6ff0b9f,7bbe3c76bcc04d73969f920d43fcc67d,88353d1136d24836816b073de62e5f50,4a7fa5a1bafe4b6995e2920444ac07c4,e2e0c8c96aff4c00896ac6986bbb20c2,e88ce4cd350f43398a5c0ab8629cee72,65e52d14d4d64d4fbad3de6ad319e745,26b18153216b48d793b75598ddb54d77,3e59b61eb70146308db2308b988b54cf,6fbdacd3d8814ea2a13e81ee1ec128f2,40a95697730046dcbb0d7ba1fe2109a6
10672c8813224cd19e1b65d21bfbf3fc,14f4db886cca4104877ac7d1d7a64133,40a95697730046dcbb0d7ba1fe2109a6,7bbe3c76bcc04d73969f920d43fcc67d,04fa591263664fb0a6868552ebd3590b,384f94503bcd4f4c863056ad69f45b43,e2e0c8c96aff4c00896ac6986bbb20c2,b4dadb3ea3a04cc3932094471debce13,50a2129b83404b94889a01f4688ebafd,1419b2c686f44896a0ae2a43e93b5402,a2612682d9854a30a7684c91c8619ec9
380188fc5ffb4a8db6256661aefa22ee,e2e0c8c96aff4c00896ac6986bbb20c2,b4dadb3ea3a04cc3932094471debce13,e88ce4cd350f43398a5c0ab8629cee72,b0236c76ae244fd8aacbea7da10e55ca,3d3e8565d2f84e0cad5ae622f2909765,88353d1136d24836816b073de62e5f50,02a3cd76ce534d188b4d5ac4778bd652,4a7fa5a1bafe4b6995e2920444ac07c4,40a95697730046dcbb0d7ba1fe2109a6,d2a03ea4b2d3439ca3dc6fe056ab0f04
78bedef4e219493c8b9a059437b0c690,e2e0c8c96aff4c00896ac6986bbb20c2,b4dadb3ea3a04cc3932094471debce13,e88ce4cd350f43398a5c0ab8629cee72,b0236c76ae244fd8aacbea7da10e55ca,3d3e8565d2f84e0cad5ae622f2909765,88353d1136d24836816b073de62e5f50,02a3cd76ce534d188b4d5ac4778bd652,4a7fa5a1bafe4b6995e2920444ac07c4,d2a03ea4b2d3439ca3dc6fe056ab0f04,40a95697730046dcbb0d7ba1fe2109a6
a73bf22ed53e478bbdb05661b2bb34bb,1393dac7d34b4c34b1a8091a5bea3663,64e74af099b0485f8b6e71ac73aa2cb8,da61e0de396149208c9ebd0fd6d7415d,f5bcc6f48ed2447581b401d453039866,e0ff5d4ae0ec4871a49041d550cdcaa9,7c1126d46a934db6b951d1e98feae327,033f1514c78b49dd82148b94f6bcbeba,1232f20e710b448e8c0538b9e84dab1c,797cc520b8c94d9bbef187818ab51647,27fe100af7884932a33bf30f10dacc55
f8807fdc0c904075885c336e24827732,64e74af099b0485f8b6e71ac73aa2cb8,b23a9c50eada4286a4f7ce8668b92db1,da61e0de396149208c9ebd0fd6d7415d,f5bcc6f48ed2447581b401d453039866,7c1126d46a934db6b951d1e98feae327,e0ff5d4ae0ec4871a49041d550cdcaa9,7f23e27e5652406784fdc2dea3918125,67dd23cfd20f46dc82acc82c108a1dc6,f59a3ee5387440d981754b6595e8664c,797cc520b8c94d9bbef187818ab51647
c21fcb50e9a24b558b8fcc3a2d0f2042,1393dac7d34b4c34b1a8091a5bea3663,b23a9c50eada4286a4f7ce8668b92db1,f5bcc6f48ed2447581b401d453039866,87fc1d6a57ea488786caaec8599c3b8b,7c1126d46a934db6b951d1e98feae327,6866efc8987a4ec8b04b7abd28fb5777,e0ff5d4ae0ec4871a49041d550cdcaa9,cae139b6e4914ce7b0ef1e68b8b857eb,033f1514c78b49dd82148b94f6bcbeba,d87e5facd03b45f9829e8a1cd0fe0190
0e4f6fd8c126417aad3dfe97ea1dee56,beccee3a988f48c1ad207e2380766fa4,7f5b658239034d35b7f4cf1c63cb388c,10b152bdafe94db8a93f7c374226a071,898eabaaa1a047e18aecbb1c5a8decbf,aaab880f032a4e00904cf50566164044,40f040fd5c824c8e8e710af1fdf70b5f,b83013f4c5524232814efa0f8651867f,0accd1d0138b49049d437c0d9b1c23c3,cf290994a83e4909aec30077477b9d04,009be1c3430743ff9b054bdfcd6228d6
11fd1036e3764df2a694b62f3f7a04ca,ec5fe0d3a2a2426ea4e49a5c0ad44e04,7f5b658239034d35b7f4cf1c63cb388c,10b152bdafe94db8a93f7c374226a071,aaab880f032a4e00904cf50566164044,40f040fd5c824c8e8e710af1fdf70b5f,898eabaaa1a047e18aecbb1c5a8decbf,b83013f4c5524232814efa0f8651867f,27fe100af7884932a33bf30f10dacc55,de1102228a324428989533278cd482f6,009be1c3430743ff9b054bdfcd6228d6
16f482cec0e0411f8a1d2610a2aacb63,ec5fe0d3a2a2426ea4e49a5c0ad44e04,7f5b658239034d35b7f4cf1c63cb388c,10b152bdafe94db8a93f7c374226a071,aaab880f032a4e00904cf50566164044,40f040fd5c824c8e8e710af1fdf70b5f,b83013f4c5524232814efa0f8651867f,898eabaaa1a047e18aecbb1c5a8decbf,27fe100af7884932a33bf30f10dacc55,de1102228a324428989533278cd482f6,009be1c3430743ff9b054bdfcd6228d6
cd59d2d18bf04a6a901a0110f5fc4b13,beccee3a988f48c1ad207e2380766fa4,7f5b658239034d35b7f4cf1c63cb388c,10b152bdafe94db8a93f7c374226a071,898eabaaa1a047e18aecbb1c5a8decbf,aaab880f032a4e00904cf50566164044,40f040fd5c824c8e8e710af1fdf70b5f,b83013f4c5524232814efa0f8651867f,0accd1d0138b49049d437c0d9b1c23c3,cf290994a83e4909aec30077477b9d04,de1102228a324428989533278cd482f6
a3447d7a1b25452ab7eb7228d9426dbb,50aa0f56e00d4c23ac78b3e63bc0f0e1,1d93c07de74c482ebf0a76ec564c3252,116f6c1f0cb54312986a0a729508a33e,8ad1f345ca194b29bde0a924f27b2de5,36472797459c462e910846109fa624fc,fe363cef357840fcb35f320fe7c27e4e,8c5f38853679436ba434b6a696e43168,716a15d66b63424a8068da89e75733b4,91f0da6d71574ababd8e868bddec9310,1c6bbf19b3d2498696a5baf0f53a0f18
bc979d6c4eac47c3bd21510ffe22054c,91f0da6d71574ababd8e868bddec9310,8af25c7ae8e14435a6e27a5671968f50,61d2391e8bc548b6bfa08f1ef2a0c47a,033f1514c78b49dd82148b94f6bcbeba,e429a2e164a24919a12edcc8d4ea8f09,50aa0f56e00d4c23ac78b3e63bc0f0e1,ef511457ee7c490c8e10eccf6e18fef6,c74557a980e2428a9ffcc245278df692,2d43cf91509846e29ab4febd7781919f,1d93c07de74c482ebf0a76ec564c3252
8033dc78a96946859252dbe5da10286d,e12ad1ce8e7940a999b9a4f91a95fab7,f1c9c5051bdd4a11a064260bbb9d6d7b,7226603f024c45c6a6e44b00e52e8aad,daed5458403e49e3aea72f4bcc6dd224,ccb62901750b4d13a922fc161b607f83,6866efc8987a4ec8b04b7abd28fb5777,6ea31a945d494834a3d243f1f90af02a,714e47cd21e5416f864a4bc938850a72,3d3e8565d2f84e0cad5ae622f2909765,9d09e3cd382c4d0ea0f6f50261e3e4c8
01ac48c3001b4c44a7b582ac608de711,d695b7afdc3841a28a56df578e56afce,ccb62901750b4d13a922fc161b607f83,6866efc8987a4ec8b04b7abd28fb5777,f12e9e5805534d719f829332d1ea5d29,f1c9c5051bdd4a11a064260bbb9d6d7b,8dfe01febd46475ab5aef97033716ce1,8dfd98bb97584157b207e1f4be471a8e,87fc1d6a57ea488786caaec8599c3b8b,7226603f024c45c6a6e44b00e52e8aad,e7aaa514f6f64a258a640ea341aa1a18
7c0d5434c5bc489793133ad27a07f74e,d695b7afdc3841a28a56df578e56afce,ccb62901750b4d13a922fc161b607f83,6866efc8987a4ec8b04b7abd28fb5777,f12e9e5805534d719f829332d1ea5d29,f1c9c5051bdd4a11a064260bbb9d6d7b,8dfe01febd46475ab5aef97033716ce1,8dfd98bb97584157b207e1f4be471a8e,7226603f024c45c6a6e44b00e52e8aad,e7aaa514f6f64a258a640ea341aa1a18,87fc1d6a57ea488786caaec8599c3b8b
37c59c24c4b344198d9d5abcdf597519,e12ad1ce8e7940a999b9a4f91a95fab7,7226603f024c45c6a6e44b00e52e8aad,f1c9c5051bdd4a11a064260bbb9d6d7b,ccb62901750b4d13a922fc161b607f83,daed5458403e49e3aea72f4bcc6dd224,6866efc8987a4ec8b04b7abd28fb5777,3d3e8565d2f84e0cad5ae622f2909765,714e47cd21e5416f864a4bc938850a72,9d09e3cd382c4d0ea0f6f50261e3e4c8,0568345606fa4a2c84ed4ea6c74639ee
70b93f2c45f0428a89fc7fd8ce0b6106,403835bbf2f1447188bcc78e062b0028,8dfe01febd46475ab5aef97033716ce1,ec4820b018a04967a457a9c032a51dc6,e06d08ff594a4acbac12edf579743fcf,e79ae27b52fa4d54aa37735fd275c66e,d695b7afdc3841a28a56df578e56afce,4e22dc65beb7450b9260cf27e50919e4,6b4676aba2a746b3ab778315afc8ee82,eabdd2813a954f9aa01f0eb8212ee387,d716ea165223433a8d49b93e96989482
b1b978d0d5a04bd69d56ef30d2af57e3,e79ae27b52fa4d54aa37735fd275c66e,225818abe99e45a0bf5b0b3ec30db76b,e0ff5d4ae0ec4871a49041d550cdcaa9,033f1514c78b49dd82148b94f6bcbeba,b0d2e6c4b2384950b3696c4414870282,df5ca61304074da1bec8f536ab50baf3,b3209c60460a437294e2b30a9e9d3f53,5cf392f15360460bae6a6b0182bb99b9,b9228fdb5f0c413d81cffb51829d95c6,b5f237fefb38465bb6a068c9cf75ba31
c63f586816974c308053ab40652e867f,e79ae27b52fa4d54aa37735fd275c66e,e0ff5d4ae0ec4871a49041d550cdcaa9,225818abe99e45a0bf5b0b3ec30db76b,033f1514c78b49dd82148b94f6bcbeba,b0d2e6c4b2384950b3696c4414870282,b3209c60460a437294e2b30a9e9d3f53,f2ef424352f14dda92691047ee9f15fa,df5ca61304074da1bec8f536ab50baf3,7f23e27e5652406784fdc2dea3918125,27a0d24dc1e14b28a1f18456b29c93f1
6ea9898485944849b1119856b900eee9,c66c6f1449d44728a2ef72de53dd6d5e,b3209c60460a437294e2b30a9e9d3f53,b40d3c588ad647ff85e397a6bc5f9d8b,ff276acede2f4c14876ef47257758ae8,3d3e8565d2f84e0cad5ae622f2909765,db0c3a952e454b90aa4a68feb6a50e87,0568345606fa4a2c84ed4ea6c74639ee,90b560de76b149c09c7cd6efb3f12cfd,b69c17a10a55494d8caa56c33e8f4a56,1aef014473b84ef9a0f799114fe516c9
e3fbe9aa3f674b32824114cc216c78ae,36472797459c462e910846109fa624fc,d7618b61a65a4bc1a0d0f2cc1bddc448,c24e3823376b436c8eb46eaeebbc7718,d33407004b9e433a9d4147cfe6584d36,f69dcaceb6074ddebfe1dc7e5978fcff,3b7d56c26da14b3a9b1cd52b5b35891b,19593c97fef0474dbe6051e28338f1e9,4152360a4bea4cbbbfbe45ff3bf7f62b,c2a665cec90e46db8d2a74389beb4649,9ffa09a2b9bd4da0ba98fc537ca68802
db1e964f321c4227b0b29f870ee1f47e,52ee59901f3b4de884d7a6720538aed6,230b9ef63ea240e9b61a18f41473f942,ff51ca928cd54f4da620c27983e221f8,033f1514c78b49dd82148b94f6bcbeba,e0ff5d4ae0ec4871a49041d550cdcaa9,19593c97fef0474dbe6051e28338f1e9,ffc5805e29a74be0a55b40318aa321d7,7ef653f7e5f64e1b8bba73b9518b87b7,a0b4d283f12a407286dbeaa3a4d128a5,5537ddec608a4ec586ea068fa27547ca
8b132fbf58574d90aa4cf5ddc704b658,52ee59901f3b4de884d7a6720538aed6,ffc5805e29a74be0a55b40318aa321d7,19593c97fef0474dbe6051e28338f1e9,230b9ef63ea240e9b61a18f41473f942,6ae72ad649c54129b992d321f8f29122,ff51ca928cd54f4da620c27983e221f8,f2077addeb6142c8b3540916522126e8,033f1514c78b49dd82148b94f6bcbeba,77ce0587a12b46bab8814225ba86753e,ca1a2a6308834baba3140b5ce8f81320
8cb387b1679843169efe77577286098c,8d595c7da42545c88052e7b213b6c97c,89e983dca0a34b768e17b3871b9cea1e,70558882c04e46bd99d15e9786468418,4422777ed51142a99aacf05f446cfea1,250d411ae270441085be3501b7b55d86,b40d3c588ad647ff85e397a6bc5f9d8b,1aef014473b84ef9a0f799114fe516c9,bc13c2b0221744a29a8ddf56aa015df9,f69dcaceb6074ddebfe1dc7e5978fcff,ad054da7e1704a53931a341173f0605f
bd22a678c6cc469fbcd9725604a12326,8d595c7da42545c88052e7b213b6c97c,89e983dca0a34b768e17b3871b9cea1e,70558882c04e46bd99d15e9786468418,4422777ed51142a99aacf05f446cfea1,250d411ae270441085be3501b7b55d86,b40d3c588ad647ff85e397a6bc5f9d8b,1aef014473b84ef9a0f799114fe516c9,f69dcaceb6074ddebfe1dc7e5978fcff,9c69642fab6749848e7ea7f5406a6da4,bc13c2b0221744a29a8ddf56aa015df9
ee15d39bccb6404eb47fcb884d906454,701ac1447f5a414e81156a56c3593a31,7e8a4a43e2f84dbb88e41cb24b3fe79f,bdb0d45caa2a4943959f8f501e51132b,5e0a2bc284cf4002914ae4e6aaef41e8,342aaa81ed004635bbf9cbc2592cd7b6,de72d25d08da4b03ac6f6411ce30e07c,7d0190486da540718e4dc4ca4bd1f573,6bedb2d6ace34e18811b7f1206b2d1b0,f4474150010f4021a4620372062f3797,563043f180e54e238ad4876974e5db4c
ccb86f144be341ac9a6ff07647fc1e2f,7e8a4a43e2f84dbb88e41cb24b3fe79f,bc607fd6000b43108e49b3d05688fe90,f5d09519cf7647f8a107cd8fadd322e5,701ac1447f5a414e81156a56c3593a31,bdb0d45caa2a4943959f8f501e51132b,99dbf0cd0c6343ffbcf97f04efc4143c,eafb3480db704d7baa8216ce857d1610,d361a9e414fb41c1a605200d9cbba496,8228c9eb29a542ba98c8b9b854eadaa4,e1c63000ace94c1d9381d82389fe6afd
de734ca5438c4b22a9e1d7e170c3c57c,bc607fd6000b43108e49b3d05688fe90,f5d09519cf7647f8a107cd8fadd322e5,31cf7db26a3249c5a6205b005662ddcf,bdb0d45caa2a4943959f8f501e51132b,8228c9eb29a542ba98c8b9b854eadaa4,f4474150010f4021a4620372062f3797,5e0a2bc284cf4002914ae4e6aaef41e8,e834bfbd30b247e899f0dc029ab9f072,3c1b91a23b694da1973dbc5f75f2f3ed,701ac1447f5a414e81156a56c3593a31
1b14bef50f7c4e24afcc755f17cc10df,bc607fd6000b43108e49b3d05688fe90,f5d09519cf7647f8a107cd8fadd322e5,701ac1447f5a414e81156a56c3593a31,31cf7db26a3249c5a6205b005662ddcf,022e16490d1949b9ab2fc1de5a837031,bdb0d45caa2a4943959f8f501e51132b,b3a022950e444682a113cec5a0537f6a,d2bcc978e7aa49908919d9fc40138b27,3c1b91a23b694da1973dbc5f75f2f3ed,c78547bdc2e64ac8935559f7de2efd41
18283806841d46c39db8e7fd20713c52,a5365055a36a4ec1bf5b0ce2ef949a35,d7618b61a65a4bc1a0d0f2cc1bddc448,a8904adcdd21495f890bc614bfdbf86f,e903085a3f944ad2a41c37306b4e6ab4,c24e3823376b436c8eb46eaeebbc7718,887e323cc38f4cf8adc5970617f1c286,b01fd4d037a84a7aa777e1fc345c73c5,716a15d66b63424a8068da89e75733b4,b7f5c165ea2242709a2fb71f3a3f1bcb,33e2a95109e647cbb4ba2687631b169a
5e304e02eba04f73a50005680ad397d9,36472797459c462e910846109fa624fc,a5365055a36a4ec1bf5b0ce2ef949a35,d7618b61a65a4bc1a0d0f2cc1bddc448,a8904adcdd21495f890bc614bfdbf86f,887e323cc38f4cf8adc5970617f1c286,b7f5c165ea2242709a2fb71f3a3f1bcb,b01fd4d037a84a7aa777e1fc345c73c5,716a15d66b63424a8068da89e75733b4,f676e16c6a134bd5a7bbeee4590adcfe,761a3a01495143f0a86beac4234cae3a
17746de5e371420092452c78a59017b4,bb84a4cf60c84a8d8e23276b1863d293,d2a03ea4b2d3439ca3dc6fe056ab0f04,66cba49431224a3788f914d6a80165e1,67984873125e4a0f9562179c906d1b0f,b0236c76ae244fd8aacbea7da10e55ca,761a3a01495143f0a86beac4234cae3a,b64cef9df31c4e92a7b7ecd42f74f396,ca544e6629b14e8fab5f7cb40d1ac88e,5c644b51b1394a7b8fa0a9a6275c422d,268f8ec9f2734029a8e75857db56ccb3
496cf23a51bc496da75e8ef2f4847bd2,7879fa4d4db046a2a8d195311b6e5789,67984873125e4a0f9562179c906d1b0f,ca544e6629b14e8fab5f7cb40d1ac88e,31a2675a2e944a1ab3b810cfb92ebd34,30f654c6e69e48888f9f42dd95ab3c77,77c8b175ca9d411b8d28d1ed0dc40304,761a3a01495143f0a86beac4234cae3a,5c09482fc8dc45bdbf7919f00dd540e0,d2a03ea4b2d3439ca3dc6fe056ab0f04,09f4970dfe684b809bc0959fb62f41bf
62d8c95fb6f24a1db3cd303bb5b85396,bb84a4cf60c84a8d8e23276b1863d293,d2a03ea4b2d3439ca3dc6fe056ab0f04,66cba49431224a3788f914d6a80165e1,b0236c76ae244fd8aacbea7da10e55ca,67984873125e4a0f9562179c906d1b0f,761a3a01495143f0a86beac4234cae3a,b64cef9df31c4e92a7b7ecd42f74f396,d0b6e9c1cc5341faba9e03c17767bc2e,ca544e6629b14e8fab5f7cb40d1ac88e,31f80e4c87164e2893375ec7e73b372e
fa8048c81669437cb087918eab24b02b,e9428816b054499298745b742f128f65,d60986f4025d443ea58adba0e3d224a1,18ab15fbf00f42f7a410ec75f7592bea,009be1c3430743ff9b054bdfcd6228d6,5c8a8b7a59c54b9aa7b7136fd91b5869,bce599075dfd4fac8dd78626106e3071,88f796c14d184ecfaa5b0109161db259,ce4fdd5499f8498793c11e586f7da70c,097f2ce3b88c4d008488b9908076497e,54e9bbd0093947a3bda5fef48ef7493d
b7d522798dc7498da4a40704cbb65a53,097c30a7f39a4a3abf6da2ca80cad3a5,6af17cec494c4373a95865d270a29171,597aab8bb15240f89fd1b24a8e38258d,2c65a898314b42e6b2e93dca66fd15c2,56272326c7e94e419ea8c69fb634f610,acbf8eae7e064c11bab7adf66f216990,0f785440b29548e1a1968868262fd42e,7ef653f7e5f64e1b8bba73b9518b87b7,2c82919b038847fabbf5d13ca5ac55a7,673aee19895b4d339ada93213d8874ac
23701e1499d04d6f890fffb1a8d95746,097c30a7f39a4a3abf6da2ca80cad3a5,6af17cec494c4373a95865d270a29171,597aab8bb15240f89fd1b24a8e38258d,56272326c7e94e419ea8c69fb634f610,2c65a898314b42e6b2e93dca66fd15c2,acbf8eae7e064c11bab7adf66f216990,0f785440b29548e1a1968868262fd42e,7ef653f7e5f64e1b8bba73b9518b87b7,f464960d2dbc43c0970c60600bd7f1cd,74644c8cc17449cf89379868e7b21398
d8e490c2dc4e457291f1e7bb4ca941f2,e9428816b054499298745b742f128f65,d60986f4025d443ea58adba0e3d224a1,18ab15fbf00f42f7a410ec75f7592bea,009be1c3430743ff9b054bdfcd6228d6,5c8a8b7a59c54b9aa7b7136fd91b5869,097f2ce3b88c4d008488b9908076497e,f4474150010f4021a4620372062f3797,88f796c14d184ecfaa5b0109161db259,40f040fd5c824c8e8e710af1fdf70b5f,bce599075dfd4fac8dd78626106e3071
e2c006dd97304dc5b599c8334ea91da4,563043f180e54e238ad4876974e5db4c,42b6af4853fc465f83ec054f8f8289a4,f5b766ea6abe4b5fb27d49cc3bc06020,174581fc299840e18e827432c0cce4dc,4926607aafe749538c930e108275547e,4152360a4bea4cbbbfbe45ff3bf7f62b,7d0190486da540718e4dc4ca4bd1f573,d53fa54d5536463ab0d87648dfc5fd78,3e6a4b65a1004c08a6f3f570cf986c2f,3766b26b53874893ae48693880e1942c
180a003741a9400fb647528c1b5bcccf,42b6af4853fc465f83ec054f8f8289a4,563043f180e54e238ad4876974e5db4c,f5b766ea6abe4b5fb27d49cc3bc06020,f69bf682935e47e1b4c72d237becd13a,7e190e3c05d74e6b9f103e39142c1684,6c51b4f57ba0415f994756e944b11cee,f37d285ad0de42f0b1546d0d1acfb221,8b4e9e3d234e4eec99a7651e246bbfa3,bc13c2b0221744a29a8ddf56aa015df9,3e6a4b65a1004c08a6f3f570cf986c2f
d9c92c59d5aa4726b77e009485c2ea31,563043f180e54e238ad4876974e5db4c,f5b766ea6abe4b5fb27d49cc3bc06020,f69bf682935e47e1b4c72d237becd13a,7e190e3c05d74e6b9f103e39142c1684,6c51b4f57ba0415f994756e944b11cee,f37d285ad0de42f0b1546d0d1acfb221,b277101390e1465685ef79bf3519f8d7,b69c17a10a55494d8caa56c33e8f4a56,4926607aafe749538c930e108275547e,8b4e9e3d234e4eec99a7651e246bbfa3
11ce9ba7b6bc4478a9c51c05eeca19e6,2d43cf91509846e29ab4febd7781919f,ef511457ee7c490c8e10eccf6e18fef6,da88fa5efc674368b593444ca950dff9,dd36cc0867b94d55a43b82c1c9a0e95c,04d24d1cf42b4f7787d8d300cbad6d50,30c71719aed84c07ae21d0eff0deed72,b585a2970e9f421da236241f603883f2,91f0da6d71574ababd8e868bddec9310,54e9bbd0093947a3bda5fef48ef7493d,85d4175b563d48e5bc6a991b23662f24
95a503cfa55a48d6a01d293cc25399c0,94ed54abfdc74b04b0dcb19c278e66f4,74de04f31db94a99b757685c91779412,8af25c7ae8e14435a6e27a5671968f50,30c71719aed84c07ae21d0eff0deed72,91f0da6d71574ababd8e868bddec9310,e22e1ad3c1fc4493bcb7c9b923566ff7,da88fa5efc674368b593444ca950dff9,bbdf9065122d499d9d8f80ad3e0ef6f3,e4ee90d625d44a6d9adc138390eef0f8,8889c114b071429cbe2418f5b0f2024b
fdd0fecc1fbd4f8da6683ae92d766e3f,2d43cf91509846e29ab4febd7781919f,ef511457ee7c490c8e10eccf6e18fef6,da88fa5efc674368b593444ca950dff9,04d24d1cf42b4f7787d8d300cbad6d50,91f0da6d71574ababd8e868bddec9310,dd36cc0867b94d55a43b82c1c9a0e95c,30c71719aed84c07ae21d0eff0deed72,b585a2970e9f421da236241f603883f2,54e9bbd0093947a3bda5fef48ef7493d,85d4175b563d48e5bc6a991b23662f24
a63b30ed19774ee7bd8c65b80994011f,94ed54abfdc74b04b0dcb19c278e66f4,8af25c7ae8e14435a6e27a5671968f50,74de04f31db94a99b757685c91779412,91f0da6d71574ababd8e868bddec9310,30c71719aed84c07ae21d0eff0deed72,e22e1ad3c1fc4493bcb7c9b923566ff7,bbdf9065122d499d9d8f80ad3e0ef6f3,da88fa5efc674368b593444ca950dff9,85d4175b563d48e5bc6a991b23662f24,8889c114b071429cbe2418f5b0f2024b
b7ee6050d7ff433da190380cbf6c568b,df0c94234d9d4890b5b4b95c441b3e9a,79721c9bb6a54ecdb3d0a0f4011762c1,ed4449952a9e45339b76fc5f123cb917,599feb1e512c43ad8c0a1845922acf78,5605fa1188974644937bbf92fec50e21,0568345606fa4a2c84ed4ea6c74639ee,78d0265d47df4f4cb7153da919763730,e5a3c8867e44498d9182e8be934e0fce,999a2b52a5004ee984e587d5a1327b23,f12e9e5805534d719f829332d1ea5d29
9f79b85612a8457c9560f5188ba8de80,df0c94234d9d4890b5b4b95c441b3e9a,79721c9bb6a54ecdb3d0a0f4011762c1,599feb1e512c43ad8c0a1845922acf78,9094e936e13641cc9bfcc7dc1408d86e,55c0b899937042c98162389b209aca7f,57bcda73abab44ee930b20cdaee9d24b,3f1c2bb09c4e4400b6ba19542fafce18,78d0265d47df4f4cb7153da919763730,b52468fc0af2435f9ba91939f72bbf6a,a0b4d283f12a407286dbeaa3a4d128a5
92842816932b4cedaf43f4075a7295f8,79721c9bb6a54ecdb3d0a0f4011762c1,55c0b899937042c98162389b209aca7f,ed4449952a9e45339b76fc5f123cb917,599feb1e512c43ad8c0a1845922acf78,5605fa1188974644937bbf92fec50e21,57bcda73abab44ee930b20cdaee9d24b,78d0265d47df4f4cb7153da919763730,9094e936e13641cc9bfcc7dc1408d86e,7dd5e88dfdd24cafab2c765939757354,30f654c6e69e48888f9f42dd95ab3c77
0ba88aef47574c8397c6bafc945b9a6d,361f2b7f3f044907b3a331872fb18755,65e30dd62cfa4dccb9ea4d908a9d6fab,3aa003c1e31b476e999c3a808a1d5dc6,24c55bb5cd694770ba895c7401da2ba5,84ff5144597241bba5cbd3d0b21d220d,da88fa5efc674368b593444ca950dff9,02a3cd76ce534d188b4d5ac4778bd652,b702b2b61ce048c6bf5af3c4dca18b1a,6ae72ad649c54129b992d321f8f29122,5f65785004054c67a618fe43b6a30f56
908bfd5077a44b398cdda1f6b068ef55,361f2b7f3f044907b3a331872fb18755,65e30dd62cfa4dccb9ea4d908a9d6fab,3aa003c1e31b476e999c3a808a1d5dc6,02a3cd76ce534d188b4d5ac4778bd652,24c55bb5cd694770ba895c7401da2ba5,84ff5144597241bba5cbd3d0b21d220d,26869cc099c44c4a86f6043476ab4890,2f0401170d104b47b0a8f087f69dee88,39e2b00e1cbd471488cf56f31d2cec7f,da88fa5efc674368b593444ca950dff9
a165443e0d954522807ce0ab172fcdc5,7daa434073604cb98a04fefb55468dda,65e30dd62cfa4dccb9ea4d908a9d6fab,3aa003c1e31b476e999c3a808a1d5dc6,6b4676aba2a746b3ab778315afc8ee82,8c7c9eaae41a44a3a4ebe39ce167d300,26869cc099c44c4a86f6043476ab4890,8683a3ad55d84a78834fabe20cde5269,8fdee0611965465eb45387b8c39f4136,d43b0f94627d45918e18a80be127aa2c,6ae72ad649c54129b992d321f8f29122
f9f0efaa4a6142a7919a132744822ef4,39a08a87897f47d3bdbbdc5ed8c9cd7f,26869cc099c44c4a86f6043476ab4890,cffbff4deb374fcf850c679899c6e3f8,f3fddb55448a46778b5d807642cceb71,02a3cd76ce534d188b4d5ac4778bd652,82d68ea370f8451aa16ea08f4601245c,8fdee0611965465eb45387b8c39f4136,cb550e5ff4694fe9a19eaa6588cef250,878e5c41be5c477e9f660ca361fdd727,bbdf9065122d499d9d8f80ad3e0ef6f3
a1022ebe11dc4f2888d2400773e35559,dd77b570036f40de9fdf49011bb9e2d8,c3502ff31ce6459a96164c934f297562,13e659415ac84c7a81fc769111d43417,0c889c151e094b948c13b0275e660a9c,7ef653f7e5f64e1b8bba73b9518b87b7,39a08a87897f47d3bdbbdc5ed8c9cd7f,3aa003c1e31b476e999c3a808a1d5dc6,cb550e5ff4694fe9a19eaa6588cef250,cf293392122347a180cf2126f4589acb,d0e41bf891254ba0872f1641139f84f6
095cc723607c4786bac59694c8e22fac,26869cc099c44c4a86f6043476ab4890,dd77b570036f40de9fdf49011bb9e2d8,cffbff4deb374fcf850c679899c6e3f8,3aa003c1e31b476e999c3a808a1d5dc6,65e30dd62cfa4dccb9ea4d908a9d6fab,bbdf9065122d499d9d8f80ad3e0ef6f3,b5f237fefb38465bb6a068c9cf75ba31,82d68ea370f8451aa16ea08f4601245c,5f65785004054c67a618fe43b6a30f56,7ef653f7e5f64e1b8bba73b9518b87b7
f975925d733d40bd99cdc31b176a5add,bbdf9065122d499d9d8f80ad3e0ef6f3,0daf8d5687b54d158f7f752884c42334,39a08a87897f47d3bdbbdc5ed8c9cd7f,7359a1cc20d54f96aeea121d7247b88d,dd77b570036f40de9fdf49011bb9e2d8,3aa003c1e31b476e999c3a808a1d5dc6,5f65785004054c67a618fe43b6a30f56,39e2b00e1cbd471488cf56f31d2cec7f,02a3cd76ce534d188b4d5ac4778bd652,8350ea8cd6514c2c8d7b625abe7e895b
f71566d731d04b0fa7d5306ca6d5d1a3,26869cc099c44c4a86f6043476ab4890,dd77b570036f40de9fdf49011bb9e2d8,cffbff4deb374fcf850c679899c6e3f8,3aa003c1e31b476e999c3a808a1d5dc6,65e30dd62cfa4dccb9ea4d908a9d6fab,82d68ea370f8451aa16ea08f4601245c,b5f237fefb38465bb6a068c9cf75ba31,bbdf9065122d499d9d8f80ad3e0ef6f3,7ef653f7e5f64e1b8bba73b9518b87b7,5f65785004054c67a618fe43b6a30f56
6e42a161c552498789623a17244a874b,ee89670285c74e27aa174dadf39fbca7,5c09482fc8dc45bdbf7919f00dd540e0,9460474d89704a68aaa6ccb62310ae3d,14ca42308d3141fba50b774042144343,4e7ee74be72a461fa02fa61bee62bdcc,bb84a4cf60c84a8d8e23276b1863d293,00e9d4081c2f45d1a818bfeab099863a,daed5458403e49e3aea72f4bcc6dd224,e343a998f4df4ac195c84e0fb571a393,02a3cd76ce534d188b4d5ac4778bd652
947c873b63474e1c81b5f7d75177694b,ee89670285c74e27aa174dadf39fbca7,5c09482fc8dc45bdbf7919f00dd540e0,9460474d89704a68aaa6ccb62310ae3d,daed5458403e49e3aea72f4bcc6dd224,14ca42308d3141fba50b774042144343,e343a998f4df4ac195c84e0fb571a393,d9ac372330a4446886fa19bac0d19877,c4e79c8992e54866b0c6f26c55b1a774,bb84a4cf60c84a8d8e23276b1863d293,70558882c04e46bd99d15e9786468418
1869a01128ef42e787aac2c1e61067fd,ca544e6629b14e8fab5f7cb40d1ac88e,ee89670285c74e27aa174dadf39fbca7,bb84a4cf60c84a8d8e23276b1863d293,57430214baf045cb92fa3b3b70a4ca3f,7e17bbd109dc486c8f0a76f913782180,67984873125e4a0f9562179c906d1b0f,7879fa4d4db046a2a8d195311b6e5789,dcfb738ebbc24f09bb680fe3a52b702e,7fe9e665bf41491c9788941aa2894a10,6b4676aba2a746b3ab778315afc8ee82
4e741c03bcf2485b841a422cf7af28e7,ca544e6629b14e8fab5f7cb40d1ac88e,57430214baf045cb92fa3b3b70a4ca3f,bb84a4cf60c84a8d8e23276b1863d293,ee89670285c74e27aa174dadf39fbca7,7e17bbd109dc486c8f0a76f913782180,04d24d1cf42b4f7787d8d300cbad6d50,74644c8cc17449cf89379868e7b21398,f5a9583711fc4ff4a46e85c24886b234,b64cef9df31c4e92a7b7ecd42f74f396,67984873125e4a0f9562179c906d1b0f
3b718c2254b44a6b98577df37cfcf2e6,19098957d8c24cab95daa30c2baefd8f,04fa591263664fb0a6868552ebd3590b,50a2129b83404b94889a01f4688ebafd,0eb119aabc884795a4768c6d3e677ea1,1419b2c686f44896a0ae2a43e93b5402,8c7c9eaae41a44a3a4ebe39ce167d300,e2e0c8c96aff4c00896ac6986bbb20c2,40a95697730046dcbb0d7ba1fe2109a6,a4af9472683c4df0a86f9400c99c2b61,097f2ce3b88c4d008488b9908076497e
5c555c29b0864fed9559512fc8b56e7e,19098957d8c24cab95daa30c2baefd8f,04fa591263664fb0a6868552ebd3590b,0eb119aabc884795a4768c6d3e677ea1,1419b2c686f44896a0ae2a43e93b5402,50a2129b83404b94889a01f4688ebafd,40a95697730046dcbb0d7ba1fe2109a6,14f4db886cca4104877ac7d1d7a64133,e2e0c8c96aff4c00896ac6986bbb20c2,25afb6f7e9314af09008644bca5955b9,384f94503bcd4f4c863056ad69f45b43
62c7211abab24fcca853aeb2813a880d,9460474d89704a68aaa6ccb62310ae3d,c66c6f1449d44728a2ef72de53dd6d5e,2c3599a1611644f4908562f8fb8870d3,ca0fe2dd97434e2ca7aecc38d4f1fcd9,0592b57e490d4206a3f12eb004a0afe0,1578afd6ce694d46ab6e24f965f51fd6,a9573f188204436090fb4a5240e4eccd,a0b4d283f12a407286dbeaa3a4d128a5,b8da01ceddcb45a491a288ddbc658e90,63ba014f9cc747ac87013da6be0ceab9
0883118ad1b2497ab0b9df2a1e2b16b9,c66c6f1449d44728a2ef72de53dd6d5e,14ca42308d3141fba50b774042144343,2c3599a1611644f4908562f8fb8870d3,ca0fe2dd97434e2ca7aecc38d4f1fcd9,1578afd6ce694d46ab6e24f965f51fd6,a9573f188204436090fb4a5240e4eccd,0592b57e490d4206a3f12eb004a0afe0,b8da01ceddcb45a491a288ddbc658e90,1a0ac2d40cb04ca993e1db68d787728a,a0b4d283f12a407286dbeaa3a4d128a5
f79a2bf431ab4c86b494e19d1845d00c,c66c6f1449d44728a2ef72de53dd6d5e,eb21a4e2b7bd43efbdf0c365415e7fef,ff276acede2f4c14876ef47257758ae8,b40d3c588ad647ff85e397a6bc5f9d8b,9460474d89704a68aaa6ccb62310ae3d,0592b57e490d4206a3f12eb004a0afe0,7199f2fe77824236a392e1f00a5bdfc3,63ba014f9cc747ac87013da6be0ceab9,89e983dca0a34b768e17b3871b9cea1e,3aaea7fa41fd43cdb88f8ef59062c5df
a57e9b989c854296a345aa9dea1c5cb4,3f1c2bb09c4e4400b6ba19542fafce18,eff24b01b2f5428baa4c3fef6cb40d41,9094e936e13641cc9bfcc7dc1408d86e,d9ac372330a4446886fa19bac0d19877,f37d285ad0de42f0b1546d0d1acfb221,6c51b4f57ba0415f994756e944b11cee,5605fa1188974644937bbf92fec50e21,a865b8d581b44104afe7c8508e3486f5,56272326c7e94e419ea8c69fb634f610,ed4449952a9e45339b76fc5f123cb917
8c894f4ececa48fe8b64acf34a77674e,c66c6f1449d44728a2ef72de53dd6d5e,eb21a4e2b7bd43efbdf0c365415e7fef,9460474d89704a68aaa6ccb62310ae3d,ff276acede2f4c14876ef47257758ae8,b40d3c588ad647ff85e397a6bc5f9d8b,0592b57e490d4206a3f12eb004a0afe0,7199f2fe77824236a392e1f00a5bdfc3,89e983dca0a34b768e17b3871b9cea1e,3aaea7fa41fd43cdb88f8ef59062c5df,e79ae27b52fa4d54aa37735fd275c66e
8257521498a64a9fb7b41143b713373b,19a124c6dad14a4fa7864463b081009c,c65af18670ea437c8986884645b3afe9,73f684f538ea452cbb4fbecc2e8126a4,29fb30a75c57451a85f310aa6423a662,25109e3a7df549e5b380aae716d71366,3356a8a8c6ee4f30bc2b028e360d4471,1232f20e710b448e8c0538b9e84dab1c,b40d3c588ad647ff85e397a6bc5f9d8b,5a6f4a2f7f6a4b1fa146493472e6d721,6c6de17135be4f8c9423be633eaefcd4
78188b8c0642428fb591262e5d86ce6d,1027a336232c4454a9c4ae450a562788,19a124c6dad14a4fa7864463b081009c,c65af18670ea437c8986884645b3afe9,73f684f538ea452cbb4fbecc2e8126a4,29fb30a75c57451a85f310aa6423a662,cf7476d6c96b4dcdb6f025b9291eb62b,25109e3a7df549e5b380aae716d71366,e5a3c8867e44498d9182e8be934e0fce,d476be2399b7424a88d242b771c32041,5a6f4a2f7f6a4b1fa146493472e6d721
03d5ce4601154cbdad2bd459235427ad,19a124c6dad14a4fa7864463b081009c,c65af18670ea437c8986884645b3afe9,73f684f538ea452cbb4fbecc2e8126a4,29fb30a75c57451a85f310aa6423a662,25109e3a7df549e5b380aae716d71366,1232f20e710b448e8c0538b9e84dab1c,3356a8a8c6ee4f30bc2b028e360d4471,b40d3c588ad647ff85e397a6bc5f9d8b,d756970269e9443fb9bbf645a96aa84e,2ea3b46262e649f79900258cd90cce31
e46f5e15b5ba480db90f0be1f5c6b070,19a124c6dad14a4fa7864463b081009c,1027a336232c4454a9c4ae450a562788,25109e3a7df549e5b380aae716d71366,514537782f6549c488a1b932939b4128,d756970269e9443fb9bbf645a96aa84e,73f684f538ea452cbb4fbecc2e8126a4,d476be2399b7424a88d242b771c32041,6c874292dbcc49ff8bb8bbe5643593a5,cf7476d6c96b4dcdb6f025b9291eb62b,29fb30a75c57451a85f310aa6423a662
0e8d635cc3e241ddbe108bab5a0f863f,19a124c6dad14a4fa7864463b081009c,1027a336232c4454a9c4ae450a562788,25109e3a7df549e5b380aae716d71366,514537782f6549c488a1b932939b4128,73f684f538ea452cbb4fbecc2e8126a4,d756970269e9443fb9bbf645a96aa84e,cf7476d6c96b4dcdb6f025b9291eb62b,6c874292dbcc49ff8bb8bbe5643593a5,d476be2399b7424a88d242b771c32041,29fb30a75c57451a85f310aa6423a662
b6a711f4ec9b4b1bb1bcd06f684f9c22,e0d8aee46b1d4d998858cd05027251b6,02a3cd76ce534d188b4d5ac4778bd652,6400e3f6a14c492ba399bd414faca075,7ef653f7e5f64e1b8bba73b9518b87b7,cb550e5ff4694fe9a19eaa6588cef250,50a2129b83404b94889a01f4688ebafd,878e5c41be5c477e9f660ca361fdd727,6b7b5d28293d4a5a8075f7f7dd231ddb,361f2b7f3f044907b3a331872fb18755,8c7c9eaae41a44a3a4ebe39ce167d300
10346a6c05be419ba2fd6398a619c44e,6400e3f6a14c492ba399bd414faca075,02a3cd76ce534d188b4d5ac4778bd652,7ef653f7e5f64e1b8bba73b9518b87b7,e0d8aee46b1d4d998858cd05027251b6,878e5c41be5c477e9f660ca361fdd727,cb550e5ff4694fe9a19eaa6588cef250,6b7b5d28293d4a5a8075f7f7dd231ddb,097f2ce3b88c4d008488b9908076497e,8c7c9eaae41a44a3a4ebe39ce167d300,14f4db886cca4104877ac7d1d7a64133
c2b5ae1e1c2c49d39e7b25d5660dfc10,24c55bb5cd694770ba895c7401da2ba5,595e438d2b394bb3a3259f47efd37ae8,2d812431f07c44f1a56a71c72766e0b0,50a2129b83404b94889a01f4688ebafd,cd6ce920d00e4d17a6cf04f9f7e550b7,e2e0c8c96aff4c00896ac6986bbb20c2,7ef653f7e5f64e1b8bba73b9518b87b7,361f2b7f3f044907b3a331872fb18755,8c7c9eaae41a44a3a4ebe39ce167d300,878e5c41be5c477e9f660ca361fdd727
4a7c88e745974776bdca788eeafcb775,24c55bb5cd694770ba895c7401da2ba5,595e438d2b394bb3a3259f47efd37ae8,2d812431f07c44f1a56a71c72766e0b0,cb550e5ff4694fe9a19eaa6588cef250,e2e0c8c96aff4c00896ac6986bbb20c2,7ef653f7e5f64e1b8bba73b9518b87b7,cd6ce920d00e4d17a6cf04f9f7e550b7,23a16d69ffe848d593a4808907d8aa98,7ee65b33f8f44852ada468b1fed83433,5537ddec608a4ec586ea068fa27547ca
350aae48399c41099ec9c648db89df25,764b8280445d4023aecaa53cf7758932,033f1514c78b49dd82148b94f6bcbeba,61d2391e8bc548b6bfa08f1ef2a0c47a,e0ff5d4ae0ec4871a49041d550cdcaa9,baf841bad27c456c9de7227555ea3ef8,6bde760ad5d4485db9889b1bdc074005,44156e6482884acaaee1938e04d8b6ff,52f20bd7eb50430c95f0916727880a1b,afaf2edba0ee4d58860a5a04e4aabc5c,04537eabb0434eb2804d1220770b85a0
09b37860da4b43c98172983e0ca57104,764b8280445d4023aecaa53cf7758932,27a67d3e76814297aebf64e03d14c336,b3f8b4bec0164d0e81997b4f5a277e8f,e8c8742459dc48a49080bf0e5b3fdee0,52f20bd7eb50430c95f0916727880a1b,99a52c93a3304ec18dab9206f98f2a8b,44156e6482884acaaee1938e04d8b6ff,b40d3c588ad647ff85e397a6bc5f9d8b,de72d25d08da4b03ac6f6411ce30e07c,0568345606fa4a2c84ed4ea6c74639ee
1a78505b4d0640aa9f35eb528818e54d,de72d25d08da4b03ac6f6411ce30e07c,44156e6482884acaaee1938e04d8b6ff,c4b9d7a8d5d342459d2282589b3af293,f676e16c6a134bd5a7bbeee4590adcfe,af532d6e5090478ba520505d5f9107f2,de6ac628a786435f9925c8cc1d707d6b,655a618282cd4fa39a26f0967c033f4b,4152360a4bea4cbbbfbe45ff3bf7f62b,0568345606fa4a2c84ed4ea6c74639ee,105ad424733e4cffa7c474b51e3980aa
b2decece9a254aa29e885325d7e10a91,de72d25d08da4b03ac6f6411ce30e07c,44156e6482884acaaee1938e04d8b6ff,f676e16c6a134bd5a7bbeee4590adcfe,c4b9d7a8d5d342459d2282589b3af293,af532d6e5090478ba520505d5f9107f2,de6ac628a786435f9925c8cc1d707d6b,4152360a4bea4cbbbfbe45ff3bf7f62b,655a618282cd4fa39a26f0967c033f4b,c2a665cec90e46db8d2a74389beb4649,e8f18e4bdf054390a1768978dca8e430
1ba78638d99a453298a17f233049c981,c1d504dfeded4b8bb3c07777b7c7abde,babbeca1f6a244a2a11ea77a3855e70f,a9573f188204436090fb4a5240e4eccd,19b81e71e7f04ebcbfade9daa899ed3d,5760084aabef4d8095b2d21902151f64,f2ef424352f14dda92691047ee9f15fa,b3209c60460a437294e2b30a9e9d3f53,b52468fc0af2435f9ba91939f72bbf6a,45e440d874a54bb591862ff441114cd3,b0d2e6c4b2384950b3696c4414870282
e796ebb3bb6040dfb158ab774e2073f5,b3209c60460a437294e2b30a9e9d3f53,19b81e71e7f04ebcbfade9daa899ed3d,f37d285ad0de42f0b1546d0d1acfb221,01bbbf1caa554d94b5decb69cc1add41,b5f237fefb38465bb6a068c9cf75ba31,ff51ca928cd54f4da620c27983e221f8,8683a3ad55d84a78834fabe20cde5269,b8da01ceddcb45a491a288ddbc658e90,44156e6482884acaaee1938e04d8b6ff,6c51b4f57ba0415f994756e944b11cee
1ee672ab946e4272a171ede24ff00adb,babbeca1f6a244a2a11ea77a3855e70f,19b81e71e7f04ebcbfade9daa899ed3d,a9573f188204436090fb4a5240e4eccd,5760084aabef4d8095b2d21902151f64,b3209c60460a437294e2b30a9e9d3f53,f2ef424352f14dda92691047ee9f15fa,7326afe68eb64b63993b3dae022c645d,14ca42308d3141fba50b774042144343,45e440d874a54bb591862ff441114cd3,b52468fc0af2435f9ba91939f72bbf6a
b38d1801df8a4cad9d5ac01b703946cd,9909a671f7414c19b2727e7d4d4dcf1b,ab57f83304bc4005998bbd6bc063fb4f,f37d285ad0de42f0b1546d0d1acfb221,19b81e71e7f04ebcbfade9daa899ed3d,eb21a4e2b7bd43efbdf0c365415e7fef,6c51b4f57ba0415f994756e944b11cee,5760084aabef4d8095b2d21902151f64,b40d3c588ad647ff85e397a6bc5f9d8b,01bbbf1caa554d94b5decb69cc1add41,14ca42308d3141fba50b774042144343
c93b2527aefe464c88f83b2c5c05a5f3,b3209c60460a437294e2b30a9e9d3f53,01bbbf1caa554d94b5decb69cc1add41,f37d285ad0de42f0b1546d0d1acfb221,19b81e71e7f04ebcbfade9daa899ed3d,eb21a4e2b7bd43efbdf0c365415e7fef,5cf392f15360460bae6a6b0182bb99b9,ff51ca928cd54f4da620c27983e221f8,812a1568c77d46e695f8eb7357e24a0e,b40d3c588ad647ff85e397a6bc5f9d8b,6c79712e67b54dd0a11d426a91207939
6ba0f16f8a794139aa559865c689f392,4422777ed51142a99aacf05f446cfea1,1aef014473b84ef9a0f799114fe516c9,8d595c7da42545c88052e7b213b6c97c,938147b72e9540da8513910871e0830a,f5a9583711fc4ff4a46e85c24886b234,c74557a980e2428a9ffcc245278df692,89e983dca0a34b768e17b3871b9cea1e,764b8280445d4023aecaa53cf7758932,1da8cc33bb474411ae16db0233210125,f69855cdf66d4f6887ecfd0ddb9014b5
011e2395f6a74299aafef3ad4c6e1bd5,de6ac628a786435f9925c8cc1d707d6b,6252aa87531748e5bac5f6c65fc87e14,30578712823948b086e3781343982938,19593c97fef0474dbe6051e28338f1e9,f5a9583711fc4ff4a46e85c24886b234,ffc5805e29a74be0a55b40318aa321d7,d716ea165223433a8d49b93e96989482,a9573f188204436090fb4a5240e4eccd,84ff5144597241bba5cbd3d0b21d220d,d87bd2402bef4672be17b62cec113ba8
fbcfef1ef1bc43e3bf9e78155f27de0e,4422777ed51142a99aacf05f446cfea1,1aef014473b84ef9a0f799114fe516c9,8d595c7da42545c88052e7b213b6c97c,938147b72e9540da8513910871e0830a,c74557a980e2428a9ffcc245278df692,119a6d7b4af3458b951fc1c5ab5e1738,9d09e3cd382c4d0ea0f6f50261e3e4c8,44156e6482884acaaee1938e04d8b6ff,8889c114b071429cbe2418f5b0f2024b,f439b5616ba24b7f82eccfa095a0eff8
e213427aa5fa426b826fb892aee20bcd,b277101390e1465685ef79bf3519f8d7,f6207eb593394ff78e2cb35057477422,e3854d75221c4e38879a6106bb5c1941,e834bfbd30b247e899f0dc029ab9f072,b90d74e80c37486eaee89b6fbab13671,34b736136487439389c10cc6bd4e9f4e,d361a9e414fb41c1a605200d9cbba496,b585a2970e9f421da236241f603883f2,e4e12f4711fd41e39075e26cc274df45,4e4495962a9b4864882397042f1a2b3e
4d0df524bcae4a17b817d5eb1edde03d,b277101390e1465685ef79bf3519f8d7,f6207eb593394ff78e2cb35057477422,e3854d75221c4e38879a6106bb5c1941,e834bfbd30b247e899f0dc029ab9f072,b90d74e80c37486eaee89b6fbab13671,34b736136487439389c10cc6bd4e9f4e,b585a2970e9f421da236241f603883f2,d361a9e414fb41c1a605200d9cbba496,7d0190486da540718e4dc4ca4bd1f573,bdb0d45caa2a4943959f8f501e51132b
2382285186b14233b2a574461eead3a9,984058b7165d4c6385bec3c94afa9fb2,ef8c056ecb524439a48c881089537951,f65c7f50929f431dbf31b441d87616d0,e4e12f4711fd41e39075e26cc274df45,e834bfbd30b247e899f0dc029ab9f072,590df34aa41f46e9ad13ffc6a98da3b7,42b6af4853fc465f83ec054f8f8289a4,c713a0ca69864ee7b240069c98dc44dc,e3854d75221c4e38879a6106bb5c1941,2b3ecf8be2b242f3b8a1e714390749fb
91918319e16747aa9a1d9dd6b13b960e,984058b7165d4c6385bec3c94afa9fb2,ef8c056ecb524439a48c881089537951,f65c7f50929f431dbf31b441d87616d0,590df34aa41f46e9ad13ffc6a98da3b7,e4e12f4711fd41e39075e26cc274df45,e3854d75221c4e38879a6106bb5c1941,23199e1859544647893a97ea365c5c83,6bedb2d6ace34e18811b7f1206b2d1b0,2b3ecf8be2b242f3b8a1e714390749fb,42b6af4853fc465f83ec054f8f8289a4
de360956bf524b1783abb303a77d92b5,c588868fc3fd4e87a7cddf1ceb00b022,0592b57e490d4206a3f12eb004a0afe0,a0b4d283f12a407286dbeaa3a4d128a5,a70909d3ce0d4235913b5ce6a138dcce,31f80e4c87164e2893375ec7e73b372e,2fcf4a04d3654ffb9a5c1dfa3799e4f0,ca1a2a6308834baba3140b5ce8f81320,eb21a4e2b7bd43efbdf0c365415e7fef,b52468fc0af2435f9ba91939f72bbf6a,f12e9e5805534d719f829332d1ea5d29
18eca8b91ef14435a8d3dc3cf888e60d,63ba014f9cc747ac87013da6be0ceab9,c588868fc3fd4e87a7cddf1ceb00b022,9daaefe080b34656a0c7a54d2d6a1713,c66c6f1449d44728a2ef72de53dd6d5e,9460474d89704a68aaa6ccb62310ae3d,bc13c2b0221744a29a8ddf56aa015df9,89e983dca0a34b768e17b3871b9cea1e,b40d3c588ad647ff85e397a6bc5f9d8b,de6ac628a786435f9925c8cc1d707d6b,a0b4d283f12a407286dbeaa3a4d128a5
71a406ea72c94b068788a3f7435fb47e,63ba014f9cc747ac87013da6be0ceab9,c588868fc3fd4e87a7cddf1ceb00b022,9daaefe080b34656a0c7a54d2d6a1713,c66c6f1449d44728a2ef72de53dd6d5e,9460474d89704a68aaa6ccb62310ae3d,89e983dca0a34b768e17b3871b9cea1e,bc13c2b0221744a29a8ddf56aa015df9,b40d3c588ad647ff85e397a6bc5f9d8b,b3209c60460a437294e2b30a9e9d3f53,2c3599a1611644f4908562f8fb8870d3
d67d3ded66fd47dcbd06a4e0d110046a,403835bbf2f1447188bcc78e062b0028,e06d08ff594a4acbac12edf579743fcf,4e22dc65beb7450b9260cf27e50919e4,ec4820b018a04967a457a9c032a51dc6,eabdd2813a954f9aa01f0eb8212ee387,0c889c151e094b948c13b0275e660a9c,6bde760ad5d4485db9889b1bdc074005,db620271348d404a9a0b978d96c63f29,be8953cc364d46cebbcc2c2da2c348ab,076e2669c305401fb3afcfafdd6c79c7
a1ee60380a8341b4a22b01efc9c91484,403835bbf2f1447188bcc78e062b0028,e06d08ff594a4acbac12edf579743fcf,4e22dc65beb7450b9260cf27e50919e4,ec4820b018a04967a457a9c032a51dc6,0c889c151e094b948c13b0275e660a9c,eabdd2813a954f9aa01f0eb8212ee387,db620271348d404a9a0b978d96c63f29,be8953cc364d46cebbcc2c2da2c348ab,7584980704ae4617bb27ca162cc9c5db,076e2669c305401fb3afcfafdd6c79c7
0ba701552aa94bf68368b5382edfd973,db620271348d404a9a0b978d96c63f29,e79ae27b52fa4d54aa37735fd275c66e,3c1b91a23b694da1973dbc5f75f2f3ed,f3fddb55448a46778b5d807642cceb71,0cdb0f32850f4585a16de4886462bbe0,aa082284f9894b5aa210c179d59999b1,64e74af099b0485f8b6e71ac73aa2cb8,403835bbf2f1447188bcc78e062b0028,3cb231e1167e45f9bf5771a4e0074092,5abf57d57d84440e94d0d2e2ffb37575
d80469792ba1435797dbbd8c826c4dcc,db620271348d404a9a0b978d96c63f29,403835bbf2f1447188bcc78e062b0028,0cdb0f32850f4585a16de4886462bbe0,3cb231e1167e45f9bf5771a4e0074092,aa082284f9894b5aa210c179d59999b1,f3fddb55448a46778b5d807642cceb71,076e2669c305401fb3afcfafdd6c79c7,b90d74e80c37486eaee89b6fbab13671,cb550e5ff4694fe9a19eaa6588cef250,c750a2994555414790abb3281572bb42
a2c9e517dc6d4e6bbbfc226aa45adb37,0cdb0f32850f4585a16de4886462bbe0,f335a944a27a4504a82ecf70c2d4a5e4,ec4820b018a04967a457a9c032a51dc6,6ea31a945d494834a3d243f1f90af02a,be8953cc364d46cebbcc2c2da2c348ab,0c889c151e094b948c13b0275e660a9c,aa082284f9894b5aa210c179d59999b1,dbb3fe11ad004895b302a84e7c066fcc,4e22dc65beb7450b9260cf27e50919e4,d0e41bf891254ba0872f1641139f84f6
94e80e2185c943e49ef7d81012376cbc,5a6f4a2f7f6a4b1fa146493472e6d721,4a3d4daed4b24a1898551f0fd1ba44f1,d476be2399b7424a88d242b771c32041,ef60b54aa4b5490890da32d0bb8c9cbf,b8995466f0eb4e7ba141e23216e8b974,6866efc8987a4ec8b04b7abd28fb5777,0092d1d820c64646b8bee9fd14f77acf,70558882c04e46bd99d15e9786468418,cf7476d6c96b4dcdb6f025b9291eb62b,0bd1cce9370a461089e25393086800a8
dc79be5806cf4fa1b7fdf18adcb8af3d,5a6f4a2f7f6a4b1fa146493472e6d721,3356a8a8c6ee4f30bc2b028e360d4471,ef60b54aa4b5490890da32d0bb8c9cbf,c3a741d302d94ee294bb6e4090fd2da9,d476be2399b7424a88d242b771c32041,0bd1cce9370a461089e25393086800a8,32aaca2a732f4272b237374d3cdeec90,9677dd2a3aae457a8079087ce4177e14,b3a022950e444682a113cec5a0537f6a,25109e3a7df549e5b380aae716d71366
7301669f98674b658396f1d96eaf98d3,d476be2399b7424a88d242b771c32041,3356a8a8c6ee4f30bc2b028e360d4471,4a3d4daed4b24a1898551f0fd1ba44f1,b8995466f0eb4e7ba141e23216e8b974,1027a336232c4454a9c4ae450a562788,9948a890ef25479e834f70944cb42eae,ff51ca928cd54f4da620c27983e221f8,c65af18670ea437c8986884645b3afe9,19a124c6dad14a4fa7864463b081009c,0092d1d820c64646b8bee9fd14f77acf
8d37ca8985e84bd297602e977ec9487a,5a6f4a2f7f6a4b1fa146493472e6d721,3356a8a8c6ee4f30bc2b028e360d4471,ef60b54aa4b5490890da32d0bb8c9cbf,c3a741d302d94ee294bb6e4090fd2da9,d476be2399b7424a88d242b771c32041,0bd1cce9370a461089e25393086800a8,32aaca2a732f4272b237374d3cdeec90,b3a022950e444682a113cec5a0537f6a,9677dd2a3aae457a8079087ce4177e14,25109e3a7df549e5b380aae716d71366
d7577481d2284677970ac7a876a6d295,5a6f4a2f7f6a4b1fa146493472e6d721,4a3d4daed4b24a1898551f0fd1ba44f1,d476be2399b7424a88d242b771c32041,ef60b54aa4b5490890da32d0bb8c9cbf,8c674a7b65e24114a45dd3c861a7ccfc,6866efc8987a4ec8b04b7abd28fb5777,b8995466f0eb4e7ba141e23216e8b974,cf7476d6c96b4dcdb6f025b9291eb62b,0092d1d820c64646b8bee9fd14f77acf,70558882c04e46bd99d15e9786468418
499f89e2519849bfbdcfb7f09d470c08,4152360a4bea4cbbbfbe45ff3bf7f62b,e834bfbd30b247e899f0dc029ab9f072,04537eabb0434eb2804d1220770b85a0,764b8280445d4023aecaa53cf7758932,7960902edf4b47d686f704441aa56b0e,e53dd6188816429ab915de6f9649a026,21019944fc2c4838a682a6dcdc62c4ef,e3854d75221c4e38879a6106bb5c1941,b0d2e6c4b2384950b3696c4414870282,7d0190486da540718e4dc4ca4bd1f573
1e4b598167924e35b74d3da0df1f2de1,796eade2ee4f466781d9f6669db43e48,7862a63720b34104abf5bfa44bc8178d,878e5c41be5c477e9f660ca361fdd727,cb550e5ff4694fe9a19eaa6588cef250,f3fddb55448a46778b5d807642cceb71,7ef653f7e5f64e1b8bba73b9518b87b7,dd9e8283197b473d8ffd502561bdaaec,6ae72ad649c54129b992d321f8f29122,8987ceafff324f9599b842542e37eddd,fc430b7683934be2aba12468b2409bb8
c7bd4b551343446fb8edc262aec1a374,7862a63720b34104abf5bfa44bc8178d,878e5c41be5c477e9f660ca361fdd727,cb550e5ff4694fe9a19eaa6588cef250,f3fddb55448a46778b5d807642cceb71,7ef653f7e5f64e1b8bba73b9518b87b7,7aceed0dbea645b091207f4a53d879f2,dd9e8283197b473d8ffd502561bdaaec,a9d82bb43410405ca21b44a5e82e22b6,1578afd6ce694d46ab6e24f965f51fd6,fc430b7683934be2aba12468b2409bb8
219b73b7828646f9bb608aec046837ee,4152360a4bea4cbbbfbe45ff3bf7f62b,e834bfbd30b247e899f0dc029ab9f072,04537eabb0434eb2804d1220770b85a0,764b8280445d4023aecaa53cf7758932,7960902edf4b47d686f704441aa56b0e,e53dd6188816429ab915de6f9649a026,e3854d75221c4e38879a6106bb5c1941,afaf2edba0ee4d58860a5a04e4aabc5c,b0d2e6c4b2384950b3696c4414870282,7d0190486da540718e4dc4ca4bd1f573
9d11ca9aa5d24f68aab627b9e93e698b,70558882c04e46bd99d15e9786468418,cae139b6e4914ce7b0ef1e68b8b857eb,1232f20e710b448e8c0538b9e84dab1c,0971af4212484a958eb0f60f93d1dfe0,cc243eebbb2b44a581745865a60c423a,41e657daa20545a588584578bdb4101c,b23a9c50eada4286a4f7ce8668b92db1,643fbbdd6b764ba9904a4ee67a86b9fd,bc13c2b0221744a29a8ddf56aa015df9,64e74af099b0485f8b6e71ac73aa2cb8
cc89d7fa93924af1a154d57f1f1cfbc3,3138244ae91040948d5bd6772e4075ea,52ee59901f3b4de884d7a6720538aed6,fbfaa119f55a477984e42d80498f54d3,ffc5805e29a74be0a55b40318aa321d7,1232f20e710b448e8c0538b9e84dab1c,7326afe68eb64b63993b3dae022c645d,d9ac372330a4446886fa19bac0d19877,cae139b6e4914ce7b0ef1e68b8b857eb,75efe5ddef364f49865d9bb283492b48,3356a8a8c6ee4f30bc2b028e360d4471
a3a0aa5e67f44552af621d1abeb18c13,70558882c04e46bd99d15e9786468418,1232f20e710b448e8c0538b9e84dab1c,cae139b6e4914ce7b0ef1e68b8b857eb,41e657daa20545a588584578bdb4101c,0971af4212484a958eb0f60f93d1dfe0,b23a9c50eada4286a4f7ce8668b92db1,cc243eebbb2b44a581745865a60c423a,e1c63000ace94c1d9381d82389fe6afd,511fe9c8b20b4fda94969745238c9474,b3209c60460a437294e2b30a9e9d3f53
2832c5b8870946c69ac69731c0ec1d68,3138244ae91040948d5bd6772e4075ea,52ee59901f3b4de884d7a6720538aed6,fbfaa119f55a477984e42d80498f54d3,7326afe68eb64b63993b3dae022c645d,ffc5805e29a74be0a55b40318aa321d7,cae139b6e4914ce7b0ef1e68b8b857eb,1232f20e710b448e8c0538b9e84dab1c,d756970269e9443fb9bbf645a96aa84e,75efe5ddef364f49865d9bb283492b48,73f684f538ea452cbb4fbecc2e8126a4
1403f18946f64e94915e337242ec189f,be9e713988ba4bbba869885cad419259,a2612682d9854a30a7684c91c8619ec9,5c644b51b1394a7b8fa0a9a6275c422d,11e9586d6c7a443c8025278f8ef53b6d,75bf181ea5dc490e95d364a5f5c7af1d,4c67cc7a1ccc496db132636e3f4853a2,ae3f42d57b3046a3821026173286a43e,3aa003c1e31b476e999c3a808a1d5dc6,8c7c9eaae41a44a3a4ebe39ce167d300,5363ae1c905d4879a63259de4954702e
104c41a52ade420c9d3dac7c3c0aaf80,556743bab70d4b75bafcf192fef95b16,11e9586d6c7a443c8025278f8ef53b6d,4c67cc7a1ccc496db132636e3f4853a2,75bf181ea5dc490e95d364a5f5c7af1d,a2612682d9854a30a7684c91c8619ec9,5c644b51b1394a7b8fa0a9a6275c422d,8c7c9eaae41a44a3a4ebe39ce167d300,8683a3ad55d84a78834fabe20cde5269,b834c0b0c10b471b87ad3f11468de619,4e4495962a9b4864882397042f1a2b3e
e8a3dc97d68d46b6b42514168c735abb,556743bab70d4b75bafcf192fef95b16,11e9586d6c7a443c8025278f8ef53b6d,75bf181ea5dc490e95d364a5f5c7af1d,5c644b51b1394a7b8fa0a9a6275c422d,4c67cc7a1ccc496db132636e3f4853a2,a2612682d9854a30a7684c91c8619ec9,8c7c9eaae41a44a3a4ebe39ce167d300,b834c0b0c10b471b87ad3f11468de619,ae3f42d57b3046a3821026173286a43e,4e4495962a9b4864882397042f1a2b3e
d93d116f2e364d0c956fe7f93f434129,6b7b5d28293d4a5a8075f7f7dd231ddb,5fc200cab89346658c9c91cce27e85fe,d0e41bf891254ba0872f1641139f84f6,6d3b4c95066e4dd8a6ad1c66b1c1ea4f,7584980704ae4617bb27ca162cc9c5db,7ef653f7e5f64e1b8bba73b9518b87b7,39a08a87897f47d3bdbbdc5ed8c9cd7f,aa082284f9894b5aa210c179d59999b1,d9096650c434432c871effeca9acd5c6,39e2b00e1cbd471488cf56f31d2cec7f
8b13db18ea734cf391e49a434b75757e,6b7b5d28293d4a5a8075f7f7dd231ddb,aa082284f9894b5aa210c179d59999b1,8d595c7da42545c88052e7b213b6c97c,5fc200cab89346658c9c91cce27e85fe,7584980704ae4617bb27ca162cc9c5db,3d3e8565d2f84e0cad5ae622f2909765,984058b7165d4c6385bec3c94afa9fb2,39e2b00e1cbd471488cf56f31d2cec7f,5e44915237fc4445b54b037e1c4e29a4,199647bd1328406c83c5a875154f97d9
89345620586f45b098d21a0c401cf8d7,6b7b5d28293d4a5a8075f7f7dd231ddb,5fc200cab89346658c9c91cce27e85fe,7584980704ae4617bb27ca162cc9c5db,d0e41bf891254ba0872f1641139f84f6,6d3b4c95066e4dd8a6ad1c66b1c1ea4f,6bde760ad5d4485db9889b1bdc074005,aa082284f9894b5aa210c179d59999b1,5e44915237fc4445b54b037e1c4e29a4,7ef653f7e5f64e1b8bba73b9518b87b7,0b57f893483647c3aed811775a4c4c04
8169f7fd48544fa082dae25d882a787a,cd6ce920d00e4d17a6cf04f9f7e550b7,24c55bb5cd694770ba895c7401da2ba5,076e2669c305401fb3afcfafdd6c79c7,5fc200cab89346658c9c91cce27e85fe,db620271348d404a9a0b978d96c63f29,97959d02a64f4a3fbbebe7cbece6c012,7584980704ae4617bb27ca162cc9c5db,5e44915237fc4445b54b037e1c4e29a4,39e2b00e1cbd471488cf56f31d2cec7f,14f4db886cca4104877ac7d1d7a64133
7de9406e3c12409081f8c0ebc2127441,b675be39e8ff421aa59811f146da945b,2f0401170d104b47b0a8f087f69dee88,e6afe89ff7bc491193141c057083d8a8,0433768f874042a5b2d2e37ad9deae13,59f62d35b1ad451397b700b3dad25448,f92d16d3a970487094292439c3e00923,6fc7a2cf0684475a82f6ff9be2c8e850,a5d5fb459a1844088e93ae557ab34afe,636c21e19a5845e1b8d69a5fca928030,e7ee85dd47ca43eeb2fdcd70b802f0ec
d5f199eff49445b491565e80e55f8e53,2f0401170d104b47b0a8f087f69dee88,a35d7304347a4f81b1ccfb086956921c,f92d16d3a970487094292439c3e00923,59f62d35b1ad451397b700b3dad25448,e6afe89ff7bc491193141c057083d8a8,0433768f874042a5b2d2e37ad9deae13,8683a3ad55d84a78834fabe20cde5269,e7ee85dd47ca43eeb2fdcd70b802f0ec,3766b26b53874893ae48693880e1942c,a4af9472683c4df0a86f9400c99c2b61
70e5632cb4e64b128fb44a897571245c,b675be39e8ff421aa59811f146da945b,2f0401170d104b47b0a8f087f69dee88,e6afe89ff7bc491193141c057083d8a8,0433768f874042a5b2d2e37ad9deae13,59f62d35b1ad451397b700b3dad25448,f92d16d3a970487094292439c3e00923,6fc7a2cf0684475a82f6ff9be2c8e850,a5d5fb459a1844088e93ae557ab34afe,e7ee85dd47ca43eeb2fdcd70b802f0ec,3766b26b53874893ae48693880e1942c
aa61f461ceef43859129c5b33e8bd9a5,b675be39e8ff421aa59811f146da945b,a35d7304347a4f81b1ccfb086956921c,59f62d35b1ad451397b700b3dad25448,f92d16d3a970487094292439c3e00923,e6afe89ff7bc491193141c057083d8a8,0433768f874042a5b2d2e37ad9deae13,3766b26b53874893ae48693880e1942c,e7ee85dd47ca43eeb2fdcd70b802f0ec,0accd1d0138b49049d437c0d9b1c23c3,8683a3ad55d84a78834fabe20cde5269
4095895ca5d6432d8c9ca23b6431250c,fadf133e0e684a24ac79b5fa9515bac2,0bd1cce9370a461089e25393086800a8,73f684f538ea452cbb4fbecc2e8126a4,d756970269e9443fb9bbf645a96aa84e,6dc5832f0ac04df2bd99c6415b3ecf09,3574ab91c29940b3afc62354ae06b73b,29fb30a75c57451a85f310aa6423a662,c756409435634fc48c643a64e73c93ce,cc243eebbb2b44a581745865a60c423a,c24e3823376b436c8eb46eaeebbc7718
04d06c5defde4dbf85a0c11fdd459eb8,fadf133e0e684a24ac79b5fa9515bac2,0bd1cce9370a461089e25393086800a8,73f684f538ea452cbb4fbecc2e8126a4,3574ab91c29940b3afc62354ae06b73b,29fb30a75c57451a85f310aa6423a662,13cda6e8f2d948eeb5508288a172e76f,6dc5832f0ac04df2bd99c6415b3ecf09,f439b5616ba24b7f82eccfa095a0eff8,da88fa5efc674368b593444ca950dff9,1004b33e3126472faa78e1929ed974e6
eef8e982ee854ffa9e9c5af62e17c155,c756409435634fc48c643a64e73c93ce,b9228fdb5f0c413d81cffb51829d95c6,6fc7a2cf0684475a82f6ff9be2c8e850,df5ca61304074da1bec8f536ab50baf3,fadf133e0e684a24ac79b5fa9515bac2,dd9e8283197b473d8ffd502561bdaaec,a0b4d283f12a407286dbeaa3a4d128a5,225818abe99e45a0bf5b0b3ec30db76b,1ad0cf33e96243888d5f970195a75586,93dc50abd35349f7923100dca2f41002
5a7d3f99251048e2ac81d5ea8c49c767,1d70bc69b2f84bef9aa5fb0d9917e38d,dd36cc0867b94d55a43b82c1c9a0e95c,b834c0b0c10b471b87ad3f11468de619,5c644b51b1394a7b8fa0a9a6275c422d,db69f22fe72246ea85d33991961a649a,41047823f2cb4194ba1e0709443c719a,75bf181ea5dc490e95d364a5f5c7af1d,bb6ecabbce1b43d997d00d7acdc95193,0433768f874042a5b2d2e37ad9deae13,be9e713988ba4bbba869885cad419259
eca00c36492249e08f99875a5e115d84,1d70bc69b2f84bef9aa5fb0d9917e38d,dd36cc0867b94d55a43b82c1c9a0e95c,b834c0b0c10b471b87ad3f11468de619,5c644b51b1394a7b8fa0a9a6275c422d,db69f22fe72246ea85d33991961a649a,75bf181ea5dc490e95d364a5f5c7af1d,0433768f874042a5b2d2e37ad9deae13,41047823f2cb4194ba1e0709443c719a,bb6ecabbce1b43d997d00d7acdc95193,77c8b175ca9d411b8d28d1ed0dc40304
92e3b7a540a547d8ba02bddf82f83380,eeb3b60f34af40de850e065b475d8180,5d5baf5ce88b4b529e28ab9c7c114148,5c644b51b1394a7b8fa0a9a6275c422d,0433768f874042a5b2d2e37ad9deae13,29088685e31a4d86b60b514e98117361,8fca2e4873e946f7a788af2b846cebd7,878e5c41be5c477e9f660ca361fdd727,be9e713988ba4bbba869885cad419259,3aa003c1e31b476e999c3a808a1d5dc6,2f0401170d104b47b0a8f087f69dee88
d5bfa4fffcc249fe89deb2d4410919b6,eeb3b60f34af40de850e065b475d8180,5d5baf5ce88b4b529e28ab9c7c114148,0433768f874042a5b2d2e37ad9deae13,5c644b51b1394a7b8fa0a9a6275c422d,0e28ed072d6c444aa6f02e64955b44c6,85d4175b563d48e5bc6a991b23662f24,3aa003c1e31b476e999c3a808a1d5dc6,8fca2e4873e946f7a788af2b846cebd7,4230775a9d51448396cacb9061f0e5f9,29088685e31a4d86b60b514e98117361
578d9258cbf8456ba7d9f83130e02184,4a7fa5a1bafe4b6995e2920444ac07c4,b4dadb3ea3a04cc3932094471debce13,65e52d14d4d64d4fbad3de6ad319e745,6fbdacd3d8814ea2a13e81ee1ec128f2,26b18153216b48d793b75598ddb54d77,e96fae6d607246b18b8494aabe521036,29088685e31a4d86b60b514e98117361,7bbe3c76bcc04d73969f920d43fcc67d,66cba49431224a3788f914d6a80165e1,e2e0c8c96aff4c00896ac6986bbb20c2
281e458eef7b4d77b67d424744237fbc,4a7fa5a1bafe4b6995e2920444ac07c4,b4dadb3ea3a04cc3932094471debce13,65e52d14d4d64d4fbad3de6ad319e745,6fbdacd3d8814ea2a13e81ee1ec128f2,26b18153216b48d793b75598ddb54d77,e96fae6d607246b18b8494aabe521036,29088685e31a4d86b60b514e98117361,7bbe3c76bcc04d73969f920d43fcc67d,02a3cd76ce534d188b4d5ac4778bd652,e2e0c8c96aff4c00896ac6986bbb20c2
7f6fdd98bfc5410fb6c4afa8786e0b48,06a5f0cec6ce4170a02dad0ad4c55b1c,655a618282cd4fa39a26f0967c033f4b,60e87368fe334a92b57088b03cccbfc1,a865b8d581b44104afe7c8508e3486f5,d2bcc978e7aa49908919d9fc40138b27,2b3ecf8be2b242f3b8a1e714390749fb,d8b3ad3b5c4e474db41a671ab286424f,a5d5fb459a1844088e93ae557ab34afe,1419b2c686f44896a0ae2a43e93b5402,0eb119aabc884795a4768c6d3e677ea1
cb84a0b8bd52401daa4762d7975d4fc7,60e87368fe334a92b57088b03cccbfc1,452d645d5bf4485185e996dcec9523e5,06a5f0cec6ce4170a02dad0ad4c55b1c,d2bcc978e7aa49908919d9fc40138b27,a865b8d581b44104afe7c8508e3486f5,097f2ce3b88c4d008488b9908076497e,af532d6e5090478ba520505d5f9107f2,d8b3ad3b5c4e474db41a671ab286424f,1419b2c686f44896a0ae2a43e93b5402,0eb119aabc884795a4768c6d3e677ea1
05021100f4bb4885a338db368a83cc95,06a5f0cec6ce4170a02dad0ad4c55b1c,655a618282cd4fa39a26f0967c033f4b,60e87368fe334a92b57088b03cccbfc1,a865b8d581b44104afe7c8508e3486f5,d2bcc978e7aa49908919d9fc40138b27,2b3ecf8be2b242f3b8a1e714390749fb,d8b3ad3b5c4e474db41a671ab286424f,a5d5fb459a1844088e93ae557ab34afe,1419b2c686f44896a0ae2a43e93b5402,8a464aa9e2ee45d0abc7ae6181cd1bda
f7ad8b57414846b993e2ca44f3962ff1,452d645d5bf4485185e996dcec9523e5,655a618282cd4fa39a26f0967c033f4b,60e87368fe334a92b57088b03cccbfc1,d2bcc978e7aa49908919d9fc40138b27,d8b3ad3b5c4e474db41a671ab286424f,e4e12f4711fd41e39075e26cc274df45,910827a15eac4e4b9005d8e46ad71f6e,8a464aa9e2ee45d0abc7ae6181cd1bda,636c21e19a5845e1b8d69a5fca928030,ee7c00877ae64dac87123a3d75251530
750cd38aa39e4281ad616eddc8f5a983,c235728f290a44d6a5fc2e14111ae02e,f1eecad10a61421eb16b1be7435d9c19,3f28365e18244eb28cc7d23de8895956,afaf2edba0ee4d58860a5a04e4aabc5c,e1c63000ace94c1d9381d82389fe6afd,f4474150010f4021a4620372062f3797,250d411ae270441085be3501b7b55d86,74bd120b8f714d03bc9dd1a703fe4d7f,f2077addeb6142c8b3540916522126e8,41047823f2cb4194ba1e0709443c719a
c81df43d512e4bcb85b00b5f6763f6cc,48c31b1e2ce94de8968fab433813fa91,ad054da7e1704a53931a341173f0605f,0e8487b2e6a2439b9e6623a1e2e5e19d,66690895454847fea5a000202fbfab2e,9677dd2a3aae457a8079087ce4177e14,0568345606fa4a2c84ed4ea6c74639ee,e4fcd30261804b089efa940359057ba2,02e1d712f37e428c998f72e7a7eeb1e6,7ee65b33f8f44852ada468b1fed83433,e0d8aee46b1d4d998858cd05027251b6
a282371ee5c74dd98f0cada75271b7a7,c235728f290a44d6a5fc2e14111ae02e,f1eecad10a61421eb16b1be7435d9c19,3f28365e18244eb28cc7d23de8895956,afaf2edba0ee4d58860a5a04e4aabc5c,e1c63000ace94c1d9381d82389fe6afd,74bd120b8f714d03bc9dd1a703fe4d7f,250d411ae270441085be3501b7b55d86,41047823f2cb4194ba1e0709443c719a,f2077addeb6142c8b3540916522126e8,1232f20e710b448e8c0538b9e84dab1c
0dedf21ad5ea4607b710bc0cccbcc7b9,48c31b1e2ce94de8968fab433813fa91,ad054da7e1704a53931a341173f0605f,0e8487b2e6a2439b9e6623a1e2e5e19d,66690895454847fea5a000202fbfab2e,9677dd2a3aae457a8079087ce4177e14,999a2b52a5004ee984e587d5a1327b23,250d411ae270441085be3501b7b55d86,f4474150010f4021a4620372062f3797,02e1d712f37e428c998f72e7a7eeb1e6,0568345606fa4a2c84ed4ea6c74639ee
aebc45203e45452db8eee17826ef2c46,8228c9eb29a542ba98c8b9b854eadaa4,21019944fc2c4838a682a6dcdc62c4ef,2d43cf91509846e29ab4febd7781919f,b626eb67c2e14afeae2846bb150976f3,e3854d75221c4e38879a6106bb5c1941,43ee0103cba54b4e9d165717735ca0f6,a0408a6462b24cf18e50a8616359d5ad,6dc5832f0ac04df2bd99c6415b3ecf09,b0d2e6c4b2384950b3696c4414870282,30c71719aed84c07ae21d0eff0deed72
3e10372aff9641bb88682abca29e907e,e22e1ad3c1fc4493bcb7c9b923566ff7,e4ee90d625d44a6d9adc138390eef0f8,b3a022950e444682a113cec5a0537f6a,04537eabb0434eb2804d1220770b85a0,174581fc299840e18e827432c0cce4dc,d75a52d716984f318f976bbfc7bee787,44156e6482884acaaee1938e04d8b6ff,7d6122daabe442ffb5e57ece1882e714,8af25c7ae8e14435a6e27a5671968f50,2939ef012c5c4a1b94b49df9469dfb3c
9dce4a0759174753b62b3cb51b8fb679,b0236c76ae244fd8aacbea7da10e55ca,7879fa4d4db046a2a8d195311b6e5789,29fb30a75c57451a85f310aa6423a662,7bbe3c76bcc04d73969f920d43fcc67d,5c644b51b1394a7b8fa0a9a6275c422d,898eabaaa1a047e18aecbb1c5a8decbf,4c67cc7a1ccc496db132636e3f4853a2,bb84a4cf60c84a8d8e23276b1863d293,74644c8cc17449cf89379868e7b21398,b834c0b0c10b471b87ad3f11468de619
5596e047713c4a59b1e70561fa034e37,d2a03ea4b2d3439ca3dc6fe056ab0f04,7bbe3c76bcc04d73969f920d43fcc67d,66cba49431224a3788f914d6a80165e1,e88ce4cd350f43398a5c0ab8629cee72,e2e0c8c96aff4c00896ac6986bbb20c2,7879fa4d4db046a2a8d195311b6e5789,7f5b658239034d35b7f4cf1c63cb388c,6b4676aba2a746b3ab778315afc8ee82,da88fa5efc674368b593444ca950dff9,5c644b51b1394a7b8fa0a9a6275c422d
6c348ea51c8b4750b956383a3b9a84c5,d2a03ea4b2d3439ca3dc6fe056ab0f04,66cba49431224a3788f914d6a80165e1,b0236c76ae244fd8aacbea7da10e55ca,29fb30a75c57451a85f310aa6423a662,67dd23cfd20f46dc82acc82c108a1dc6,7bbe3c76bcc04d73969f920d43fcc67d,03df72bcf3504272a27f4bbaea89118a,5c644b51b1394a7b8fa0a9a6275c422d,ee7c00877ae64dac87123a3d75251530,4c67cc7a1ccc496db132636e3f4853a2
c56449c78d8549cd9d227e4693e51c7e,d2a03ea4b2d3439ca3dc6fe056ab0f04,7bbe3c76bcc04d73969f920d43fcc67d,66cba49431224a3788f914d6a80165e1,e2e0c8c96aff4c00896ac6986bbb20c2,e88ce4cd350f43398a5c0ab8629cee72,7879fa4d4db046a2a8d195311b6e5789,7f5b658239034d35b7f4cf1c63cb388c,6b4676aba2a746b3ab778315afc8ee82,da88fa5efc674368b593444ca950dff9,ef511457ee7c490c8e10eccf6e18fef6
8a4a2cf4736e43f8b21f72daeffc76ee,73f684f538ea452cbb4fbecc2e8126a4,66cba49431224a3788f914d6a80165e1,1027a336232c4454a9c4ae450a562788,664da77d25e74df693eaad44a5e7617f,d2a03ea4b2d3439ca3dc6fe056ab0f04,19a124c6dad14a4fa7864463b081009c,a865b8d581b44104afe7c8508e3486f5,cf7476d6c96b4dcdb6f025b9291eb62b,1ad0cf33e96243888d5f970195a75586,03df72bcf3504272a27f4bbaea89118a
f6bdc5e4c3894a41897ace2fe9061a90,73f684f538ea452cbb4fbecc2e8126a4,29fb30a75c57451a85f310aa6423a662,1027a336232c4454a9c4ae450a562788,1ad0cf33e96243888d5f970195a75586,c65af18670ea437c8986884645b3afe9,19a124c6dad14a4fa7864463b081009c,66cba49431224a3788f914d6a80165e1,8a464aa9e2ee45d0abc7ae6181cd1bda,d756970269e9443fb9bbf645a96aa84e,b00b2395b49949508fade89bb3eac98b
bf133adcf34f4470ae9ab34f8bcac84b,73f684f538ea452cbb4fbecc2e8126a4,66cba49431224a3788f914d6a80165e1,1027a336232c4454a9c4ae450a562788,664da77d25e74df693eaad44a5e7617f,d2a03ea4b2d3439ca3dc6fe056ab0f04,19a124c6dad14a4fa7864463b081009c,a865b8d581b44104afe7c8508e3486f5,1ad0cf33e96243888d5f970195a75586,cf7476d6c96b4dcdb6f025b9291eb62b,03df72bcf3504272a27f4bbaea89118a
198ce01eda8e4bc0b31c457e65ddc39b,73f684f538ea452cbb4fbecc2e8126a4,29fb30a75c57451a85f310aa6423a662,1027a336232c4454a9c4ae450a562788,1ad0cf33e96243888d5f970195a75586,c65af18670ea437c8986884645b3afe9,19a124c6dad14a4fa7864463b081009c,8a464aa9e2ee45d0abc7ae6181cd1bda,66cba49431224a3788f914d6a80165e1,b00b2395b49949508fade89bb3eac98b,cb32ec9a538a4c0f8462771946ced93b
442c28225ce642b182163c39ab4c776b,b85d652ba8d244f8ab9e941966094f28,b44645c11ece4326a45f50fdc5d45dcf,664da77d25e74df693eaad44a5e7617f,c4e79c8992e54866b0c6f26c55b1a774,4926607aafe749538c930e108275547e,47eb17da319d440aa52da8008c26327a,d756970269e9443fb9bbf645a96aa84e,03df72bcf3504272a27f4bbaea89118a,7879fa4d4db046a2a8d195311b6e5789,c588868fc3fd4e87a7cddf1ceb00b022
bc44523c44214d88ac687d8e05a28a8a,b85d652ba8d244f8ab9e941966094f28,b44645c11ece4326a45f50fdc5d45dcf,47eb17da319d440aa52da8008c26327a,664da77d25e74df693eaad44a5e7617f,c588868fc3fd4e87a7cddf1ceb00b022,4926607aafe749538c930e108275547e,03df72bcf3504272a27f4bbaea89118a,c4e79c8992e54866b0c6f26c55b1a774,36ee1613abf245cdbe93fef69b5f981f,ee7c00877ae64dac87123a3d75251530
e41cc56f88244ce7a26e583bd54f506f,31f80e4c87164e2893375ec7e73b372e,c4e79c8992e54866b0c6f26c55b1a774,511fe9c8b20b4fda94969745238c9474,52f20bd7eb50430c95f0916727880a1b,503d2f067a8a4f5798b1c64b07ab0bc5,664da77d25e74df693eaad44a5e7617f,42b6af4853fc465f83ec054f8f8289a4,bdb0d45caa2a4943959f8f501e51132b,4926607aafe749538c930e108275547e,59e4dcf2794943b18fb902a6eb475ff8
b6cd550fbc9a48008039483d12ad44eb,31f80e4c87164e2893375ec7e73b372e,c4e79c8992e54866b0c6f26c55b1a774,52f20bd7eb50430c95f0916727880a1b,511fe9c8b20b4fda94969745238c9474,664da77d25e74df693eaad44a5e7617f,ff51ca928cd54f4da620c27983e221f8,0d0973762130427eaa2ce9a7a34517db,2639b6540bda414f8a9baa3b5cdb612a,ec07b4e88bea4086a5eafed96d81edb5,4926607aafe749538c930e108275547e
d425f86b0d264c76a6ff6edbbb718fd8,0b57f893483647c3aed811775a4c4c04,4d5cbe57c3094d01843e4f950a280b50,ba8d0208e32e42969bd4349cf24f6ed1,d0e41bf891254ba0872f1641139f84f6,da14e9dc2c3d4963b725de8102de5028,f8e7f9688fd546829da579434180ffee,f2cfa68a47ce4a43a0fe1cc7dc860418,d9096650c434432c871effeca9acd5c6,2070754bb5dd4a248be9c2a6a1a9d381,a055f8188384479a8bad418f7dffd9a5
a0ef1a7a1e304bfe91a8c12abf972c6c,a055f8188384479a8bad418f7dffd9a5,da14e9dc2c3d4963b725de8102de5028,ba8d0208e32e42969bd4349cf24f6ed1,0b57f893483647c3aed811775a4c4c04,f8e7f9688fd546829da579434180ffee,4d5cbe57c3094d01843e4f950a280b50,cffbff4deb374fcf850c679899c6e3f8,f2cfa68a47ce4a43a0fe1cc7dc860418,f7f600880b064920ab59b907d26aedc6,d0e41bf891254ba0872f1641139f84f6
d8ec79e0dcba49fcaa2e32c4a56d98fe,b69c17a10a55494d8caa56c33e8f4a56,f59a3ee5387440d981754b6595e8664c,66f4c650b7ca48f1bc27f9daff8d312a,bfd1d441da734aad88cfacdab3ee4059,1393dac7d34b4c34b1a8091a5bea3663,0d0973762130427eaa2ce9a7a34517db,da9cfbdf124143b78bec89393dd5287a,3c0f3b44c0844df49b5898406fe9195a,1ad0cf33e96243888d5f970195a75586,29fb30a75c57451a85f310aa6423a662
88e851f978154b16a0a01f8df5255703,7f23e27e5652406784fdc2dea3918125,fb8c2b83e46441c2aaa7c81d3642e2da,0d0973762130427eaa2ce9a7a34517db,1ade4365590a4ac7865100d8c791e340,c78547bdc2e64ac8935559f7de2efd41,ee7c00877ae64dac87123a3d75251530,67dd23cfd20f46dc82acc82c108a1dc6,5a9a716f53364389864a4018d9e9c6c0,eb21a4e2b7bd43efbdf0c365415e7fef,9ffa09a2b9bd4da0ba98fc537ca68802
3ad82a6c3cc7421199dabde4d1c630d1,b69c17a10a55494d8caa56c33e8f4a56,7f23e27e5652406784fdc2dea3918125,fb8c2b83e46441c2aaa7c81d3642e2da,c78547bdc2e64ac8935559f7de2efd41,1ade4365590a4ac7865100d8c791e340,67dd23cfd20f46dc82acc82c108a1dc6,5a9a716f53364389864a4018d9e9c6c0,f59a3ee5387440d981754b6595e8664c,ec5fe0d3a2a2426ea4e49a5c0ad44e04,033f1514c78b49dd82148b94f6bcbeba
957fd0aaa98b49cd8b0aeeeff8fe554a,b69c17a10a55494d8caa56c33e8f4a56,66f4c650b7ca48f1bc27f9daff8d312a,1393dac7d34b4c34b1a8091a5bea3663,f59a3ee5387440d981754b6595e8664c,bfd1d441da734aad88cfacdab3ee4059,0d0973762130427eaa2ce9a7a34517db,3c0f3b44c0844df49b5898406fe9195a,5e199f7727cc4910ad88dbd81ed1ec82,41047823f2cb4194ba1e0709443c719a,29fb30a75c57451a85f310aa6423a662
3ae64cd8d99e463d84ad390f0770863a,57430214baf045cb92fa3b3b70a4ca3f,74644c8cc17449cf89379868e7b21398,75efe5ddef364f49865d9bb283492b48,f31e9fdffaa642ed98e91b07a30f3a8c,ca544e6629b14e8fab5f7cb40d1ac88e,dcfb738ebbc24f09bb680fe3a52b702e,d9b70c4ed8bb4fc5957ecebf102528ee,d756970269e9443fb9bbf645a96aa84e,7199f2fe77824236a392e1f00a5bdfc3,c3a741d302d94ee294bb6e4090fd2da9
83caabc655aa413fa28ce75908fc82c3,57430214baf045cb92fa3b3b70a4ca3f,74644c8cc17449cf89379868e7b21398,75efe5ddef364f49865d9bb283492b48,ca544e6629b14e8fab5f7cb40d1ac88e,dcfb738ebbc24f09bb680fe3a52b702e,f31e9fdffaa642ed98e91b07a30f3a8c,d9b70c4ed8bb4fc5957ecebf102528ee,44f41e6e6faa4facb0bb9a72205229f8,7d6cdff8c9ac434196df803628fe9f62,7ee65b33f8f44852ada468b1fed83433
b2a8b82d886042029e4d7b75f606d3f7,8dfbb6a204a0441492c35baca6190969,74644c8cc17449cf89379868e7b21398,f31e9fdffaa642ed98e91b07a30f3a8c,dcfb738ebbc24f09bb680fe3a52b702e,df7ea50171af48df81584ab7e8107d15,af532d6e5090478ba520505d5f9107f2,f69dcaceb6074ddebfe1dc7e5978fcff,2ece45504eff42469c104dc2a2d03caf,70558882c04e46bd99d15e9786468418,2d812431f07c44f1a56a71c72766e0b0
5ed3368f73bb44e6b4ad520a68661e92,8dfbb6a204a0441492c35baca6190969,74644c8cc17449cf89379868e7b21398,f31e9fdffaa642ed98e91b07a30f3a8c,dcfb738ebbc24f09bb680fe3a52b702e,df7ea50171af48df81584ab7e8107d15,af532d6e5090478ba520505d5f9107f2,f69dcaceb6074ddebfe1dc7e5978fcff,70558882c04e46bd99d15e9786468418,4254f6eaaed746bea797c3522036fc12,2d812431f07c44f1a56a71c72766e0b0
55b8c9724a3a454c9e37de654b24d293,f5b766ea6abe4b5fb27d49cc3bc06020,cf7476d6c96b4dcdb6f025b9291eb62b,4e4495962a9b4864882397042f1a2b3e,31f80e4c87164e2893375ec7e73b372e,1e376f9d0945477983c8d851e4b2cf5e,b85d652ba8d244f8ab9e941966094f28,dcfb738ebbc24f09bb680fe3a52b702e,664da77d25e74df693eaad44a5e7617f,6c51b4f57ba0415f994756e944b11cee,7fe9e665bf41491c9788941aa2894a10
515bbdb925064e5080053f5a3bfa72c2,42b6af4853fc465f83ec054f8f8289a4,563043f180e54e238ad4876974e5db4c,4926607aafe749538c930e108275547e,f69bf682935e47e1b4c72d237becd13a,7e190e3c05d74e6b9f103e39142c1684,e343a998f4df4ac195c84e0fb571a393,c84deec0ecf843c39f52d4cb8e7300f8,434551fdf9e443ed91679a9557ae6fd5,189a3b686ad14c24b5e1a495f76dd239,796eade2ee4f466781d9f6669db43e48
bd68648028064b068d1c788b7b8b35cf,f5b766ea6abe4b5fb27d49cc3bc06020,cf7476d6c96b4dcdb6f025b9291eb62b,4e4495962a9b4864882397042f1a2b3e,31f80e4c87164e2893375ec7e73b372e,1e376f9d0945477983c8d851e4b2cf5e,f2cfa68a47ce4a43a0fe1cc7dc860418,dcfb738ebbc24f09bb680fe3a52b702e,29088685e31a4d86b60b514e98117361,b85d652ba8d244f8ab9e941966094f28,6ae72ad649c54129b992d321f8f29122
191675e5da5649c9ad0e649fba7469fd,42b6af4853fc465f83ec054f8f8289a4,563043f180e54e238ad4876974e5db4c,4926607aafe749538c930e108275547e,f69bf682935e47e1b4c72d237becd13a,7e190e3c05d74e6b9f103e39142c1684,e343a998f4df4ac195c84e0fb571a393,baf841bad27c456c9de7227555ea3ef8,c84deec0ecf843c39f52d4cb8e7300f8,64fc9fe3c8d5424ebc005e5cf4a608db,434551fdf9e443ed91679a9557ae6fd5
917a01f6ae4049189b017ae05f4e8282,c3a741d302d94ee294bb6e4090fd2da9,4a3d4daed4b24a1898551f0fd1ba44f1,5a6f4a2f7f6a4b1fa146493472e6d721,32aaca2a732f4272b237374d3cdeec90,75efe5ddef364f49865d9bb283492b48,3356a8a8c6ee4f30bc2b028e360d4471,2471f23cb9b64d35a72deed09c9c8975,44f41e6e6faa4facb0bb9a72205229f8,25109e3a7df549e5b380aae716d71366,2acbd3ec289a47f7b4108896ec632585
8099552462944c5483e6c7e77019cd09,c3a741d302d94ee294bb6e4090fd2da9,4a3d4daed4b24a1898551f0fd1ba44f1,5a6f4a2f7f6a4b1fa146493472e6d721,32aaca2a732f4272b237374d3cdeec90,3356a8a8c6ee4f30bc2b028e360d4471,75efe5ddef364f49865d9bb283492b48,2471f23cb9b64d35a72deed09c9c8975,44f41e6e6faa4facb0bb9a72205229f8,25109e3a7df549e5b380aae716d71366,eafb3480db704d7baa8216ce857d1610
a9a932d9787f4b1c9d13926b41d68e8e,ef60b54aa4b5490890da32d0bb8c9cbf,4a3d4daed4b24a1898551f0fd1ba44f1,44f41e6e6faa4facb0bb9a72205229f8,5a6f4a2f7f6a4b1fa146493472e6d721,32aaca2a732f4272b237374d3cdeec90,3675c688960a4f3b9f82c4ccf4049e93,da88fa5efc674368b593444ca950dff9,39e2b00e1cbd471488cf56f31d2cec7f,84ff5144597241bba5cbd3d0b21d220d,33e2a95109e647cbb4ba2687631b169a
69a7253a5317474a980b4e9538e2df59,1232f20e710b448e8c0538b9e84dab1c,3138244ae91040948d5bd6772e4075ea,b23a9c50eada4286a4f7ce8668b92db1,64e74af099b0485f8b6e71ac73aa2cb8,70558882c04e46bd99d15e9786468418,5537ddec608a4ec586ea068fa27547ca,52ee59901f3b4de884d7a6720538aed6,e0ff5d4ae0ec4871a49041d550cdcaa9,1393dac7d34b4c34b1a8091a5bea3663,d756970269e9443fb9bbf645a96aa84e
54e1f0b191a74c1fbe587bd189dbefde,b23a9c50eada4286a4f7ce8668b92db1,cae139b6e4914ce7b0ef1e68b8b857eb,643fbbdd6b764ba9904a4ee67a86b9fd,3138244ae91040948d5bd6772e4075ea,5537ddec608a4ec586ea068fa27547ca,99ba4cc9355f4d79a68bc69ac12a716f,230b9ef63ea240e9b61a18f41473f942,89e983dca0a34b768e17b3871b9cea1e,70558882c04e46bd99d15e9786468418,9677dd2a3aae457a8079087ce4177e14
eab46b3eacfd4c65a5d3acea93bcd635,1232f20e710b448e8c0538b9e84dab1c,3138244ae91040948d5bd6772e4075ea,b23a9c50eada4286a4f7ce8668b92db1,64e74af099b0485f8b6e71ac73aa2cb8,70558882c04e46bd99d15e9786468418,5537ddec608a4ec586ea068fa27547ca,cc243eebbb2b44a581745865a60c423a,e1c63000ace94c1d9381d82389fe6afd,52ee59901f3b4de884d7a6720538aed6,b00b2395b49949508fade89bb3eac98b
77ba7373423f4871aa84b0e9e90558da,b23a9c50eada4286a4f7ce8668b92db1,cae139b6e4914ce7b0ef1e68b8b857eb,643fbbdd6b764ba9904a4ee67a86b9fd,3138244ae91040948d5bd6772e4075ea,5537ddec608a4ec586ea068fa27547ca,99ba4cc9355f4d79a68bc69ac12a716f,230b9ef63ea240e9b61a18f41473f942,89e983dca0a34b768e17b3871b9cea1e,70558882c04e46bd99d15e9786468418,9677dd2a3aae457a8079087ce4177e14
ada711f5328244f298daf7e98150c7b2,f2077addeb6142c8b3540916522126e8,3e923b6e3ceb4901b77c9a18729546eb,e1c63000ace94c1d9381d82389fe6afd,9aca522158f443fd8a9caaec38ae5e2c,3b7d56c26da14b3a9b1cd52b5b35891b,664da77d25e74df693eaad44a5e7617f,5e0a2bc284cf4002914ae4e6aaef41e8,b3a022950e444682a113cec5a0537f6a,9ffa09a2b9bd4da0ba98fc537ca68802,097c30a7f39a4a3abf6da2ca80cad3a5
b59f7290ee4240fba85223d721d2aefe,f2077addeb6142c8b3540916522126e8,3e923b6e3ceb4901b77c9a18729546eb,9aca522158f443fd8a9caaec38ae5e2c,e1c63000ace94c1d9381d82389fe6afd,5e0a2bc284cf4002914ae4e6aaef41e8,3b7d56c26da14b3a9b1cd52b5b35891b,664da77d25e74df693eaad44a5e7617f,9ffa09a2b9bd4da0ba98fc537ca68802,291130c42a884be2800e026bab5ddf53,097c30a7f39a4a3abf6da2ca80cad3a5
d8235671d5bc44ea9bb7b027f4c3bb3e,71c1a8479b194efca65b44fb7f327afb,f92d16d3a970487094292439c3e00923,98fbdf945d0c4206a48a4f7260e56017,8683a3ad55d84a78834fabe20cde5269,cb2505b30d8a4dc086c353cf94424b6d,b834c0b0c10b471b87ad3f11468de619,724a3f6551e74ad585bdeac9a75fd639,2f0401170d104b47b0a8f087f69dee88,d8b3ad3b5c4e474db41a671ab286424f,f65c7f50929f431dbf31b441d87616d0
518f59c8010c4dd48362de2cb03f5167,71c1a8479b194efca65b44fb7f327afb,f92d16d3a970487094292439c3e00923,98fbdf945d0c4206a48a4f7260e56017,8683a3ad55d84a78834fabe20cde5269,b834c0b0c10b471b87ad3f11468de619,cb2505b30d8a4dc086c353cf94424b6d,2f0401170d104b47b0a8f087f69dee88,97959d02a64f4a3fbbebe7cbece6c012,d8b3ad3b5c4e474db41a671ab286424f,434551fdf9e443ed91679a9557ae6fd5
c313a0d413ec48a6a2cbd1df9d98d820,77ce0587a12b46bab8814225ba86753e,cb2505b30d8a4dc086c353cf94424b6d,7d6cdff8c9ac434196df803628fe9f62,059a284910e849efbbc7073b8681409f,f92d16d3a970487094292439c3e00923,8683a3ad55d84a78834fabe20cde5269,98fbdf945d0c4206a48a4f7260e56017,a4af9472683c4df0a86f9400c99c2b61,b2bcb4d9456c4763a0159ffd1f3660bb,434551fdf9e443ed91679a9557ae6fd5
83661848dd63461885371664f7c4bc51,77ce0587a12b46bab8814225ba86753e,cb2505b30d8a4dc086c353cf94424b6d,7d6cdff8c9ac434196df803628fe9f62,059a284910e849efbbc7073b8681409f,8683a3ad55d84a78834fabe20cde5269,f92d16d3a970487094292439c3e00923,b2bcb4d9456c4763a0159ffd1f3660bb,98fbdf945d0c4206a48a4f7260e56017,a4af9472683c4df0a86f9400c99c2b61,8fdee0611965465eb45387b8c39f4136
0b47b27e631a492c8956eba727078681,3e59b61eb70146308db2308b988b54cf,a4af9472683c4df0a86f9400c99c2b61,4a7fa5a1bafe4b6995e2920444ac07c4,0accd1d0138b49049d437c0d9b1c23c3,76e41369a6794714a9fab6968839bfe6,b4dadb3ea3a04cc3932094471debce13,72a7e2ce22d045efbdbbab9c68f5d026,7d3d751215194e649a03457226f599d7,1ade4365590a4ac7865100d8c791e340,59f62d35b1ad451397b700b3dad25448
d0e0af0e83ea4c3b855152177e8295c4,98fbdf945d0c4206a48a4f7260e56017,8c7c9eaae41a44a3a4ebe39ce167d300,b834c0b0c10b471b87ad3f11468de619,724a3f6551e74ad585bdeac9a75fd639,f92d16d3a970487094292439c3e00923,76e41369a6794714a9fab6968839bfe6,3e59b61eb70146308db2308b988b54cf,2f0401170d104b47b0a8f087f69dee88,b64cef9df31c4e92a7b7ecd42f74f396,b675be39e8ff421aa59811f146da945b
3c7adf3c0f6a48ddae27f1be8bf94c98,a4af9472683c4df0a86f9400c99c2b61,76e41369a6794714a9fab6968839bfe6,8c7c9eaae41a44a3a4ebe39ce167d300,3e59b61eb70146308db2308b988b54cf,724a3f6551e74ad585bdeac9a75fd639,b834c0b0c10b471b87ad3f11468de619,b64cef9df31c4e92a7b7ecd42f74f396,f92d16d3a970487094292439c3e00923,dbb3fe11ad004895b302a84e7c066fcc,77ce0587a12b46bab8814225ba86753e
9ece5d7b95974244a7560e0a5516708d,7d3d751215194e649a03457226f599d7,98fbdf945d0c4206a48a4f7260e56017,a4af9472683c4df0a86f9400c99c2b61,0accd1d0138b49049d437c0d9b1c23c3,72a7e2ce22d045efbdbbab9c68f5d026,1419b2c686f44896a0ae2a43e93b5402,1ade4365590a4ac7865100d8c791e340,dbb3fe11ad004895b302a84e7c066fcc,b4dadb3ea3a04cc3932094471debce13,8746ae2ca7514699b629b4d9b5fe95a7
6b69e25d73f148c98af914e308e2396e,98fbdf945d0c4206a48a4f7260e56017,0accd1d0138b49049d437c0d9b1c23c3,a4af9472683c4df0a86f9400c99c2b61,1419b2c686f44896a0ae2a43e93b5402,b4dadb3ea3a04cc3932094471debce13,7d3d751215194e649a03457226f599d7,1ade4365590a4ac7865100d8c791e340,72a7e2ce22d045efbdbbab9c68f5d026,4c36aafaf38f4e9e9e09991737196fe1,a0408a6462b24cf18e50a8616359d5ad
f443d2b48e9f48748ed811a3ffbfeeb0,7584980704ae4617bb27ca162cc9c5db,6bde760ad5d4485db9889b1bdc074005,be8953cc364d46cebbcc2c2da2c348ab,e06d08ff594a4acbac12edf579743fcf,4e22dc65beb7450b9260cf27e50919e4,f335a944a27a4504a82ecf70c2d4a5e4,cd6ce920d00e4d17a6cf04f9f7e550b7,403835bbf2f1447188bcc78e062b0028,6ae72ad649c54129b992d321f8f29122,2c8eafa0ff26437a862dc2224ab57073
ca49f30627f348ebb9db4ee0577e1d96,f335a944a27a4504a82ecf70c2d4a5e4,0cdb0f32850f4585a16de4886462bbe0,7584980704ae4617bb27ca162cc9c5db,e06d08ff594a4acbac12edf579743fcf,5e44915237fc4445b54b037e1c4e29a4,403835bbf2f1447188bcc78e062b0028,eabdd2813a954f9aa01f0eb8212ee387,6ea31a945d494834a3d243f1f90af02a,be8953cc364d46cebbcc2c2da2c348ab,6bde760ad5d4485db9889b1bdc074005
3edc2638f7bf459c90061b70e170d78e,f335a944a27a4504a82ecf70c2d4a5e4,0cdb0f32850f4585a16de4886462bbe0,7584980704ae4617bb27ca162cc9c5db,e06d08ff594a4acbac12edf579743fcf,403835bbf2f1447188bcc78e062b0028,5e44915237fc4445b54b037e1c4e29a4,eabdd2813a954f9aa01f0eb8212ee387,6ea31a945d494834a3d243f1f90af02a,6bde760ad5d4485db9889b1bdc074005,4c67cc7a1ccc496db132636e3f4853a2
4241e3037cc4416b9760a32dc49b4d49,7584980704ae4617bb27ca162cc9c5db,e06d08ff594a4acbac12edf579743fcf,be8953cc364d46cebbcc2c2da2c348ab,6bde760ad5d4485db9889b1bdc074005,4e22dc65beb7450b9260cf27e50919e4,f335a944a27a4504a82ecf70c2d4a5e4,4c67cc7a1ccc496db132636e3f4853a2,cd6ce920d00e4d17a6cf04f9f7e550b7,403835bbf2f1447188bcc78e062b0028,6ae72ad649c54129b992d321f8f29122
2c1eb27749b548ee9cc13137105c60f9,e4ee90d625d44a6d9adc138390eef0f8,e22e1ad3c1fc4493bcb7c9b923566ff7,97959d02a64f4a3fbbebe7cbece6c012,7d6cdff8c9ac434196df803628fe9f62,105ad424733e4cffa7c474b51e3980aa,772cb9726861451d9972604da6f65c55,dcfb738ebbc24f09bb680fe3a52b702e,b3a022950e444682a113cec5a0537f6a,b0d2e6c4b2384950b3696c4414870282,27a0d24dc1e14b28a1f18456b29c93f1
879584d5b62041dfb4cfbb779df86357,21019944fc2c4838a682a6dcdc62c4ef,8228c9eb29a542ba98c8b9b854eadaa4,b626eb67c2e14afeae2846bb150976f3,97959d02a64f4a3fbbebe7cbece6c012,2d43cf91509846e29ab4febd7781919f,b0d2e6c4b2384950b3696c4414870282,35d06fce2df446569702778e2250bd82,d7c9dafddaf547159d366dacf7b68a7e,27a0d24dc1e14b28a1f18456b29c93f1,8746ae2ca7514699b629b4d9b5fe95a7
f21b02728ff6484fb3fd4a60399ab492,21019944fc2c4838a682a6dcdc62c4ef,8228c9eb29a542ba98c8b9b854eadaa4,97959d02a64f4a3fbbebe7cbece6c012,2d43cf91509846e29ab4febd7781919f,35d06fce2df446569702778e2250bd82,f4474150010f4021a4620372062f3797,d7c9dafddaf547159d366dacf7b68a7e,b626eb67c2e14afeae2846bb150976f3,a0408a6462b24cf18e50a8616359d5ad,8746ae2ca7514699b629b4d9b5fe95a7
d8456095cf7c4204a086a014ff2b3c14,e4ee90d625d44a6d9adc138390eef0f8,e22e1ad3c1fc4493bcb7c9b923566ff7,7d6cdff8c9ac434196df803628fe9f62,97959d02a64f4a3fbbebe7cbece6c012,dcfb738ebbc24f09bb680fe3a52b702e,105ad424733e4cffa7c474b51e3980aa,772cb9726861451d9972604da6f65c55,b3a022950e444682a113cec5a0537f6a,b0d2e6c4b2384950b3696c4414870282,27a0d24dc1e14b28a1f18456b29c93f1
3afae5ea042d4934b4e05a905c277730,b2b22c673e554db39c8acdbe42687a6d,fe363cef357840fcb35f320fe7c27e4e,5e199f7727cc4910ad88dbd81ed1ec82,8c5f38853679436ba434b6a696e43168,93bf0b86be094f68a9d308ca5ecfb4e3,887e323cc38f4cf8adc5970617f1c286,1d93c07de74c482ebf0a76ec564c3252,4230775a9d51448396cacb9061f0e5f9,ee337b5c1ef3431e9c120250bfec4cac,fc70a4c2c4834e0eba1a14470f563b03
c6c6941b06454b858b384b129f635fbc,1c6bbf19b3d2498696a5baf0f53a0f18,116f6c1f0cb54312986a0a729508a33e,5e199f7727cc4910ad88dbd81ed1ec82,93bf0b86be094f68a9d308ca5ecfb4e3,fe363cef357840fcb35f320fe7c27e4e,8ad1f345ca194b29bde0a924f27b2de5,8c5f38853679436ba434b6a696e43168,887e323cc38f4cf8adc5970617f1c286,4c8476482736459881e2a3b0509ee103,1d93c07de74c482ebf0a76ec564c3252
164fd25714484642abf3c2f90a97a8fd,9fd4c00672d84215b3e21812aef3d6ac,d65e3a3657ae455e954b6d7221afc84c,632cc2bc04034dd4848855fe6497262d,e0ff5d4ae0ec4871a49041d550cdcaa9,7d5c0a2bfccf4255a43d9bd0f84a6d3a,df0c94234d9d4890b5b4b95c441b3e9a,599feb1e512c43ad8c0a1845922acf78,6fc7a2cf0684475a82f6ff9be2c8e850,99a52c93a3304ec18dab9206f98f2a8b,59f62d35b1ad451397b700b3dad25448
3a05b06fa1e34ff0b02748d47a9e6360,9fd4c00672d84215b3e21812aef3d6ac,d65e3a3657ae455e954b6d7221afc84c,632cc2bc04034dd4848855fe6497262d,e0ff5d4ae0ec4871a49041d550cdcaa9,7d5c0a2bfccf4255a43d9bd0f84a6d3a,df0c94234d9d4890b5b4b95c441b3e9a,6fc7a2cf0684475a82f6ff9be2c8e850,599feb1e512c43ad8c0a1845922acf78,99a52c93a3304ec18dab9206f98f2a8b,57bcda73abab44ee930b20cdaee9d24b
fec5eb7ba2734bf5b777bcb611801028,8a9dc60359ba49cd8ac170cfb4ac3913,b0d2e6c4b2384950b3696c4414870282,f8856799293e49feab6368e794eb8b00,91f9f8576e5142a49926bd623b0bc19c,e0ff5d4ae0ec4871a49041d550cdcaa9,d65e3a3657ae455e954b6d7221afc84c,9dd98c9126c44642a20711729f2e731e,6c6de17135be4f8c9423be633eaefcd4,1578afd6ce694d46ab6e24f965f51fd6,4152360a4bea4cbbbfbe45ff3bf7f62b
99fd1c486f1c4dd591b9a6ecf8054b7d,8a9dc60359ba49cd8ac170cfb4ac3913,b0d2e6c4b2384950b3696c4414870282,f8856799293e49feab6368e794eb8b00,91f9f8576e5142a49926bd623b0bc19c,e0ff5d4ae0ec4871a49041d550cdcaa9,d65e3a3657ae455e954b6d7221afc84c,6c6de17135be4f8c9423be633eaefcd4,9dd98c9126c44642a20711729f2e731e,1578afd6ce694d46ab6e24f965f51fd6,4152360a4bea4cbbbfbe45ff3bf7f62b
7613bd74728b4f0baa8eabd0aefbbc29,eafb3480db704d7baa8216ce857d1610,bf789f42ccfc42c5a330a3f6e30ddb83,31cf7db26a3249c5a6205b005662ddcf,434551fdf9e443ed91679a9557ae6fd5,c750a2994555414790abb3281572bb42,199647bd1328406c83c5a875154f97d9,43ee0103cba54b4e9d165717735ca0f6,37ae696e40dd42ebb4738722daa3c523,b77d8b7bb0114c379139d280a9210e83,097f2ce3b88c4d008488b9908076497e
4c482b037ef04720a8eafa90efddd03b,4a6eba10a02a4ecdbb6b25e8651c3789,31cf7db26a3249c5a6205b005662ddcf,bf789f42ccfc42c5a330a3f6e30ddb83,82d68ea370f8451aa16ea08f4601245c,5f65785004054c67a618fe43b6a30f56,84ff5144597241bba5cbd3d0b21d220d,4a3d4daed4b24a1898551f0fd1ba44f1,8dfe01febd46475ab5aef97033716ce1,e79ae27b52fa4d54aa37735fd275c66e,00fb3a55134242769182c520d55681a2
596b8b0b72be41a4842150fbbd18aead,eafb3480db704d7baa8216ce857d1610,bf789f42ccfc42c5a330a3f6e30ddb83,31cf7db26a3249c5a6205b005662ddcf,c750a2994555414790abb3281572bb42,434551fdf9e443ed91679a9557ae6fd5,37ae696e40dd42ebb4738722daa3c523,199647bd1328406c83c5a875154f97d9,43ee0103cba54b4e9d165717735ca0f6,097f2ce3b88c4d008488b9908076497e,b77d8b7bb0114c379139d280a9210e83
99794362eca94e2ea0536c628c097ee0,4a6eba10a02a4ecdbb6b25e8651c3789,31cf7db26a3249c5a6205b005662ddcf,bf789f42ccfc42c5a330a3f6e30ddb83,82d68ea370f8451aa16ea08f4601245c,5f65785004054c67a618fe43b6a30f56,84ff5144597241bba5cbd3d0b21d220d,8dfe01febd46475ab5aef97033716ce1,4a3d4daed4b24a1898551f0fd1ba44f1,6f57d1175ad243edada61643d01fcd54,1b827db6f6cf4ecb850928c2f9e41de2
517088ff1e71421dbc66c81c7b6d809f,5be48a6bc26044f2a2e4e9b6a223c319,664da77d25e74df693eaad44a5e7617f,d33407004b9e433a9d4147cfe6584d36,59e4dcf2794943b18fb902a6eb475ff8,03df72bcf3504272a27f4bbaea89118a,27a67d3e76814297aebf64e03d14c336,27fe100af7884932a33bf30f10dacc55,291130c42a884be2800e026bab5ddf53,eff24b01b2f5428baa4c3fef6cb40d41,b6da55bea1244cf0a753b258420946b2
67f17a1293154579a1047cd28690d783,69ac8397e9624bfd8aee237b9f9ea3b5,d33407004b9e433a9d4147cfe6584d36,27a67d3e76814297aebf64e03d14c336,0bd1cce9370a461089e25393086800a8,67dd23cfd20f46dc82acc82c108a1dc6,c2a665cec90e46db8d2a74389beb4649,e8c8742459dc48a49080bf0e5b3fdee0,5cf392f15360460bae6a6b0182bb99b9,01930613ce7d4a5f90ccf78d1e92a55d,da14e9dc2c3d4963b725de8102de5028
376dc48ffd5842e2b10ce1bfe8617a4f,69ac8397e9624bfd8aee237b9f9ea3b5,d33407004b9e433a9d4147cfe6584d36,0bd1cce9370a461089e25393086800a8,27a67d3e76814297aebf64e03d14c336,29fb30a75c57451a85f310aa6423a662,664da77d25e74df693eaad44a5e7617f,e8c8742459dc48a49080bf0e5b3fdee0,01930613ce7d4a5f90ccf78d1e92a55d,19b81e71e7f04ebcbfade9daa899ed3d,67dd23cfd20f46dc82acc82c108a1dc6
e35f15c7fc564b948c6220d15268f95e,5be48a6bc26044f2a2e4e9b6a223c319,664da77d25e74df693eaad44a5e7617f,d33407004b9e433a9d4147cfe6584d36,59e4dcf2794943b18fb902a6eb475ff8,27a67d3e76814297aebf64e03d14c336,03df72bcf3504272a27f4bbaea89118a,52ee59901f3b4de884d7a6720538aed6,01930613ce7d4a5f90ccf78d1e92a55d,27fe100af7884932a33bf30f10dacc55,c2a665cec90e46db8d2a74389beb4649
7abc7ac040a84ae88177c3b2d510f7cb,1e376f9d0945477983c8d851e4b2cf5e,dcfb738ebbc24f09bb680fe3a52b702e,a9d82bb43410405ca21b44a5e82e22b6,7ee65b33f8f44852ada468b1fed83433,e8f18e4bdf054390a1768978dca8e430,f31e9fdffaa642ed98e91b07a30f3a8c,511fe9c8b20b4fda94969745238c9474,9fd4c00672d84215b3e21812aef3d6ac,44b3bc5953364d72a53edcf9fc4f1fed,57430214baf045cb92fa3b3b70a4ca3f
dc2a5233c1944b37aa2c99dd76665f2b,a9d82bb43410405ca21b44a5e82e22b6,e86a0aae846a4e44bf967ab4972c977c,189a3b686ad14c24b5e1a495f76dd239,2d812431f07c44f1a56a71c72766e0b0,dcfb738ebbc24f09bb680fe3a52b702e,cdd73e0289aa4e2b87cd14e6ff5bd75e,4926607aafe749538c930e108275547e,21eb9f06dd834a108d816efdf3aca8dc,b8da01ceddcb45a491a288ddbc658e90,2939ef012c5c4a1b94b49df9469dfb3c
27b25d301ad34851bd0df3863116a2e2,1e376f9d0945477983c8d851e4b2cf5e,dcfb738ebbc24f09bb680fe3a52b702e,a9d82bb43410405ca21b44a5e82e22b6,7ee65b33f8f44852ada468b1fed83433,57430214baf045cb92fa3b3b70a4ca3f,f31e9fdffaa642ed98e91b07a30f3a8c,e8f18e4bdf054390a1768978dca8e430,b33a0f5b564a4942b04046ab7a8e2aae,cdd73e0289aa4e2b87cd14e6ff5bd75e,70aa10580bfe4069bdaa5721ae2d29db
2b2bf37314104deaa800c3918ab54a33,a9d82bb43410405ca21b44a5e82e22b6,e86a0aae846a4e44bf967ab4972c977c,189a3b686ad14c24b5e1a495f76dd239,2d812431f07c44f1a56a71c72766e0b0,dcfb738ebbc24f09bb680fe3a52b702e,cdd73e0289aa4e2b87cd14e6ff5bd75e,4926607aafe749538c930e108275547e,21eb9f06dd834a108d816efdf3aca8dc,b8da01ceddcb45a491a288ddbc658e90,4152360a4bea4cbbbfbe45ff3bf7f62b
3c56e94879364377bc8bfb7a92d403d1,1e376f9d0945477983c8d851e4b2cf5e,b00b2395b49949508fade89bb3eac98b,7ee65b33f8f44852ada468b1fed83433,e86a0aae846a4e44bf967ab4972c977c,772cb9726861451d9972604da6f65c55,dcfb738ebbc24f09bb680fe3a52b702e,f92d16d3a970487094292439c3e00923,d716ea165223433a8d49b93e96989482,2939ef012c5c4a1b94b49df9469dfb3c,4152360a4bea4cbbbfbe45ff3bf7f62b
c28224ae63704fec95ee0278f177f277,a94cb58f1ca8456b96e39b5b1ebfb7ea,9500823cb050427696343b1ea5cf8881,f91157bb8fca4a8e98db33591a76be9a,5455e62f52ae4e03b2a5d0e8b9899506,039a871609044cb1b69f70c082fe61d8,3f23eafbd9cc4e209aca631fd6fc9dfd,be70e49b76c24527b4fddfb6b78b6d8d,f69855cdf66d4f6887ecfd0ddb9014b5,35c5a560ecdc4d6a9d20f057ed1fa0e6,39e2b00e1cbd471488cf56f31d2cec7f
2c9175bf65da4030a4bca9f358cadeda,521004289ebc4e6da6623381d40a5e73,a94cb58f1ca8456b96e39b5b1ebfb7ea,9500823cb050427696343b1ea5cf8881,f91157bb8fca4a8e98db33591a76be9a,5455e62f52ae4e03b2a5d0e8b9899506,039a871609044cb1b69f70c082fe61d8,3f23eafbd9cc4e209aca631fd6fc9dfd,be70e49b76c24527b4fddfb6b78b6d8d,f69855cdf66d4f6887ecfd0ddb9014b5,39e2b00e1cbd471488cf56f31d2cec7f
7567134f761c40a79567b3f82e31afdc,9500823cb050427696343b1ea5cf8881,5455e62f52ae4e03b2a5d0e8b9899506,3f23eafbd9cc4e209aca631fd6fc9dfd,521004289ebc4e6da6623381d40a5e73,be70e49b76c24527b4fddfb6b78b6d8d,039a871609044cb1b69f70c082fe61d8,a94cb58f1ca8456b96e39b5b1ebfb7ea,35c5a560ecdc4d6a9d20f057ed1fa0e6,8fdee0611965465eb45387b8c39f4136,f69855cdf66d4f6887ecfd0ddb9014b5
e95e0daa9ae049ef8be95f459b99d584,bc13c2b0221744a29a8ddf56aa015df9,99a52c93a3304ec18dab9206f98f2a8b,89e983dca0a34b768e17b3871b9cea1e,643fbbdd6b764ba9904a4ee67a86b9fd,b40d3c588ad647ff85e397a6bc5f9d8b,8d595c7da42545c88052e7b213b6c97c,99830b8da7c24f909914f7bb167f3ea6,599feb1e512c43ad8c0a1845922acf78,7d0190486da540718e4dc4ca4bd1f573,36ac84a73ad34261ad45cf569edb60af
ee401564da1d407da8d97b804a5e3801,99a52c93a3304ec18dab9206f98f2a8b,89e983dca0a34b768e17b3871b9cea1e,e511c40ca6324803b5021e47b4e777f8,1232f20e710b448e8c0538b9e84dab1c,b40d3c588ad647ff85e397a6bc5f9d8b,8d595c7da42545c88052e7b213b6c97c,bc13c2b0221744a29a8ddf56aa015df9,f37d285ad0de42f0b1546d0d1acfb221,e1c63000ace94c1d9381d82389fe6afd,19593c97fef0474dbe6051e28338f1e9
77ae6ded0d014f36b371a4153e05c4ed,99a52c93a3304ec18dab9206f98f2a8b,b40d3c588ad647ff85e397a6bc5f9d8b,643fbbdd6b764ba9904a4ee67a86b9fd,e511c40ca6324803b5021e47b4e777f8,bc13c2b0221744a29a8ddf56aa015df9,1232f20e710b448e8c0538b9e84dab1c,8d595c7da42545c88052e7b213b6c97c,ffc5805e29a74be0a55b40318aa321d7,19593c97fef0474dbe6051e28338f1e9,ad42c467d0fe43dbb328073f9a16bc4d
8a0213e5d51f4d7ca596a5163d04d39b,99a52c93a3304ec18dab9206f98f2a8b,89e983dca0a34b768e17b3871b9cea1e,643fbbdd6b764ba9904a4ee67a86b9fd,e511c40ca6324803b5021e47b4e777f8,bc13c2b0221744a29a8ddf56aa015df9,8d595c7da42545c88052e7b213b6c97c,ad42c467d0fe43dbb328073f9a16bc4d,1232f20e710b448e8c0538b9e84dab1c,c66c6f1449d44728a2ef72de53dd6d5e,b23a9c50eada4286a4f7ce8668b92db1
49a13f972cb940089aa409b42b7e809b,cb32ec9a538a4c0f8462771946ced93b,1a0ac2d40cb04ca993e1db68d787728a,a70909d3ce0d4235913b5ce6a138dcce,c24e3823376b436c8eb46eaeebbc7718,b52468fc0af2435f9ba91939f72bbf6a,66f4c650b7ca48f1bc27f9daff8d312a,8a464aa9e2ee45d0abc7ae6181cd1bda,a0b4d283f12a407286dbeaa3a4d128a5,2c65a898314b42e6b2e93dca66fd15c2,ee7c00877ae64dac87123a3d75251530
42b7373e7edb4471bd9cd69dd50bf4f1,b425f33c33ad4be89a12da266d131a86,cb32ec9a538a4c0f8462771946ced93b,14ca42308d3141fba50b774042144343,8a464aa9e2ee45d0abc7ae6181cd1bda,66f4c650b7ca48f1bc27f9daff8d312a,ee7c00877ae64dac87123a3d75251530,b52468fc0af2435f9ba91939f72bbf6a,a70909d3ce0d4235913b5ce6a138dcce,f59a3ee5387440d981754b6595e8664c,c24e3823376b436c8eb46eaeebbc7718
f387e105e9d440d199759eb2c79cd950,a865b8d581b44104afe7c8508e3486f5,d7c9dafddaf547159d366dacf7b68a7e,910827a15eac4e4b9005d8e46ad71f6e,b00b2395b49949508fade89bb3eac98b,66f4c650b7ca48f1bc27f9daff8d312a,29fb30a75c57451a85f310aa6423a662,11e1e3cdfe214385a2c24d0f957dde9b,ee7c00877ae64dac87123a3d75251530,73f684f538ea452cbb4fbecc2e8126a4,664da77d25e74df693eaad44a5e7617f
a75e0b290bc941358cd4614e21662749,d7c9dafddaf547159d366dacf7b68a7e,11e1e3cdfe214385a2c24d0f957dde9b,b00b2395b49949508fade89bb3eac98b,66f4c650b7ca48f1bc27f9daff8d312a,2939ef012c5c4a1b94b49df9469dfb3c,a865b8d581b44104afe7c8508e3486f5,43464ed6733f4642a0b90e7d995a5e40,9fd4c00672d84215b3e21812aef3d6ac,f676e16c6a134bd5a7bbeee4590adcfe,cf290994a83e4909aec30077477b9d04
1c30f9917de0495eae26b471a7cd3e1d,cb32ec9a538a4c0f8462771946ced93b,1a0ac2d40cb04ca993e1db68d787728a,a70909d3ce0d4235913b5ce6a138dcce,c24e3823376b436c8eb46eaeebbc7718,66f4c650b7ca48f1bc27f9daff8d312a,b52468fc0af2435f9ba91939f72bbf6a,8a464aa9e2ee45d0abc7ae6181cd1bda,19b81e71e7f04ebcbfade9daa899ed3d,ee7c00877ae64dac87123a3d75251530,a0b4d283f12a407286dbeaa3a4d128a5
57378df73d2a41698b22cc6d6171529d,33e2a95109e647cbb4ba2687631b169a,1d93c07de74c482ebf0a76ec564c3252,71d4b4036e594d7399506e6fd9b88063,1c6bbf19b3d2498696a5baf0f53a0f18,7ef653f7e5f64e1b8bba73b9518b87b7,c3502ff31ce6459a96164c934f297562,716a15d66b63424a8068da89e75733b4,50aa0f56e00d4c23ac78b3e63bc0f0e1,8af25c7ae8e14435a6e27a5671968f50,fc70a4c2c4834e0eba1a14470f563b03
ffa661c1e7484ac0bd1e6fd235a3cc5a,33e2a95109e647cbb4ba2687631b169a,1d93c07de74c482ebf0a76ec564c3252,50aa0f56e00d4c23ac78b3e63bc0f0e1,fc70a4c2c4834e0eba1a14470f563b03,716a15d66b63424a8068da89e75733b4,1c6bbf19b3d2498696a5baf0f53a0f18,8af25c7ae8e14435a6e27a5671968f50,71d4b4036e594d7399506e6fd9b88063,b2b22c673e554db39c8acdbe42687a6d,8c5f38853679436ba434b6a696e43168
b2ab0d60cd84497b8493bee493f63c20,2acbd3ec289a47f7b4108896ec632585,1d93c07de74c482ebf0a76ec564c3252,50aa0f56e00d4c23ac78b3e63bc0f0e1,878e5c41be5c477e9f660ca361fdd727,7ef653f7e5f64e1b8bba73b9518b87b7,887e323cc38f4cf8adc5970617f1c286,8af25c7ae8e14435a6e27a5671968f50,82d68ea370f8451aa16ea08f4601245c,5e199f7727cc4910ad88dbd81ed1ec82,5f65785004054c67a618fe43b6a30f56
5cbead44a3a74909ab9ed4a89f1396cf,2acbd3ec289a47f7b4108896ec632585,1d93c07de74c482ebf0a76ec564c3252,878e5c41be5c477e9f660ca361fdd727,5f65785004054c67a618fe43b6a30f56,4230775a9d51448396cacb9061f0e5f9,887e323cc38f4cf8adc5970617f1c286,50aa0f56e00d4c23ac78b3e63bc0f0e1,82d68ea370f8451aa16ea08f4601245c,ad3d372fbf054ea1ad06cfcb7490df4b,7ef653f7e5f64e1b8bba73b9518b87b7
6e174164c10a49d8a9483ad16d690598,d43b0f94627d45918e18a80be127aa2c,30c71719aed84c07ae21d0eff0deed72,ff171f0b29974f78b0e81fee30abdd38,0accd1d0138b49049d437c0d9b1c23c3,295d0d40791245ff838c73a2aa27d065,4c36aafaf38f4e9e9e09991737196fe1,7ef653f7e5f64e1b8bba73b9518b87b7,c713a0ca69864ee7b240069c98dc44dc,59f62d35b1ad451397b700b3dad25448,75801225047a4c019100660c13f1e0f1
1472ac5adbe24310ac0366a2fb7c4d66,d43b0f94627d45918e18a80be127aa2c,2fcf4a04d3654ffb9a5c1dfa3799e4f0,3bd43a42811048e3b7a7d9740bdb1971,d658e3a743af41899183fecff6b2628d,384f94503bcd4f4c863056ad69f45b43,a0408a6462b24cf18e50a8616359d5ad,8350ea8cd6514c2c8d7b625abe7e895b,7bbe3c76bcc04d73969f920d43fcc67d,e2e0c8c96aff4c00896ac6986bbb20c2,33b5e2ae5ebe4f548bac3a00ab0a59eb
7df15c3f44244335b645553730704ae6,d43b0f94627d45918e18a80be127aa2c,2fcf4a04d3654ffb9a5c1dfa3799e4f0,3bd43a42811048e3b7a7d9740bdb1971,d658e3a743af41899183fecff6b2628d,384f94503bcd4f4c863056ad69f45b43,a0408a6462b24cf18e50a8616359d5ad,40a95697730046dcbb0d7ba1fe2109a6,8350ea8cd6514c2c8d7b625abe7e895b,7c061d36393540b49e20d98086bdb5bd,3827ad869b3740278b98db4e65c40e0c
d59e2a4a21bf40f9b53614eb370d1190,d43b0f94627d45918e18a80be127aa2c,ff171f0b29974f78b0e81fee30abdd38,30c71719aed84c07ae21d0eff0deed72,0accd1d0138b49049d437c0d9b1c23c3,4c36aafaf38f4e9e9e09991737196fe1,521004289ebc4e6da6623381d40a5e73,e2e0c8c96aff4c00896ac6986bbb20c2,59f62d35b1ad451397b700b3dad25448,a94cb58f1ca8456b96e39b5b1ebfb7ea,7ef653f7e5f64e1b8bba73b9518b87b7
fa321eafe1a9412bb6e66f46ae22286c,23a16d69ffe848d593a4808907d8aa98,5537ddec608a4ec586ea068fa27547ca,72a7e2ce22d045efbdbbab9c68f5d026,24c55bb5cd694770ba895c7401da2ba5,34b736136487439389c10cc6bd4e9f4e,7fe9e665bf41491c9788941aa2894a10,6866efc8987a4ec8b04b7abd28fb5777,57430214baf045cb92fa3b3b70a4ca3f,7d0190486da540718e4dc4ca4bd1f573,595e438d2b394bb3a3259f47efd37ae8
503f076c7e794fbca12dae4217643acd,23a16d69ffe848d593a4808907d8aa98,5537ddec608a4ec586ea068fa27547ca,72a7e2ce22d045efbdbbab9c68f5d026,24c55bb5cd694770ba895c7401da2ba5,34b736136487439389c10cc6bd4e9f4e,7fe9e665bf41491c9788941aa2894a10,57430214baf045cb92fa3b3b70a4ca3f,6866efc8987a4ec8b04b7abd28fb5777,9094e936e13641cc9bfcc7dc1408d86e,98fbdf945d0c4206a48a4f7260e56017
14780abe56584d7c820310e42bef8f59,cb75c6ef71cb4991805920f2894e0e96,6400e3f6a14c492ba399bd414faca075,3e59b61eb70146308db2308b988b54cf,f5a9583711fc4ff4a46e85c24886b234,8746ae2ca7514699b629b4d9b5fe95a7,f7f600880b064920ab59b907d26aedc6,d2bcc978e7aa49908919d9fc40138b27,df7ea50171af48df81584ab7e8107d15,1ade4365590a4ac7865100d8c791e340,7879fa4d4db046a2a8d195311b6e5789
695fbae9ce4c4e3ab42253368b1e2cd2,cb75c6ef71cb4991805920f2894e0e96,6400e3f6a14c492ba399bd414faca075,3e59b61eb70146308db2308b988b54cf,f5a9583711fc4ff4a46e85c24886b234,8746ae2ca7514699b629b4d9b5fe95a7,7879fa4d4db046a2a8d195311b6e5789,1ade4365590a4ac7865100d8c791e340,f7f600880b064920ab59b907d26aedc6,bb84a4cf60c84a8d8e23276b1863d293,bfd1d441da734aad88cfacdab3ee4059
c4b6717a4b55444ca077700ab06da875,66690895454847fea5a000202fbfab2e,ad054da7e1704a53931a341173f0605f,44b3bc5953364d72a53edcf9fc4f1fed,0ecfdd96e0054841883acba75e83b232,e834bfbd30b247e899f0dc029ab9f072,c84deec0ecf843c39f52d4cb8e7300f8,04537eabb0434eb2804d1220770b85a0,e3854d75221c4e38879a6106bb5c1941,e7aaa514f6f64a258a640ea341aa1a18,77cecb221149474896d9b2eb848bf150
7ddb092a89824767b09eb8b07c8f67de,66690895454847fea5a000202fbfab2e,ad054da7e1704a53931a341173f0605f,44b3bc5953364d72a53edcf9fc4f1fed,0ecfdd96e0054841883acba75e83b232,e834bfbd30b247e899f0dc029ab9f072,c84deec0ecf843c39f52d4cb8e7300f8,04537eabb0434eb2804d1220770b85a0,e7aaa514f6f64a258a640ea341aa1a18,e3854d75221c4e38879a6106bb5c1941,77cecb221149474896d9b2eb848bf150
21ff6809479e4f828a199d580c8ae4c1,afaf2edba0ee4d58860a5a04e4aabc5c,c84deec0ecf843c39f52d4cb8e7300f8,f1eecad10a61421eb16b1be7435d9c19,e7aaa514f6f64a258a640ea341aa1a18,44b3bc5953364d72a53edcf9fc4f1fed,0ecfdd96e0054841883acba75e83b232,77cecb221149474896d9b2eb848bf150,e834bfbd30b247e899f0dc029ab9f072,250d411ae270441085be3501b7b55d86,7862a63720b34104abf5bfa44bc8178d
763242c8ded1422bb4439fdb575fad5b,afaf2edba0ee4d58860a5a04e4aabc5c,c84deec0ecf843c39f52d4cb8e7300f8,f1eecad10a61421eb16b1be7435d9c19,e7aaa514f6f64a258a640ea341aa1a18,44b3bc5953364d72a53edcf9fc4f1fed,77cecb221149474896d9b2eb848bf150,0ecfdd96e0054841883acba75e83b232,e834bfbd30b247e899f0dc029ab9f072,250d411ae270441085be3501b7b55d86,04537eabb0434eb2804d1220770b85a0
5ebf97c863dd4c5ba61093f8ab07b15d,3675c688960a4f3b9f82c4ccf4049e93,ad42c467d0fe43dbb328073f9a16bc4d,c14e45f5201b4038bdddddb238d888a3,0cc5015848a044b59fa4b290813f859c,c5486d5e31084ee797da0ebdacb17abc,0d0973762130427eaa2ce9a7a34517db,8b4e9e3d234e4eec99a7651e246bbfa3,70558882c04e46bd99d15e9786468418,d476be2399b7424a88d242b771c32041,0971af4212484a958eb0f60f93d1dfe0
a9852ab7f40a4b35a004ce7c87aac7b6,45f4192f485a49d9a75219ae4d0c41ee,1004b33e3126472faa78e1929ed974e6,44f41e6e6faa4facb0bb9a72205229f8,64fc9fe3c8d5424ebc005e5cf4a608db,022e16490d1949b9ab2fc1de5a837031,3b7d56c26da14b3a9b1cd52b5b35891b,c14e45f5201b4038bdddddb238d888a3,9ffa09a2b9bd4da0ba98fc537ca68802,c5486d5e31084ee797da0ebdacb17abc,8b4e9e3d234e4eec99a7651e246bbfa3
c8186591409f4404a006b302ed5475d5,ad42c467d0fe43dbb328073f9a16bc4d,3675c688960a4f3b9f82c4ccf4049e93,c14e45f5201b4038bdddddb238d888a3,da9cfbdf124143b78bec89393dd5287a,0cc5015848a044b59fa4b290813f859c,c24e3823376b436c8eb46eaeebbc7718,8b4e9e3d234e4eec99a7651e246bbfa3,c5486d5e31084ee797da0ebdacb17abc,6fc7a2cf0684475a82f6ff9be2c8e850,de72d25d08da4b03ac6f6411ce30e07c
afc4b3ff44d1405c9ff0cce76fa55d76,0cc5015848a044b59fa4b290813f859c,8b4e9e3d234e4eec99a7651e246bbfa3,47eb17da319d440aa52da8008c26327a,1004b33e3126472faa78e1929ed974e6,3675c688960a4f3b9f82c4ccf4049e93,3e6a4b65a1004c08a6f3f570cf986c2f,36ee1613abf245cdbe93fef69b5f981f,0228b1e9e3244da3a727930123ba7bda,0d0973762130427eaa2ce9a7a34517db,45e440d874a54bb591862ff441114cd3
9df4eaf2213048e4a4ca33f6d817a0b9,9ffa09a2b9bd4da0ba98fc537ca68802,1004b33e3126472faa78e1929ed974e6,9aca522158f443fd8a9caaec38ae5e2c,3b7d56c26da14b3a9b1cd52b5b35891b,ffe2740eee8c49b39b2ce41f9983bcb4,022e16490d1949b9ab2fc1de5a837031,3675c688960a4f3b9f82c4ccf4049e93,0228b1e9e3244da3a727930123ba7bda,999a2b52a5004ee984e587d5a1327b23,7c061d36393540b49e20d98086bdb5bd
452c8a69dd45447f976e014338d22ae6,9ffa09a2b9bd4da0ba98fc537ca68802,3b7d56c26da14b3a9b1cd52b5b35891b,9aca522158f443fd8a9caaec38ae5e2c,022e16490d1949b9ab2fc1de5a837031,3675c688960a4f3b9f82c4ccf4049e93,f2077addeb6142c8b3540916522126e8,7c061d36393540b49e20d98086bdb5bd,0228b1e9e3244da3a727930123ba7bda,c5486d5e31084ee797da0ebdacb17abc,56272326c7e94e419ea8c69fb634f610
9294a2cddd6848f5a6bc5c647fe94884,0cc5015848a044b59fa4b290813f859c,8b4e9e3d234e4eec99a7651e246bbfa3,47eb17da319d440aa52da8008c26327a,3675c688960a4f3b9f82c4ccf4049e93,1004b33e3126472faa78e1929ed974e6,36ee1613abf245cdbe93fef69b5f981f,45f4192f485a49d9a75219ae4d0c41ee,5f481b07f9734f518a14853831233b78,3e6a4b65a1004c08a6f3f570cf986c2f,1ad0cf33e96243888d5f970195a75586
eb3962be88734097b437832a832493f0,724a3f6551e74ad585bdeac9a75fd639,44f41e6e6faa4facb0bb9a72205229f8,63eab812f3254cccb9631b09725aec3d,599feb1e512c43ad8c0a1845922acf78,97959d02a64f4a3fbbebe7cbece6c012,5f65785004054c67a618fe43b6a30f56,6dc5832f0ac04df2bd99c6415b3ecf09,df0c94234d9d4890b5b4b95c441b3e9a,30c71719aed84c07ae21d0eff0deed72,6866efc8987a4ec8b04b7abd28fb5777
4bb99b51272145f8be128cac5ef3bd65,66690895454847fea5a000202fbfab2e,afaf2edba0ee4d58860a5a04e4aabc5c,ad054da7e1704a53931a341173f0605f,f4474150010f4021a4620372062f3797,b3a022950e444682a113cec5a0537f6a,c84deec0ecf843c39f52d4cb8e7300f8,ff51ca928cd54f4da620c27983e221f8,514537782f6549c488a1b932939b4128,79721c9bb6a54ecdb3d0a0f4011762c1,df0c94234d9d4890b5b4b95c441b3e9a
122365aed2d049328715f0fe1b2a43c7,66690895454847fea5a000202fbfab2e,afaf2edba0ee4d58860a5a04e4aabc5c,c84deec0ecf843c39f52d4cb8e7300f8,ad054da7e1704a53931a341173f0605f,f4474150010f4021a4620372062f3797,e7aaa514f6f64a258a640ea341aa1a18,14ca42308d3141fba50b774042144343,b3a022950e444682a113cec5a0537f6a,ff51ca928cd54f4da620c27983e221f8,514537782f6549c488a1b932939b4128
742fec743e3e477785a08d04b8407e64,724a3f6551e74ad585bdeac9a75fd639,63eab812f3254cccb9631b09725aec3d,44f41e6e6faa4facb0bb9a72205229f8,599feb1e512c43ad8c0a1845922acf78,97959d02a64f4a3fbbebe7cbece6c012,e8927e14983a43da900edd926dd35adb,30c71719aed84c07ae21d0eff0deed72,19593c97fef0474dbe6051e28338f1e9,0f785440b29548e1a1968868262fd42e,384b14b18c3c43b1a4dc1aa2f661e076
c3484b8c5f024854997f34baca483cc0,7ee65b33f8f44852ada468b1fed83433,e0d8aee46b1d4d998858cd05027251b6,bce599075dfd4fac8dd78626106e3071,1e376f9d0945477983c8d851e4b2cf5e,dcfb738ebbc24f09bb680fe3a52b702e,595e438d2b394bb3a3259f47efd37ae8,af532d6e5090478ba520505d5f9107f2,7d6cdff8c9ac434196df803628fe9f62,1b827db6f6cf4ecb850928c2f9e41de2,57430214baf045cb92fa3b3b70a4ca3f
94e0d776b3794ee083e5c1681cef5d04,2d812431f07c44f1a56a71c72766e0b0,cdd73e0289aa4e2b87cd14e6ff5bd75e,e0d8aee46b1d4d998858cd05027251b6,dcfb738ebbc24f09bb680fe3a52b702e,595e438d2b394bb3a3259f47efd37ae8,a9d82bb43410405ca21b44a5e82e22b6,bce599075dfd4fac8dd78626106e3071,af532d6e5090478ba520505d5f9107f2,e86a0aae846a4e44bf967ab4972c977c,1aef014473b84ef9a0f799114fe516c9
2b23b46313714edcb7da655ef18a0f03,2d812431f07c44f1a56a71c72766e0b0,cdd73e0289aa4e2b87cd14e6ff5bd75e,e0d8aee46b1d4d998858cd05027251b6,dcfb738ebbc24f09bb680fe3a52b702e,595e438d2b394bb3a3259f47efd37ae8,a9d82bb43410405ca21b44a5e82e22b6,bce599075dfd4fac8dd78626106e3071,e86a0aae846a4e44bf967ab4972c977c,af532d6e5090478ba520505d5f9107f2,1aef014473b84ef9a0f799114fe516c9
fad34cbf60564c3f99677bb2e06263aa,bb84a4cf60c84a8d8e23276b1863d293,7879fa4d4db046a2a8d195311b6e5789,31a2675a2e944a1ab3b810cfb92ebd34,67984873125e4a0f9562179c906d1b0f,0568345606fa4a2c84ed4ea6c74639ee,dcfb738ebbc24f09bb680fe3a52b702e,e43d8e7bc32f406b9a692e2604f5b45a,d0b6e9c1cc5341faba9e03c17767bc2e,09f4970dfe684b809bc0959fb62f41bf,22d9d5ad33e947fd857c5c4a8b7dfae1
a47ae5564b854b989994a2a30367bfa4,7ee65b33f8f44852ada468b1fed83433,e0d8aee46b1d4d998858cd05027251b6,bce599075dfd4fac8dd78626106e3071,1e376f9d0945477983c8d851e4b2cf5e,dcfb738ebbc24f09bb680fe3a52b702e,595e438d2b394bb3a3259f47efd37ae8,af532d6e5090478ba520505d5f9107f2,7d6cdff8c9ac434196df803628fe9f62,e86a0aae846a4e44bf967ab4972c977c,a865b8d581b44104afe7c8508e3486f5
9113b0a4a5e24e61aed364a478da29ee,c1def54262224e23acf67a9870725ce5,fc430b7683934be2aba12468b2409bb8,27a0d24dc1e14b28a1f18456b29c93f1,e8927e14983a43da900edd926dd35adb,999a2b52a5004ee984e587d5a1327b23,ad42c467d0fe43dbb328073f9a16bc4d,b3209c60460a437294e2b30a9e9d3f53,b3a022950e444682a113cec5a0537f6a,97959d02a64f4a3fbbebe7cbece6c012,35d06fce2df446569702778e2250bd82
b3926611d2914adc8eadda384ed96905,bcfa4a4177d44d8b8cda17b7a23196b0,fc430b7683934be2aba12468b2409bb8,27a0d24dc1e14b28a1f18456b29c93f1,e8927e14983a43da900edd926dd35adb,ad42c467d0fe43dbb328073f9a16bc4d,999a2b52a5004ee984e587d5a1327b23,02e1d712f37e428c998f72e7a7eeb1e6,b3209c60460a437294e2b30a9e9d3f53,dbb3fe11ad004895b302a84e7c066fcc,35d06fce2df446569702778e2250bd82
36bc21f1eb9547d6acfa87c18625fa92,bcfa4a4177d44d8b8cda17b7a23196b0,fc430b7683934be2aba12468b2409bb8,27a0d24dc1e14b28a1f18456b29c93f1,e8927e14983a43da900edd926dd35adb,ad42c467d0fe43dbb328073f9a16bc4d,999a2b52a5004ee984e587d5a1327b23,e8f18e4bdf054390a1768978dca8e430,7960902edf4b47d686f704441aa56b0e,dbb3fe11ad004895b302a84e7c066fcc,b3209c60460a437294e2b30a9e9d3f53
d7becb5524844f73b41af1cad1c1266b,999a2b52a5004ee984e587d5a1327b23,bcfa4a4177d44d8b8cda17b7a23196b0,02e1d712f37e428c998f72e7a7eeb1e6,c1def54262224e23acf67a9870725ce5,27a0d24dc1e14b28a1f18456b29c93f1,b3209c60460a437294e2b30a9e9d3f53,fc430b7683934be2aba12468b2409bb8,e8927e14983a43da900edd926dd35adb,ec4820b018a04967a457a9c032a51dc6,55c0b899937042c98162389b209aca7f
f63ec53d7383437a8d1e627efc4dd528,c1def54262224e23acf67a9870725ce5,fc430b7683934be2aba12468b2409bb8,27a0d24dc1e14b28a1f18456b29c93f1,e8927e14983a43da900edd926dd35adb,999a2b52a5004ee984e587d5a1327b23,b3209c60460a437294e2b30a9e9d3f53,ad42c467d0fe43dbb328073f9a16bc4d,02e1d712f37e428c998f72e7a7eeb1e6,ec4820b018a04967a457a9c032a51dc6,b3a022950e444682a113cec5a0537f6a
d76ebc807f524eb9b8f95b523304233d,35d06fce2df446569702778e2250bd82,f4474150010f4021a4620372062f3797,7960902edf4b47d686f704441aa56b0e,04537eabb0434eb2804d1220770b85a0,98b2022b2cb84af09ee8b789db928b13,8228c9eb29a542ba98c8b9b854eadaa4,215f3d275db14601a0383885cbaad86e,e834bfbd30b247e899f0dc029ab9f072,21019944fc2c4838a682a6dcdc62c4ef,570f08ce2a1a47978eab16bf7ad16a68
4b8fd90e4d5b4a25a57652c495f66ea5,35d06fce2df446569702778e2250bd82,f4474150010f4021a4620372062f3797,7960902edf4b47d686f704441aa56b0e,04537eabb0434eb2804d1220770b85a0,98b2022b2cb84af09ee8b789db928b13,8228c9eb29a542ba98c8b9b854eadaa4,215f3d275db14601a0383885cbaad86e,e834bfbd30b247e899f0dc029ab9f072,21019944fc2c4838a682a6dcdc62c4ef,570f08ce2a1a47978eab16bf7ad16a68
9ac82778d5784882b02b03d8ce1a4ccd,b3a022950e444682a113cec5a0537f6a,d75a52d716984f318f976bbfc7bee787,7960902edf4b47d686f704441aa56b0e,98b2022b2cb84af09ee8b789db928b13,04537eabb0434eb2804d1220770b85a0,e834bfbd30b247e899f0dc029ab9f072,57bcda73abab44ee930b20cdaee9d24b,baf841bad27c456c9de7227555ea3ef8,c1def54262224e23acf67a9870725ce5,215f3d275db14601a0383885cbaad86e
dee104ae444246ed89dd5a5796eafc0a,da9cfbdf124143b78bec89393dd5287a,f59a3ee5387440d981754b6595e8664c,c24e3823376b436c8eb46eaeebbc7718,56272326c7e94e419ea8c69fb634f610,d9ac372330a4446886fa19bac0d19877,0bd1cce9370a461089e25393086800a8,cb32ec9a538a4c0f8462771946ced93b,14ca42308d3141fba50b774042144343,bb5c7d03a54647d08b8c62deeb803271,b3a022950e444682a113cec5a0537f6a
9a46e2903ca8474d9cb7fe93138049f0,da9cfbdf124143b78bec89393dd5287a,f59a3ee5387440d981754b6595e8664c,56272326c7e94e419ea8c69fb634f610,c24e3823376b436c8eb46eaeebbc7718,d9ac372330a4446886fa19bac0d19877,0bd1cce9370a461089e25393086800a8,a70909d3ce0d4235913b5ce6a138dcce,bb5c7d03a54647d08b8c62deeb803271,cb32ec9a538a4c0f8462771946ced93b,b425f33c33ad4be89a12da266d131a86
bfa6dfb11d9e42a98ba3ab87d5f2ffde,f59a3ee5387440d981754b6595e8664c,2c65a898314b42e6b2e93dca66fd15c2,c24e3823376b436c8eb46eaeebbc7718,56272326c7e94e419ea8c69fb634f610,1a0ac2d40cb04ca993e1db68d787728a,41047823f2cb4194ba1e0709443c719a,cb32ec9a538a4c0f8462771946ced93b,45f4192f485a49d9a75219ae4d0c41ee,d9ac372330a4446886fa19bac0d19877,0bd1cce9370a461089e25393086800a8
f677dfcf19e14a9faf24ac74066422c2,da9cfbdf124143b78bec89393dd5287a,2c65a898314b42e6b2e93dca66fd15c2,c24e3823376b436c8eb46eaeebbc7718,56272326c7e94e419ea8c69fb634f610,7f23e27e5652406784fdc2dea3918125,cb32ec9a538a4c0f8462771946ced93b,66f4c650b7ca48f1bc27f9daff8d312a,ee7c00877ae64dac87123a3d75251530,0228b1e9e3244da3a727930123ba7bda,1393dac7d34b4c34b1a8091a5bea3663
98fd88d0387e44c3950f7955f062c9b3,d37bf09399d848df9a4d880fb097239c,b01fd4d037a84a7aa777e1fc345c73c5,93bf0b86be094f68a9d308ca5ecfb4e3,7879fa4d4db046a2a8d195311b6e5789,00614d60b3544ba790dfd23dd53992e0,86179aff3df24ff59b11e9a34974a3f4,bb84a4cf60c84a8d8e23276b1863d293,b64cef9df31c4e92a7b7ecd42f74f396,716a15d66b63424a8068da89e75733b4,a8904adcdd21495f890bc614bfdbf86f
90efefd1c3314a96b5fd32625e55a054,93bf0b86be094f68a9d308ca5ecfb4e3,b2b22c673e554db39c8acdbe42687a6d,1d93c07de74c482ebf0a76ec564c3252,1c6bbf19b3d2498696a5baf0f53a0f18,887e323cc38f4cf8adc5970617f1c286,50aa0f56e00d4c23ac78b3e63bc0f0e1,bb6ecabbce1b43d997d00d7acdc95193,d37bf09399d848df9a4d880fb097239c,db2466dc7da64ac5a2a21c20ace67856,bfd1d441da734aad88cfacdab3ee4059
b77b731d5a9c49139163f1fac2ed9337,93bf0b86be094f68a9d308ca5ecfb4e3,b2b22c673e554db39c8acdbe42687a6d,1d93c07de74c482ebf0a76ec564c3252,1c6bbf19b3d2498696a5baf0f53a0f18,887e323cc38f4cf8adc5970617f1c286,50aa0f56e00d4c23ac78b3e63bc0f0e1,d37bf09399d848df9a4d880fb097239c,bb6ecabbce1b43d997d00d7acdc95193,bfd1d441da734aad88cfacdab3ee4059,db2466dc7da64ac5a2a21c20ace67856
dd2de907048e4d1ba625a54ad1bdeb2a,761a3a01495143f0a86beac4234cae3a,07d869789eda4445a1ecfe59c331db0d,93bf0b86be094f68a9d308ca5ecfb4e3,b01fd4d037a84a7aa777e1fc345c73c5,ee337b5c1ef3431e9c120250bfec4cac,5e199f7727cc4910ad88dbd81ed1ec82,716a15d66b63424a8068da89e75733b4,00614d60b3544ba790dfd23dd53992e0,8c5f38853679436ba434b6a696e43168,af648fa7ac6c4c50a246de470329cd83
b1494352b57f4f809fbe88f8f61ab247,75bf181ea5dc490e95d364a5f5c7af1d,4c67cc7a1ccc496db132636e3f4853a2,ae3f42d57b3046a3821026173286a43e,be9e713988ba4bbba869885cad419259,556743bab70d4b75bafcf192fef95b16,f4b7e6e902e344859cb041126b69ce3c,415641aa43724ed9bc4710302b77edc3,e5a3c8867e44498d9182e8be934e0fce,673aee19895b4d339ada93213d8874ac,74de04f31db94a99b757685c91779412
841cacf592b14de2bc2fcdaf4995bf39,11e9586d6c7a443c8025278f8ef53b6d,ae3f42d57b3046a3821026173286a43e,4c67cc7a1ccc496db132636e3f4853a2,8c7c9eaae41a44a3a4ebe39ce167d300,be9e713988ba4bbba869885cad419259,a4af9472683c4df0a86f9400c99c2b61,556743bab70d4b75bafcf192fef95b16,fc70a4c2c4834e0eba1a14470f563b03,e5a3c8867e44498d9182e8be934e0fce,2f0401170d104b47b0a8f087f69dee88
a8c2576da05048d4a652ebaf10c7447d,2939ef012c5c4a1b94b49df9469dfb3c,41047823f2cb4194ba1e0709443c719a,6f8d80f8673144dfa7a4e09190442ab3,5cf392f15360460bae6a6b0182bb99b9,e4fcd30261804b089efa940359057ba2,54e9bbd0093947a3bda5fef48ef7493d,21eb9f06dd834a108d816efdf3aca8dc,e5a3c8867e44498d9182e8be934e0fce,f5a9583711fc4ff4a46e85c24886b234,c4e79c8992e54866b0c6f26c55b1a774
4237232296b841bd8be058dc85f807b1,6f8d80f8673144dfa7a4e09190442ab3,2939ef012c5c4a1b94b49df9469dfb3c,41047823f2cb4194ba1e0709443c719a,5cf392f15360460bae6a6b0182bb99b9,54e9bbd0093947a3bda5fef48ef7493d,e4fcd30261804b089efa940359057ba2,21eb9f06dd834a108d816efdf3aca8dc,e5a3c8867e44498d9182e8be934e0fce,c4e79c8992e54866b0c6f26c55b1a774,d9b70c4ed8bb4fc5957ecebf102528ee
9c8f594f127f4823807c7d9a40bc9547,1578afd6ce694d46ab6e24f965f51fd6,9dd98c9126c44642a20711729f2e731e,d7c9dafddaf547159d366dacf7b68a7e,8a9dc60359ba49cd8ac170cfb4ac3913,b8da01ceddcb45a491a288ddbc658e90,e4fcd30261804b089efa940359057ba2,c24e3823376b436c8eb46eaeebbc7718,b0d2e6c4b2384950b3696c4414870282,27a67d3e76814297aebf64e03d14c336,f59a3ee5387440d981754b6595e8664c
e0f3fe21dd04463787d620860a0ec6a2,1578afd6ce694d46ab6e24f965f51fd6,9dd98c9126c44642a20711729f2e731e,8a9dc60359ba49cd8ac170cfb4ac3913,d7c9dafddaf547159d366dacf7b68a7e,b8da01ceddcb45a491a288ddbc658e90,b0d2e6c4b2384950b3696c4414870282,c24e3823376b436c8eb46eaeebbc7718,c4e79c8992e54866b0c6f26c55b1a774,e4fcd30261804b089efa940359057ba2,b00b2395b49949508fade89bb3eac98b
26a7ded48a0842c28c407984aa614b3c,feb980ae999948ce9be0266b4ddc048d,b277101390e1465685ef79bf3519f8d7,0accd1d0138b49049d437c0d9b1c23c3,d658e3a743af41899183fecff6b2628d,590df34aa41f46e9ad13ffc6a98da3b7,7fe9e665bf41491c9788941aa2894a10,db620271348d404a9a0b978d96c63f29,4926607aafe749538c930e108275547e,9ffa09a2b9bd4da0ba98fc537ca68802,b0d2e6c4b2384950b3696c4414870282
95e4e242519d4cd9bae0a574d881fa7b,feb980ae999948ce9be0266b4ddc048d,0accd1d0138b49049d437c0d9b1c23c3,b277101390e1465685ef79bf3519f8d7,590df34aa41f46e9ad13ffc6a98da3b7,9ffa09a2b9bd4da0ba98fc537ca68802,ff171f0b29974f78b0e81fee30abdd38,d658e3a743af41899183fecff6b2628d,b0d2e6c4b2384950b3696c4414870282,db620271348d404a9a0b978d96c63f29,4926607aafe749538c930e108275547e
e8f5726fe08646aab29fd6e5202c7f88,c713a0ca69864ee7b240069c98dc44dc,b0d2e6c4b2384950b3696c4414870282,f4474150010f4021a4620372062f3797,8228c9eb29a542ba98c8b9b854eadaa4,570f08ce2a1a47978eab16bf7ad16a68,724a3f6551e74ad585bdeac9a75fd639,0f52f676197e4d4e92dec0a7bc4c4f7d,b585a2970e9f421da236241f603883f2,514537782f6549c488a1b932939b4128,e834bfbd30b247e899f0dc029ab9f072
3bdf75b6d56a422d94e6c850d515d3ed,c713a0ca69864ee7b240069c98dc44dc,f4474150010f4021a4620372062f3797,29088685e31a4d86b60b514e98117361,724a3f6551e74ad585bdeac9a75fd639,570f08ce2a1a47978eab16bf7ad16a68,0f52f676197e4d4e92dec0a7bc4c4f7d,8228c9eb29a542ba98c8b9b854eadaa4,b585a2970e9f421da236241f603883f2,e96fae6d607246b18b8494aabe521036,514537782f6549c488a1b932939b4128
978f36c5e8ff41efa416cf6c32ca240e,8746ae2ca7514699b629b4d9b5fe95a7,a0408a6462b24cf18e50a8616359d5ad,408ae6a767874fc782467ec2f054ad15,3e59b61eb70146308db2308b988b54cf,70aa10580bfe4069bdaa5721ae2d29db,ef8c056ecb524439a48c881089537951,cb75c6ef71cb4991805920f2894e0e96,655a618282cd4fa39a26f0967c033f4b,fa190e42ce5a47c99bcaa76138dbc615,feb980ae999948ce9be0266b4ddc048d
57add4e71a1c4202a2502065ae10d002,701ac1447f5a414e81156a56c3593a31,342aaa81ed004635bbf9cbc2592cd7b6,2b039224b54142d185a406b31fe01de2,7ab9086baf99475d8c93862a7dd36344,e4fcd30261804b089efa940359057ba2,f879b316413f45d2b64bb25e3f45a667,563043f180e54e238ad4876974e5db4c,8b4e9e3d234e4eec99a7651e246bbfa3,0cc5015848a044b59fa4b290813f859c,d9b70c4ed8bb4fc5957ecebf102528ee
9509c30cb1bb48f38a20b700b4c3456e,2b039224b54142d185a406b31fe01de2,342aaa81ed004635bbf9cbc2592cd7b6,3e6a4b65a1004c08a6f3f570cf986c2f,701ac1447f5a414e81156a56c3593a31,7d6122daabe442ffb5e57ece1882e714,f5d09519cf7647f8a107cd8fadd322e5,5760084aabef4d8095b2d21902151f64,e834bfbd30b247e899f0dc029ab9f072,3c1b91a23b694da1973dbc5f75f2f3ed,b0d2e6c4b2384950b3696c4414870282
e25640a5cf1a493db2690655a45676b5,2b039224b54142d185a406b31fe01de2,342aaa81ed004635bbf9cbc2592cd7b6,701ac1447f5a414e81156a56c3593a31,3e6a4b65a1004c08a6f3f570cf986c2f,e834bfbd30b247e899f0dc029ab9f072,7d6122daabe442ffb5e57ece1882e714,9ffa09a2b9bd4da0ba98fc537ca68802,f5d09519cf7647f8a107cd8fadd322e5,5760084aabef4d8095b2d21902151f64,3c1b91a23b694da1973dbc5f75f2f3ed
ce1ecc1569cc4b1ca2945be90a005698,701ac1447f5a414e81156a56c3593a31,342aaa81ed004635bbf9cbc2592cd7b6,e4fcd30261804b089efa940359057ba2,f879b316413f45d2b64bb25e3f45a667,2b039224b54142d185a406b31fe01de2,563043f180e54e238ad4876974e5db4c,7ab9086baf99475d8c93862a7dd36344,6fc7a2cf0684475a82f6ff9be2c8e850,cd764fbfae774d068af7549c648a02c9,f69bf682935e47e1b4c72d237becd13a
0c0b0a3a57ae44f5bc9a682ecdf7017e,44f41e6e6faa4facb0bb9a72205229f8,5f65785004054c67a618fe43b6a30f56,82d68ea370f8451aa16ea08f4601245c,039a871609044cb1b69f70c082fe61d8,6d3b4c95066e4dd8a6ad1c66b1c1ea4f,f69855cdf66d4f6887ecfd0ddb9014b5,be70e49b76c24527b4fddfb6b78b6d8d,39e2b00e1cbd471488cf56f31d2cec7f,35c5a560ecdc4d6a9d20f057ed1fa0e6,5455e62f52ae4e03b2a5d0e8b9899506
60de40f69385488097a1e4a1e36a7e71,44f41e6e6faa4facb0bb9a72205229f8,5f65785004054c67a618fe43b6a30f56,82d68ea370f8451aa16ea08f4601245c,039a871609044cb1b69f70c082fe61d8,6d3b4c95066e4dd8a6ad1c66b1c1ea4f,f69855cdf66d4f6887ecfd0ddb9014b5,be70e49b76c24527b4fddfb6b78b6d8d,39e2b00e1cbd471488cf56f31d2cec7f,5455e62f52ae4e03b2a5d0e8b9899506,35c5a560ecdc4d6a9d20f057ed1fa0e6
e24bf2d26b3447a0a1cabfedc1474778,ad3d372fbf054ea1ad06cfcb7490df4b,5f65785004054c67a618fe43b6a30f56,82d68ea370f8451aa16ea08f4601245c,39e2b00e1cbd471488cf56f31d2cec7f,6d3b4c95066e4dd8a6ad1c66b1c1ea4f,3675c688960a4f3b9f82c4ccf4049e93,199647bd1328406c83c5a875154f97d9,c3a741d302d94ee294bb6e4090fd2da9,039a871609044cb1b69f70c082fe61d8,097f2ce3b88c4d008488b9908076497e
26e498e22958483fb8c239d967efe176,5f65785004054c67a618fe43b6a30f56,ad3d372fbf054ea1ad06cfcb7490df4b,44f41e6e6faa4facb0bb9a72205229f8,82d68ea370f8451aa16ea08f4601245c,6d3b4c95066e4dd8a6ad1c66b1c1ea4f,39e2b00e1cbd471488cf56f31d2cec7f,199647bd1328406c83c5a875154f97d9,097f2ce3b88c4d008488b9908076497e,be70e49b76c24527b4fddfb6b78b6d8d,26869cc099c44c4a86f6043476ab4890
0e5860811dd84425862213b698237538,ad3d372fbf054ea1ad06cfcb7490df4b,5f65785004054c67a618fe43b6a30f56,82d68ea370f8451aa16ea08f4601245c,39e2b00e1cbd471488cf56f31d2cec7f,199647bd1328406c83c5a875154f97d9,6d3b4c95066e4dd8a6ad1c66b1c1ea4f,c3a741d302d94ee294bb6e4090fd2da9,3675c688960a4f3b9f82c4ccf4049e93,039a871609044cb1b69f70c082fe61d8,097f2ce3b88c4d008488b9908076497e
